<?xml version="1.0" encoding="UTF-8"?>
<!-- <!DOCTYPE tree SYSTEM "tree.dtd"> -->

<tree>
 <folder type="LocalRootFolder" uid="100" >
  <property name="Local Folders" accessrights="system" subfolder="true" />
  
  <folder type="MBOXFolder" uid="101">
   <property name="Inbox" accessrights="system" subfolder="true" />
   <filterlist>
    <filter description="new filter" enabled="true">
     <rules condition="matchall">
	  <criteria type="Subject" headerfield="Subject" criteria="contains" pattern="pattern" />
	 </rules>
	 <actionlist>
	  <action type="Mark as Read" />
	 </actionlist>
    </filter>
   </filterlist>
   <folder type="VirtualFolder" uid="110">
    <property name="Recent Messages" accessrights="user" subfolder="true" include_subfolders="true" source_uid="101" />	
    <filter>
     <rules condition="matchall">
	  <criteria type="Flags" criteria="is" pattern="Recent" />
	 </rules>
    </filter>
   </folder>
   
   <folder type="VirtualFolder" uid="111">
    <property name="Subject contains Columba" accessrights="user" subfolder="true" include_subfolders="true" source_uid="101" />
 	<filter>
	 <rules condition="matchall">
	  <criteria type="Subject" headerfield="Subject" criteria="contains" pattern="Columba" />
	 </rules>
	</filter>
   </folder>
   
   <folder type="VirtualFolder" uid="112">
    <property name="Change me!" accessrights="user" subfolder="true" include_subfolders="true" source_uid="101" />
 	<filter>
	 <rules condition="matchall">
	  <criteria type="Subject" headerfield="Subject" criteria="contains" pattern="Change Me!" />
	 </rules>
	</filter>
   </folder>
    
  </folder> <!-- inbox -->
  
  <folder type="MBOXFolder" uid="102">
   <property name="Drafts" accessrights="system" subfolder="true" />
   <filterlist/>
  </folder>
  
  <folder type="MBOXFolder" uid="107">
   <property name="Templates" accessrights="system" subfolder="true" />
   <filterlist/>
  </folder>
  
  <folder type="OutboxFolder" uid="103">
   <property name="Outbox" accessrights="system" subfolder="true" />
   <filterlist/>
  </folder>
  
  <folder type="MBOXFolder" uid="104">
   <property name="Sent" accessrights="system" subfolder="true" />
   <filterlist/>
  </folder>
  
  <folder type="MBOXFolder" uid="105">
   <property name="Trash" accessrights="system" subfolder="true" />
   <filterlist/>
  </folder>
  
  <folder type="VirtualFolder" uid="106">
    <property name="Search Result" accessrights="system" subfolder="true" include_subfolders="true" source_uid="101" />
	<filter>
	 <rules condition="matchall">
	  <criteria type="Subject" headerfield="Subject" criteria="contains" pattern="pattern" />
	 </rules>
	</filter>
  </folder>
   
 </folder> <!-- local folders -->
  
</tree>







