108|0|0|Y|2006-05-03 14:26:20|100|2006-05-03 14:26:20|100|W:\images\applemac.jpg|W:\images\applemac.jpg||D||b2eac585-0475-d0ff-9f97-1915fa8568f8
100|0|0|Y|2005-02-09 22:01:22|100|2005-02-09 22:01:22|100|BPartner|/org/compiere/images/BPartner16.gif||D||cdaf0064-033f-d1aa-e249-82716f64200b
101|0|0|Y|2005-02-09 22:04:34|100|2005-02-09 22:04:34|100|Archive|/org/compiere/images/Archive16.gif||D||82a6f553-6f02-5ed6-6530-5940c19328ce
102|0|0|Y|2005-02-09 22:07:24|100|2005-02-09 22:07:24|100|Account|/org/compiere/images/Account16.gif||D||094c3c5b-2296-60e5-43c0-ba188b2d31ab
103|0|0|Y|2005-02-09 22:11:50|100|2005-02-09 22:11:50|100|Product|/org/compiere/images/Product16.gif||D||1e815bd9-b31b-f458-30bd-2cb13647fc62
104|0|0|Y|2005-02-09 22:15:22|100|2005-02-09 22:15:22|100|WorkFlow|/org/compiere/images/WorkFlow16.gif||D||e8f2a744-4e20-c452-c80a-35d7c437ccdd
105|0|0|Y|2005-02-09 22:17:29|100|2005-02-09 22:17:29|100|Request|/org/compiere/images/Request16.gif||D||50d2f4a7-a657-9b10-f646-61eb502959b0
106|0|0|Y|2005-02-09 22:24:54|100|2005-02-09 22:25:17|100|Payment|/org/compiere/images/Payment16.gif||D||74371607-49bc-bc0e-9ac2-0a13a195e383
107|0|0|Y|2005-02-09 22:26:57|100|2005-02-09 22:26:57|100|GetMail|/org/compiere/images/GetMail16.gif||D||cd01956c-57ad-87f3-3fea-075cb8116275
1000001|0|0|Y|2012-03-17 10:34:52|100|2012-03-17 10:34:52|100|ss|||U||86d02668-7218-7980-1bc2-35a0adcd10da
