100|0|0|Y|2002-07-11 22:12:17|0|2000-01-02 00:00:00|0|Standard|N|.|89979b2b-62fd-6110-5f85-16ed765a983c
101|0|0|Y|2002-07-24 16:20:55|0|2000-01-02 00:00:00|0|Dialog bold 13|N|dialog-BOLD-13|71b4b83b-aba2-c6ad-e097-78f5f83edc26
102|0|0|Y|2002-07-24 16:20:55|0|2000-01-02 00:00:00|0|Dialog 11|N|dialog-PLAIN-11|4cc7c824-0a75-182a-55fe-a7a250c336e2
103|0|0|Y|2002-07-24 16:20:55|0|2000-01-02 00:00:00|0|Dialog bold 11|N|dialog-BOLD-11|008310a1-0622-2351-c5c1-47c4c59fdb7e
104|0|0|Y|2002-07-24 16:20:55|0|2000-01-02 00:00:00|0|Dialog italic 11|N|dialog-ITALIC-11|e9d9e94b-fa00-6da3-798b-07f49c54cb8e
105|0|0|Y|2002-07-24 16:20:55|0|2000-01-02 00:00:00|0|Dialog 8|N|dialog-PLAIN-8|5730052c-613a-7df3-8115-e00d9d471658
106|0|0|Y|2002-07-24 16:20:55|0|2000-01-02 00:00:00|0|Dialog bold 8|N|dialog-BOLD-8|0afbf61f-e22f-d0d7-559e-49f66ce06bf3
107|0|0|Y|2002-07-24 16:20:56|0|2000-01-02 00:00:00|0|Dialog italic 8|N|dialog-ITALIC-8|dd03e48e-1ced-bcbb-0cf2-7baddea1b48b
108|0|0|Y|2002-07-24 16:20:56|0|2000-01-02 00:00:00|0|DialogInput bold 13|N|dialoginput-BOLD-13|171fcd5d-9d9c-6d0c-e398-c25702f36e15
109|0|0|Y|2002-07-24 16:20:56|0|2000-01-02 00:00:00|0|DialogInput 11|N|dialoginput-PLAIN-11|04252a5f-76ec-ceeb-ea40-eaca37f19020
110|0|0|Y|2002-07-24 16:20:56|0|2000-01-02 00:00:00|0|DialogInput bold 11|N|dialoginput-BOLD-11|3191eef6-b099-b2ee-32ea-03c0b01041ef
111|0|0|Y|2002-07-24 16:20:56|0|2000-01-02 00:00:00|0|DialogInput italic 11|N|dialoginput-ITALIC-11|d16c5e8a-b4fb-7f1b-52fd-2aacd7c72fa4
112|0|0|Y|2002-07-24 16:20:56|0|2000-01-02 00:00:00|0|DialogInput 8|N|dialoginput-PLAIN-8|b468fc6f-c482-7ed6-bdbe-9f8bf2ae69ee
113|0|0|Y|2002-07-24 16:20:56|0|2000-01-02 00:00:00|0|DialogInput bold 8|N|dialoginput-BOLD-8|411a5e87-a2a2-15ff-fe28-19aa45f26360
114|0|0|Y|2002-07-24 16:20:56|0|2000-01-02 00:00:00|0|DialogInput italic 8|N|dialoginput-ITALIC-8|46296a47-23dd-693f-5711-7cc423161af3
115|0|0|Y|2002-07-24 16:20:56|0|2000-01-02 00:00:00|0|Monospaced bold 13|N|monospaced-BOLD-13|cdde78e8-4c4c-6755-cabe-77f07a96e9a3
116|0|0|Y|2002-07-24 16:20:56|0|2000-01-02 00:00:00|0|Monospaced 11|N|monospaced-PLAIN-11|b0723863-38f4-45e3-7c96-456b3560364d
117|0|0|Y|2002-07-24 16:20:56|0|2000-01-02 00:00:00|0|Monospaced bold 11|N|monospaced-BOLD-11|b845d50e-a798-f320-6ce0-9d8eddb3e033
118|0|0|Y|2002-07-24 16:20:56|0|2000-01-02 00:00:00|0|Monospaced italic 11|N|monospaced-ITALIC-11|d48e8b06-1df1-5d78-fa81-dd251f82d3d6
119|0|0|Y|2002-07-24 16:20:56|0|2000-01-02 00:00:00|0|Monospaced 8|N|monospaced-PLAIN-8|ad6c373d-7a32-9273-db77-66190670159c
120|0|0|Y|2002-07-24 16:20:56|0|2000-01-02 00:00:00|0|Monospaced bold 8|N|monospaced-BOLD-8|1718e28b-ab44-0db5-89db-59e972e4de01
121|0|0|Y|2002-07-24 16:20:56|0|2000-01-02 00:00:00|0|Monospaced italic 8|N|monospaced-ITALIC-8|37c62dd9-c3b9-1c37-82f5-a3abeb088806
122|0|0|Y|2002-07-24 16:20:56|0|2000-01-02 00:00:00|0|Serif bold 13|N|serif-BOLD-13|81f7e11a-6e91-bce4-28df-2f4d1acc8e0c
123|0|0|Y|2002-07-24 16:20:56|0|2000-01-02 00:00:00|0|Serif 11|N|serif-PLAIN-11|c89486cc-5cb7-206f-7d81-9e8238871f23
124|0|0|Y|2002-07-24 16:20:57|0|2000-01-02 00:00:00|0|Serif bold 11|N|serif-BOLD-11|365ab044-bdd3-af3e-0fc8-86a8dc30dbcb
125|0|0|Y|2002-07-24 16:20:57|0|2000-01-02 00:00:00|0|Serif italic 11|N|serif-ITALIC-11|68428bae-e340-95dc-c641-4844e35e002d
126|0|0|Y|2002-07-24 16:20:57|0|2000-01-02 00:00:00|0|Serif 8|N|serif-PLAIN-8|b8aaf2db-710b-8c47-45d9-f70bcb014a5f
127|0|0|Y|2002-07-24 16:20:57|0|2000-01-02 00:00:00|0|Serif bold 8|N|serif-BOLD-8|192e264f-4516-8b21-3bf5-4c17ca38674a
128|0|0|Y|2002-07-24 16:20:57|0|2000-01-02 00:00:00|0|Serif italic 8|N|serif-ITALIC-8|d886c0a6-9d35-670d-a24e-1919f27ca645
129|0|0|Y|2002-07-24 16:20:57|0|2000-01-02 00:00:00|0|SansSerif bold 13|N|sansserif-BOLD-13|3893be91-7b1c-5111-8078-cdd44c55f5c2
130|0|0|Y|2002-07-24 16:20:57|0|2000-01-02 00:00:00|0|SansSerif 11|Y|sansserif-PLAIN-11|8fc5d16b-935d-0ed4-d39a-e51d13f6e7c3
131|0|0|Y|2002-07-24 16:20:57|0|2000-01-02 00:00:00|0|SansSerif bold 11|N|sansserif-BOLD-11|1217dffb-2d95-d45c-c22d-5470c18fa171
132|0|0|Y|2002-07-24 16:20:57|0|2000-01-02 00:00:00|0|SansSerif italic 11|N|sansserif-ITALIC-11|992ce228-2aa3-6617-7c3b-4645a5ae9cdd
133|0|0|Y|2002-07-24 16:20:57|0|2000-01-02 00:00:00|0|SansSerif 8|N|sansserif-PLAIN-8|24c0252a-4180-48ac-7011-608c3933d53c
134|0|0|Y|2002-07-24 16:20:57|0|2000-01-02 00:00:00|0|SansSerif bold 8|N|sansserif-BOLD-8|be752c38-6331-00fd-8164-d4bf2978eef7
135|0|0|Y|2002-07-24 16:20:57|0|2000-01-02 00:00:00|0|SansSerif italic 8|N|sansserif-ITALIC-8|dce0855b-54b2-4c8b-f377-7732cc862693
136|0|0|Y|2002-08-04 20:52:34|0|2000-01-02 00:00:00|0|Dialog 10|N|dialog-PLAIN-10|52b87ae0-a032-9507-58c6-42e021fe5a15
137|0|0|Y|2002-08-04 20:52:34|0|2000-01-02 00:00:00|0|Dialog bold 10|N|dialog-BOLD-10|174b073d-cd64-79f0-ac99-2473a8180c02
138|0|0|Y|2002-08-04 20:52:34|0|2000-01-02 00:00:00|0|Dialog italic 10|N|dialog-ITALIC-10|0ef14731-13b4-e81a-19d2-7a3057e590db
139|0|0|Y|2002-08-04 20:52:34|0|2000-01-02 00:00:00|0|Dialog 9|N|dialog-PLAIN-9|41daddab-0a53-dd70-eee4-01aaade6a0fa
140|0|0|Y|2002-08-04 20:52:34|0|2000-01-02 00:00:00|0|Dialog bold 9|N|dialog-BOLD-9|1d49d78b-3fe8-c81e-8581-db925b1fd685
141|0|0|Y|2002-08-04 20:52:34|0|2000-01-02 00:00:00|0|Dialog italic 9|N|dialog-ITALIC-9|8583349c-9e4a-5756-0db8-a4485b28de1b
142|0|0|Y|2002-08-04 20:52:34|0|2000-01-02 00:00:00|0|DialogInput 10|N|dialoginput-PLAIN-10|4efbc07b-463b-afb4-2241-8566b3f77bdd
143|0|0|Y|2002-08-04 20:52:34|0|2000-01-02 00:00:00|0|DialogInput bold 10|N|dialoginput-BOLD-10|e97aa005-b15a-1505-8955-d4f7b288888b
144|0|0|Y|2002-08-04 20:52:35|0|2000-01-02 00:00:00|0|DialogInput italic 10|N|dialoginput-ITALIC-10|1778b045-3767-4072-805a-d41bfeead7e1
145|0|0|Y|2002-08-04 20:52:35|0|2000-01-02 00:00:00|0|DialogInput 9|N|dialoginput-PLAIN-9|465941d2-306d-2d01-c45a-1445001ba1a5
146|0|0|Y|2002-08-04 20:52:35|0|2000-01-02 00:00:00|0|DialogInput bold 9|N|dialoginput-BOLD-9|ca09e6ed-594a-028c-be04-cf87022ccf99
147|0|0|Y|2002-08-04 20:52:35|0|2000-01-02 00:00:00|0|DialogInput italic 9|N|dialoginput-ITALIC-9|11fb5214-af26-1408-6281-52299721b41e
148|0|0|Y|2002-08-04 20:52:35|0|2000-01-02 00:00:00|0|Monospaced 10|N|monospaced-PLAIN-10|61c3fe94-4ccc-0f0c-39f0-be0adbdd2bfa
149|0|0|Y|2002-08-04 20:52:35|0|2000-01-02 00:00:00|0|Monospaced bold 10|N|monospaced-BOLD-10|c356a9a7-de7b-122a-53f2-4db3fc1d675f
150|0|0|Y|2002-08-04 20:52:35|0|2000-01-02 00:00:00|0|Monospaced italic 10|N|monospaced-ITALIC-10|f501b0ff-0690-9bf3-3212-6c7dd7180f26
151|0|0|Y|2002-08-04 20:52:35|0|2000-01-02 00:00:00|0|Monospaced 9|N|monospaced-PLAIN-9|94b94250-35f8-f9ca-9e0a-938d300b809e
152|0|0|Y|2002-08-04 20:52:35|0|2000-01-02 00:00:00|0|Monospaced bold 9|N|monospaced-BOLD-9|34b1d3bb-a615-4b4a-6886-2b126071faa7
153|0|0|Y|2002-08-04 20:52:35|0|2000-01-02 00:00:00|0|Monospaced italic 9|N|monospaced-ITALIC-9|16b209f5-cb78-53be-7e85-42bb8fd47c32
154|0|0|Y|2002-08-04 20:52:35|0|2000-01-02 00:00:00|0|Serif 10|N|serif-PLAIN-10|19b84ff7-87f2-93cd-ba2f-84e94c289691
155|0|0|Y|2002-08-04 20:52:35|0|2000-01-02 00:00:00|0|Serif bold 10|N|serif-BOLD-10|10935b7d-6bfe-d583-d58c-24631833b91f
156|0|0|Y|2002-08-04 20:52:35|0|2000-01-02 00:00:00|0|Serif italic 10|N|serif-ITALIC-10|c6d11e47-ee3e-7393-2bd9-1916c2f462e3
157|0|0|Y|2002-08-04 20:52:35|0|2000-01-02 00:00:00|0|Serif 9|N|serif-PLAIN-9|941d0fdf-adb3-0b47-906f-bd06e57595eb
158|0|0|Y|2002-08-04 20:52:35|0|2000-01-02 00:00:00|0|Serif bold 9|N|serif-BOLD-9|3c87e5dc-8b75-c992-8c1c-abb9d11763f2
159|0|0|Y|2002-08-04 20:52:36|0|2000-01-02 00:00:00|0|Serif italic 9|N|serif-ITALIC-9|92ad09ef-5948-a933-4e17-6751a3b7c673
160|0|0|Y|2002-08-04 20:52:36|0|2000-01-02 00:00:00|0|SansSerif 10|N|sansserif-PLAIN-10|4feda8f2-464d-4692-d77c-f4fa232cc305
161|0|0|Y|2002-08-04 20:52:36|0|2000-01-02 00:00:00|0|SansSerif bold 10|N|sansserif-BOLD-10|7b0ead2c-b5d3-e828-1bf1-be60c527b059
162|0|0|Y|2002-08-04 20:52:36|0|2000-01-02 00:00:00|0|SansSerif italic 10|N|sansserif-ITALIC-10|b5ae3d01-ff1c-4173-98cf-3c03fe4f3a00
163|0|0|Y|2002-08-04 20:52:36|0|2000-01-02 00:00:00|0|SansSerif 9|N|sansserif-PLAIN-9|1a150788-980e-ddeb-6238-a907f7d563cc
164|0|0|Y|2002-08-04 20:52:36|0|2000-01-02 00:00:00|0|SansSerif bold 9|N|sansserif-BOLD-9|531d8c43-0453-f312-f851-a94f99fbd9cd
165|0|0|Y|2002-08-04 20:52:36|0|2000-01-02 00:00:00|0|SansSerif italic 9|N|sansserif-ITALIC-9|461fb42b-acf3-8d5e-5e5a-8b019186ce70
1000001|0|0|Y|2007-08-07 10:48:14|100|2007-08-07 10:48:14|100|SansSerif 6|N|sansserif-PLAIN-6|5e4dbffa-210c-ecbf-968c-e61606e4430c
