111|0|0|Y|1999-06-11 00:00:00|0|2015-05-05 18:25:44|0|Role|Maintain User Responsibilities|"The Role Window allows you to define the different roles that users of this system will have.  Roles control access to windows, tasks, reports, etc. For a client an Administrator and User role are predefined. You may add additional roles to control access for specific functionality or data.
You can add users to the role.
Note that access information is cached and requires re-login or reset of cache."|M|Y|D|N|||N|||N|6341ac38-b536-eb1d-f7aa-89d20601b434|2012-03-17 18:47:08
114|0|0|Y|1999-06-11 00:00:00|0|2015-05-05 18:25:45|0|Task|Maintain Tasks|The Maintain Tasks window defines the different tasks used in workflows and the access level for those tasks.|M|Y|D|N|||N|||N|99f7c032-e7ea-1199-f548-822f722e43be|2012-03-17 18:47:08
115|0|0|Y|1999-06-11 00:00:00|0|2015-05-05 18:25:45|0|Currency|Maintain Currencies|The Currency Window defines any currency which will be used in documents or reporting. You would define used currencies on System level and add currencies on Client level only for statistical currencies (e.g. for instable currencies) |M|Y|D|N|||N|||N|69518fbe-add4-e240-8d5a-c664ddd2ccd1|2012-03-17 18:47:08
141|0|0|Y|1999-08-09 00:00:00|0|2015-05-05 18:25:48|0|Payment Term|Maintain Payment Terms|The Payment Terms Window defines the different payment terms that you offer your customers and that are offered to you by your vendors.  Each invoice must contain a Payment Term.  On the standard invoice, the Name and the Document Note of the Payment Term is printed.|M|Y|D|N|||N|||N|176da775-8ea3-bf34-d8a9-178e4ce29d42|2012-03-17 18:47:08
328|0|0|Y|2004-04-17 11:11:08|0|2000-01-02 00:00:00|0|Forecast|Maintain Material Forecast|Material Forecast|M|Y|D|N|||N|||Y|06d44e37-f9cc-1106-262a-5b7b41954a21|2012-03-17 18:46:37.24
144|0|0|Y|1999-08-09 00:00:00|0|2015-05-05 18:25:48|0|Product Category|Maintain Product Categories|The Product Category allows you to define different groups of products.  These groups can be used in generating Price Lists, defining margins and for easily assigning different accounting parameters for products.|M|N|D|N|||N|||N|4e60880d-1a9c-ed56-dba9-3ba9d80c8b83|2012-03-17 18:47:08
137|0|0|Y|1999-08-09 00:00:00|0|2015-05-05 18:25:47|0|Tax Rate|Maintain Taxes and their Rates|The Tax Rate Window defines the different taxes used for each tax category.  For example, Sales Tax must be defined for each State in which it applies.|M|Y|D|N|||N|||N|738fa9ed-8c68-6bf1-79fe-8963640b6a8b|2012-03-17 18:47:08
236|0|0|Y|2002-06-15 22:20:43|0|2015-05-05 18:25:53|0|Resource|Maintain Resources|Maintain your Resources. The product for the resource is automatically created and synchronized. Update Name, Unit of Measure, etc. in the Resource and don't change it in the product.|M|Y|D|N|||N|||N|d64fba3f-bbf2-bd5b-1f70-0c9bcedb722a|2012-03-17 18:47:08
263|0|0|Y|2003-05-28 21:46:04|0|2005-07-25 12:34:40|100|Print Label|Print Label Format|Maintain Format to print Labels|M|Y|D|N|||N|||Y|f9dedcb3-64b8-9e14-5fb5-6cd892b7e3aa|2012-03-17 18:46:37.24
237|0|0|Y|2002-06-15 22:26:25|0|2015-05-05 18:25:53|0|Resource Type|Maintain Resource Types|Maintain Resource types and their principal availability.|M|Y|D|N|||N|||N|f64025bd-fe2b-130e-48ef-43a7fb763374|2012-03-17 18:47:08
331|0|0|Y|2004-05-16 20:58:04|0|2005-02-22 00:41:44|100|RMA Type|Return Material Authorization Type|Maintain the types of RMA|M|Y|D|N|||N|0|0|Y|5ada075a-0c39-e2ae-a880-054dfcd96cb5|2012-03-17 18:46:37.24
292|0|0|Y|2003-10-07 17:16:48|0|2000-01-02 00:00:00|0|Label Printer|Maintain Label Printer Definition||M|Y|D|N|||N|||Y|9965113b-8089-e90d-fddc-48811f50a74b|2012-03-17 18:46:37.24
351|0|0|Y|2005-05-15 01:54:15|100|2015-05-05 18:25:57|0|Position|Maintain Job Positions|Maintain internal (employee) or external positions|M|Y|D|N|||N|0|0|N|af07de27-ee33-4462-55ef-e93e806652ca|2012-03-17 18:47:08
138|0|0|Y|1999-08-09 00:00:00|0|2015-05-05 18:25:47|0|Tax Category|Maintain Tax Categories|The Tax Category Window is used to enter and maintain Tax Categories.  Each product is associated with a tax category which facilitates reacting changing tax rates.|M|Y|D|N|||N|||N|8e0e0cd7-287d-ef15-cd46-1def743ad2fe|2012-03-17 18:47:08
139|0|0|Y|1999-08-09 00:00:00|0|2015-05-05 18:25:47|0|Warehouse & Locators|Maintain Warehouses and Locators|The Warehouse and Locators Window defines each Warehouse, any Locators for that Warehouse and the Accounting parameters to be used for inventory in that Warehouse.|M|Y|D|N|||N|||N|46ccc992-68c0-cc7a-5da1-f15017ce2fce|2012-03-17 18:47:08
142|0|0|Y|1999-08-09 00:00:00|0|2015-05-05 18:25:48|0|Shipper|Maintain Shippers|The Shipper Window defines the different shipping provides used by an Organization.  When a delivery method of Shipper is used on an Order a predefined Shipper must be selected.|M|Y|D|N|||N|||N|46135d20-8666-538b-b7c0-1e7d07971ac3|2012-03-17 18:47:08
150|0|0|Y|1999-09-23 00:00:00|0|2015-05-05 18:25:48|0|Marketing Channel|Maintain Marketing  Channels|The Marketing Channel Window defines the different channels used in Marketing Campaigns|M|Y|D|N|||N|||N|c21068e9-ad16-773a-791b-5cb31b479a1a|2012-03-17 18:47:08
223|0|0|Y|2001-07-28 19:48:20|0|2015-05-05 18:25:52|0|Material Transactions (indirect use)|Material Transactions (indirect use)||Q|Y|D|N|||N|||N|201da08f-6c0d-3193-a918-cdf0702bd74c|2012-03-17 18:47:08
345|0|0|Y|2005-04-26 20:29:25|100|2015-05-05 18:25:57|0|Request Category|Maintain Request Category|Category or Topic of the Request |M|Y|D|N|||N|0|0|N|e9016b80-21a4-1781-85f4-03148c8c1976|2012-03-17 18:47:08
346|0|0|Y|2005-04-26 20:46:32|100|2015-05-05 18:25:57|0|Request Group|Maintain Request Group|Group of requests (e.g. version numbers, responsibility, ...)|M|Y|D|N|||N|0|0|N|48b04170-f7f3-e7b8-2750-b4787c524f8a|2012-03-17 18:47:08
347|0|0|Y|2005-04-26 20:48:01|100|2015-05-05 18:25:57|0|Request Resolution|Maintain Request Resolutions|Resolution status (e.g. Fixed, Rejected, ..)|M|Y|D|N|||N|0|0|N|f52d5f04-e984-2510-2215-f3498a31d58b|2012-03-17 18:47:08
348|0|0|Y|2005-04-26 20:49:05|100|2015-05-05 18:25:57|0|Request Standard Response|Maintain Request Standard Response |Text blocks to be copied into request response text|M|Y|D|N|||N|0|0|N|958a7813-237f-199e-c86a-dce566105f5e|2012-03-17 18:47:08
349|0|0|Y|2005-04-26 20:49:56|100|2015-05-05 18:25:57|0|Request Status|Maintain Request Status|Status if the request (open, closed, investigating, ..)|M|Y|D|N|||N|0|0|N|3f6b13dd-0a25-4d00-9f77-7570bb7d42a1|2012-03-17 18:47:08
352|0|0|Y|2005-05-15 02:08:06|100|2015-05-05 18:25:57|0|Position Category|Maintain Job Position Categories||M|Y|D|N|||N|0|0|N|8f3fd243-9415-d601-03e2-35db61709803|2012-03-17 18:47:08
358|0|0|Y|2005-09-12 14:49:42|100|2015-05-05 18:25:57|0|Attribute Set Instance|View Attribute Set Instance detail and use||Q|N|D|N|||N|0|0|N|bd7ab262-ffdb-76d6-f9af-ce93739d8ed8|2012-03-17 18:47:08
350|0|0|Y|2005-05-02 19:30:27|100|2015-05-05 18:25:57|0|Web Store|Define Web Store|Define the web store setup.  |M|Y|D|N|||N|0|0|N|786c7197-5b64-f3eb-5d2b-a3422ae70868|2012-03-17 18:47:08
153|0|0|Y|1999-09-26 00:00:00|0|2015-05-05 18:25:49|0|Account Combination|Maintain Valid Account Combinations |The Account Combination Window defines and displays valid account combinations. |Q|Y|D|N|||N|||N|ae676d3f-e042-d1ca-0efe-8c1b318a8f9a|2012-03-17 18:47:08
334|0|0|Y|2004-07-02 14:36:09|0|2015-05-05 18:25:57|0|Import Confirmations|Import Receipt/Shipment Confirmation Lines|Import Confirmation data of existing Receipt/Shipment Confirmations|M|Y|D|N|||N|0|0|N|edf3096e-5fc4-ff96-89b2-45793c434f0b|2012-03-17 18:47:08
186|0|0|N|2000-06-01 14:40:45|0|2005-02-22 00:44:13|100|EDI Transaction|||T|Y|D|N|||N|||Y|acfebec3-98c6-9441-ca9a-73cb2afaf512|2012-03-17 18:46:37.24
225|0|0|Y|2001-09-05 21:23:37|0|2005-02-22 00:40:17|100|System Color|Maintain System Colors|System colors are used for background and indicators|M|Y|D|N|||N|||Y|7c0c8145-1309-b1e0-6e51-17df228ab1b6|2012-03-17 18:46:37.24
175|0|0|Y|2000-01-25 10:23:08|0|2000-01-02 00:00:00|0|Perpetual Inventory|Maintain Perpetual Inventory Rules|The Perpetual Inventory defines the rules to be applied when generating Physical Inventory counts.|M|Y|D|N|||N|||Y|9ec8dcb8-6cbf-6031-be0e-28382265d9e2|2012-03-17 18:46:37.24
112|0|0|Y|1999-06-11 00:00:00|0|2015-05-05 18:25:44|0|Document Sequence|Maintain System and Document Sequences|"The Sequence Window defines how document numbers will be sequenced.
Change the way document numbers are generated. You may add a prefix or a suffix or change the current number."|M|Y|D|N|||N|||N|c20f0a4a-33e9-82a3-2cc2-3b602cd050d2|2012-03-17 18:47:08
116|0|0|Y|1999-06-11 00:00:00|0|2015-05-05 18:25:45|0|Currency Rate|Maintain Currency Conversion Rates|The Conversion Rates window is used to define the conversion rates that will be used when converting document amounts from one currency to another. Note that only the multiply rate is used; The divide rate is for visualization only.|M|Y|D|N|||N|||N|b6e8f4c8-93af-5b91-a6c0-4033bd82f2ac|2012-03-17 18:47:08
129|0|0|Y|1999-06-29 00:00:00|0|2015-05-05 18:25:46|0|Preference|Maintain System Client Org and User Preferences|System Admin use only.|M|Y|D|N|||N|||N|ea086987-4506-8038-3a10-770d149910b0|2012-03-17 18:47:08
147|0|0|Y|1999-08-09 00:00:00|0|2015-05-05 18:25:48|0|Invoice Schedule|Maintain Invoicing Schedule|The Invoice Schedule Window defines the frequency and cut off dates for generating summary invoices.  If a customer requires a single invoice for multiple shipments you would define the appropriate invoice schedule and associate it with the Customer.|M|Y|D|N|||N|||N|9d4cb53b-a08d-6979-3454-3db6a6453f60|2012-03-17 18:47:08
149|0|0|Y|1999-09-23 00:00:00|0|2015-05-05 18:25:48|0|Marketing Campaign|Maintain Marketing Campaigns|The Marketing Campaign Window defines the start and end date for a campaign.  It also gives a running balance of the invoice amounts which referred to this campaign.|M|Y|D|N|||N|||N|5fbd0093-6a0b-0961-2180-55573e4d502a|2012-03-17 18:47:08
253|0|0|Y|2003-01-23 01:10:53|0|2000-01-02 00:00:00|0|Training|Repeated Training|The training may have multiple actual classes|M|Y|D|N|||N|||Y|14c204f8-5dfb-ff0b-b3f7-8445e3bd66d5|2012-03-17 18:46:37.24
212|0|0|Y|2001-04-24 17:54:57|0|2015-05-05 18:25:52|0|Performance Goal|Define Performance Goals|The Performance Goal Window allows you to define performance goals or all, a role or a user|M|Y|D|N|||N|||N|862a0f62-314c-f80f-95c1-8aa84c5ab9f8|2012-03-17 18:47:08
266|0|0|Y|2003-05-28 22:25:58|0|2015-05-05 18:25:54|0|Recurring|Recurring Document|Create new documents based on existing one|M|Y|D|N|||N|||N|400d64df-d42c-2949-456f-60c46aeb68cd|2012-03-17 18:47:08
267|0|0|Y|2003-05-28 22:43:30|0|2015-05-05 18:25:54|0|Import Inventory|Import Inventory Transactions|Validate and Import Inventory Transactions|M|Y|D|N|||N|||N|61716ce1-58d7-3770-fcee-cd955a1025ff|2012-03-17 18:47:08
356|0|0|Y|2005-05-20 22:47:14|100|2005-05-20 23:06:21|100|Change Notice|Maintain (Engineering) Change Notice (Version)|Stand-alone change notice - Change notices could also be directly linked to BOMs|M|Y|D|N|||N|0|0|Y|8a10e84b-05cb-5640-2377-dbc3e3e24069|2012-03-17 18:46:37.24
231|0|0|Y|2001-09-05 22:13:18|0|2000-01-02 00:00:00|0|Workbench|Maintain Workbench|Workbenches are a collection of Windows|M|Y|D|N|||N|||Y|1dcff49a-d577-7b76-550b-57511d7e5935|2012-03-17 18:46:37.24
172|0|0|Y|1999-12-29 05:00:02|0|2015-05-05 18:25:50|0|Import Business Partner|Import Business Partner|The Import Business Partner Window is an interim table which is used when importing external data into the system.  Selecting the 'Process' button will either add or modify the appropriate records.|M|Y|D|N|||N|||N|4284ef94-db25-eaa3-d8c9-8a9342dc3999|2012-03-17 18:47:08
184|0|0|Y|2000-05-23 23:44:52|0|2015-05-05 18:25:50|0|Material Receipt|Vendor Shipments (Receipts)|The Vendor Shipment Window defines the receipt of product or material from a Vendor.  The Shipment may be manually entered or may be generated from a Purchase Order or Vendor Invoice.|T|N|D|N|||N|700|1050|N|6856bd55-6f78-c775-449b-ef4aa2d1e170|2012-03-17 18:47:08
228|0|0|Y|2001-09-05 21:54:50|0|2015-05-05 18:25:52|0|Matched Purchase Orders|View Matched Purchase Orders|View detals of matched purchase order lines to invoice lines and material receipt lines|T|N|D|N|||N|||N|22532ee9-817e-40b9-c3f0-1a6ed34148ee|2012-03-17 18:47:08
258|0|0|Y|2003-05-05 21:10:18|0|2015-05-05 18:25:54|0|Lot Control|Product Lot Control|Definition to create Lot numbers for Products|M|Y|D|N|||N|||N|8e36c673-4582-effe-d6a4-d690c65293bb|2012-03-17 18:47:08
259|0|0|Y|2003-05-05 21:13:49|0|2015-05-05 18:25:54|0|Serial No Control|Product Serial Number Control|Definition to create Serial numbers for Products|M|Y|D|N|||N|||N|15591a4b-721e-18c5-b207-d85d143f88e3|2012-03-17 18:47:08
260|0|0|Y|2003-05-06 15:07:15|0|2015-05-05 18:25:54|0|Attribute|Product Attribute|Product Attribute like Color, Size, etc.|M|Y|D|N|||N|||N|1b6bcb89-ad62-5249-c6bc-bf851e4e624f|2012-03-17 18:47:08
152|0|0|Y|1999-09-26 00:00:00|0|2015-05-05 18:25:49|0|Sales Region|Maintain Sales Regions|The Sales Region Window defines the different regions where you do business.  You can generate reports based on Sales Regions|M|Y|D|N|||N|||N|7d669032-8adb-e620-9961-f4730cab7f5d|2012-03-17 18:47:08
154|0|0|Y|1999-09-26 00:00:00|0|2015-05-05 18:25:49|0|GL Budget|Maintain General Ledger Budgets||M|Y|D|N|||N|||N|f3c1af71-5fcf-0f37-af9e-5defb4a6e9d1|2012-03-17 18:47:08
158|0|0|Y|1999-12-04 21:30:21|0|2015-05-05 18:25:49|0|Bank|Maintain Bank|The Bank Window is used to define the banks and accounts associated with an organization or business partner|M|Y|D|N|||N|||N|da35b881-e51f-c76d-0c58-a14a86f4a839|2012-03-17 18:47:08
162|0|0|Y|1999-12-04 21:49:37|0|2015-05-05 18:25:49|0|Accounting Fact Details|Query Accounting Facts|Query the detail accounting transactions|Q|Y|D|N|102||N|||N|cd0eec53-c775-6175-db5a-1f2c023ee94b|2012-03-17 18:47:08
167|0|0|Y|1999-12-19 21:29:22|0|2015-05-05 18:25:49|0|Invoice (Customer)|Customer Invoice Entry|The Customer Invoice Window allows you to display and enter invoices for a customer.  Invoices can also be generated from Sales Orders or Delivery documents.|T|Y|D|N|||N|||N|dc1a37c5-086c-c19e-c2ba-344555bfcf65|2012-03-17 18:47:08
183|0|0|Y|2000-05-23 23:38:01|0|2015-05-05 18:25:50|0|Invoice (Vendor)|Vendor Invoice Entry|The Vendor Invoice Window allows you to display and enter Invoices from a Vendor.  Vendor Invoices can also be generated from Purchase Orders or Delivery Receipts.|T|N|D|N|||N|||N|f7b55b8d-31bd-29ee-4626-2d3ad620dccb|2012-03-17 18:47:08
210|0|0|Y|2001-03-31 11:50:27|0|2015-05-05 18:25:52|0|Commission Run|Check and modify Commissions|The Commission Run Window displays the results of processing commissions.  When the Generate Commission process is selected from the Commissions Window, the results are displayed here. If the result is satisfactory, generate an AP invoice to pay the commission.|T|N|D|N|||N|||N|4951efe3-6b21-ab9a-5bc7-01af51e516d9|2012-03-17 18:47:08
257|0|0|Y|2003-05-05 21:03:29|0|2015-05-05 18:25:54|0|Lot|Product Lot Definition|Maintain the individual Lot of a Product|M|Y|D|N|||N|||N|2dad6553-3785-ddce-6dcf-8096c3e87f0e|2012-03-17 18:47:08
268|0|0|Y|2003-05-28 22:59:19|0|2015-05-05 18:25:54|0|Role Data Access|Maintain Data Access Rules|"Maintain Data Access Roles of Roles/Responsibilties.
Note that access information is cached and requires re-login or reset of cache."|M|Y|D|N|||N|||N|c927d42d-2145-4004-dbd3-51f85f9cab5e|2012-03-17 18:47:08
1000045|0|0|Y|2012-06-26 00:00:00|100|2012-08-12 00:00:00|0|Carding|||M|Y|D|N|||N|0|0|N|20e4f577-543f-2eef-00a1-a0538af1fd6e|2012-08-12 00:00:00
196|0|0|N|2000-12-22 22:30:55|0|2015-04-29 12:53:20|100|Custom Attribute|Maintain custom entity attributes|This is a System only Window.  Customer Attributes allow the entry of additional information to an entity.|M|Y|D|N|||N|||N|545edb7a-56cf-9857-622b-b8c9cc333346|2012-03-17 18:47:08
264|0|0|Y|2003-05-28 21:55:18|0|2015-05-05 18:25:54|0|Session Audit|Audit of User Sessions|History of Online or Web Sessions|T|Y|D|N|||N|||N|2d54fdd9-1f23-a280-9f41-33238a31aa47|2012-03-17 18:47:08
365|0|0|Y|2005-12-26 12:28:41|100|2015-05-05 18:25:58|0|Performance Benchmark|Performance Benchmark|Data Series to compare internal performance with (e.g. stock price, ...)|M|Y|D|N|||N|0|0|N|e3187912-ea74-7814-0337-b1de9f9a6a25|2012-03-17 18:47:08
174|0|0|Y|2000-01-25 10:09:01|0|2005-01-05 22:08:27|100|Revenue Recognition|Revenue Recognition Rules|The Revenue Recognition Window defines the intervals at which revenue will be recognized. Alternatively, the revenue recognition may be linked to service levels provided.|M|Y|D|N|||N|||Y|733a8f19-500f-50a8-f39f-40d4949bd162|2012-03-17 18:46:37.24
307|0|0|Y|2004-02-19 11:19:31|0|2000-01-02 00:00:00|0|Bid Topic|Topic with Bids and Offers|Manage Topics and veiw Bids and Offers|T|Y|D|N|||N|||Y|b526b654-eee4-ce2f-a903-14ef1f1b7296|2012-03-17 18:46:37.24
308|0|0|Y|2004-02-19 11:24:02|0|2000-01-02 00:00:00|0|Auction Topic Type|Maintain Auction Topic Type and Categories|The Auction Topic Type determines what kind of auction is used for a particular area|M|Y|D|N|||N|||Y|19b182c9-83df-8f00-42e9-b1efb901fcbd|2012-03-17 18:46:37.24
309|0|0|Y|2004-02-19 11:27:57|0|2000-01-02 00:00:00|0|Auction Seller|Maintain Auction Seller Information|A seller is a User in the system participating in Auctions|M|N|D|N|||N|||Y|45a49f39-e720-7227-5a91-7c0178b269a7|2012-03-17 18:46:37.24
310|0|0|Y|2004-02-19 11:31:05|0|2000-01-02 00:00:00|0|Auction Buyer|Maintain Auction Buyer Information|A buyer is a User in the system participating in Auctions|M|Y|D|N|||N|||Y|e626cef7-46c4-d631-a4c7-d98c05c67a58|2012-03-17 18:46:37.24
362|0|0|Y|2005-10-25 10:34:11|100|2015-05-05 18:25:57|0|GL Fund (Alpha)|Maintain Fund Controls|General Ledger Funds Control allows you to restrict the use of funds.  This is independent from budget control.|M|N|D|N|||N|0|0|N|a41bf769-4482-1b0b-a5df-51f1a6e8835a|2012-03-17 18:47:08
312|0|0|Y|2004-02-19 13:00:51|0|2015-05-31 05:46:57|100|Alert Processor|Maintain Alert Processor/Server Parameter and Logs|Alert Processor/Server Parameter|M|Y|D|N|||N|||Y|859d189f-b63b-7afe-bad1-f24109c558c0|2012-03-17 18:47:08
159|0|0|Y|1999-12-04 21:34:10|0|2015-05-05 18:25:49|0|Dunning|Maintain Dunning Levels|The Dunning Window defines the parameters that will be used when generating Dunning Letters.  Each customer can be associated with a Dunning Code.  |M|Y|D|N|||N|||N|3474d11d-d9ea-1bda-8265-679528dc5382|2012-03-17 18:47:08
168|0|0|Y|1999-12-19 21:31:09|0|2015-05-05 18:25:50|0|Physical Inventory|Enter Physical Inventory|The Physical Inventory Window allows you to generate inventory count lists.  These counts can then be processed which will update the actual inventory with the new counts. Normally you would create inventory count lines automaticelly. If you create them manually, make sure that the book value is correct.|T|Y|D|N|||N|||N|a8fe7291-40b1-7bfb-fc66-0a724a144092|2012-03-17 18:47:08
363|0|0|Y|2005-12-12 16:38:55|100|2015-05-05 18:25:58|0|System Issue Report|Automatically created or manually entered System Issue Reports|System Issues are created to speed up the resolution of any system related issues (potential bugs).  If enabled, they are automatically reported to Adempiere.  No data or confidential information is transferred.|T|N|D|N|||N|0|0|N|1458551b-4748-9880-89c0-451da5092150|2012-03-17 18:47:08
364|0|0|Y|2005-12-23 16:43:05|100|2015-05-05 18:25:58|0|Performance Color Schema|Maintain Performance Color Schema|Visual representation of performance by color.  The Schema has often three levels (e.g. red-yellow-green).  Adempiere support two levels (e.g. red-green) or four levels (e.g. gray-bronce-silver-gold).  Note that Measures without a goal are represented white.  The percentages could be beween 0 and unlimited (i.e. above 100%).|M|Y|D|N|||N|0|0|N|01ccb45d-46e4-2670-a5c0-b48d1c47cbc4|2012-03-17 18:47:08
366|0|0|Y|2005-12-26 12:48:57|100|2015-05-05 18:25:58|0|Performance Ratio|Maintain Performance Ratios|Calculation instruction for a ratio|M|Y|D|N|||N|0|0|N|55c355a0-9ecc-670d-480c-5315b8c95dd3|2012-03-17 18:47:08
367|0|0|Y|2005-12-30 14:28:35|100|2015-05-05 18:25:58|0|Issue Recommendation|Maintain Issue Recommendation||M|Y|D|N|||N|0|0|N|710417ee-5cdc-d4d7-5d8a-ee10a1d94d5a|2012-03-17 18:47:08
123|0|0|Y|1999-06-11 00:00:00|0|2015-05-05 18:25:46|0|Business Partner|Maintain Business Partners|The Business Partner window allows you do define any party with whom you transact.  This includes customers, vendors and employees.  Prior to entering or importing products, you must define your vendors.  Prior to generating Orders you must define your customers.  This window holds all information about your business partner and the values entered will be used to generate all document transactions|M|Y|D|N|100||N|553|930|N|273719a2-ec2e-9b44-d30b-014c7ec70d0e|2012-03-17 18:47:08
361|0|0|Y|2005-10-25 09:55:06|100|2015-05-05 18:25:57|0|Budget Control|Maintain Budget Controls|Budget Control allows you to restrict the use of expenditures, commitments (Purchase Orders) and reservations (Requisitions). If defined, you mey not be able to approve Requisitions, Purchse Orders, or AP Invoices.|M|N|D|N|||N|0|0|N|dd12b819-94cd-115d-d2f9-7bc0a443e9b7|2012-03-17 18:47:08
368|0|0|Y|2005-12-30 14:34:35|100|2015-05-05 18:25:58|0|Issue Status|Maintain Issue Status|Status of an Issue|M|Y|D|N|||N|0|0|N|73e17226-1c89-3760-7260-13c9f5628966|2012-03-17 18:47:08
389|0|0|Y|2006-10-29 00:00:00|0|2015-05-05 18:25:58|0|LDAP Server|LDAP Server to authenticate and authorize external systems based on Adempiere|"The LDAP Server allows third party software (e.g. Apache) to use the users defined in the system to authentificate and authorize them.  There is only one server per Adempiere system.  The ""o"" is the Client key and the optional ""ou"" is the Interest Area key."|M|Y|D|N|||N|0|0|N|b45775b7-8403-9bf8-5c4b-5c1f444c8e82|2012-03-17 18:47:08
200|0|0|Y|2001-01-11 17:28:09|0|2015-05-05 18:25:51|0|Field Group|Define Field Group|The Field Group Window allows you to define subsections in a tab.  For System Admin use only.|M|Y|D|N|||N|||N|ec8e87ca-2973-deb6-7690-893c4300757b|2012-03-17 18:47:08
320|0|0|Y|2004-02-19 22:59:58|0|2005-02-22 00:41:38|100|RMA|Manage Return Material Authorization|A Return Material Authorization may be required to accept returns and to create Credit Memos|T|Y|D|N|||N|||Y|f9fb62fb-17c7-fd5a-e51e-c90c208c467b|2012-03-17 18:46:37.24
204|0|0|Y|2001-01-11 17:37:42|0|2015-05-05 18:25:52|0|Mail Template|Maintain Mail Template|"Mail templates can contain variables of the user, business partner or a general object.  The priority of parsing is User/Contact, Business Partner and then the underlying business object (like Request, Dunning, Workflow object).<br>
So, @Name@ would resolve into the User name (if user is defined defined), then Business Partner name (if business partner is defined) and then the Name of the business object if it has a Name.<br>
For Multi-Lingual systems, the template is translated based on the Business Partner's language selection."|M|Y|D|N|||N|||N|ea9f92ec-2db4-81ea-5d61-b74093404bad|2012-03-17 18:47:08
180|0|0|Y|2000-05-15 21:52:14|0|2015-05-05 18:25:50|0|Report View|Maintain Report Views|The Report View Window defines the views used when generating reports.  This window is for System Admin use only.|M|Y|D|N|||N|||N|dd35bdde-cc7b-8f79-1962-33f8253fe1b6|2012-03-17 18:47:08
205|0|0|Y|2001-01-24 15:57:29|0|2015-05-05 18:25:52|0|View Allocation|View and Reverse Allocations |The Reverse Allocation Window allows you to view and reverse a payment allocation|T|Y|D|N|||N|||N|0c6f825a-c39d-a995-137a-cbcea65e7fe1|2012-03-17 18:47:08
206|0|0|Y|2001-02-15 17:12:45|0|2015-05-05 18:25:52|0|Payment Selection|Select Invoices for Payment|"The Payment Selection Window allows you to select and process the invoices you want to pay.
(a) You can create a Payment Selection and select the invoices manually or generate the suggestions based on criteria.  You can change the amount to be paid or delete invoices, you do not want to pay.

(b) If you are happy with the Payment Selection, you create the payments.

(c) You print or export your payments in the Window Payment Print/Export"|T|N|D|N|||N|||N|3b3a39ee-5fa5-65fa-8f03-b3cbf65cc9e9|2012-03-17 18:47:08
208|0|0|Y|2001-03-11 17:44:08|0|2015-05-05 18:25:52|0|Project Reporting|Maintain Project Reporting Cycles|"The Project Cycle Window defines the steps associated with a specific Project.
You may want to define several Project cycles to differentiate the different types of projects. Project cycles may use all or a subset of the used Project Status (e.g. Your opportunity project cycle may include the steps from prospect to contract - the service cycle may include steps from installation to customer acceptance."|M|Y|D|N|||N|||N|1d686c87-4250-cd4c-c787-342ca8921a79|2012-03-17 18:47:08
329|0|0|Y|2004-04-17 11:13:03|0|2005-02-22 00:43:51|100|Demand|Maintain Material Demand|Material Demand can be based on Forecast, Requisitions, Open Orders|M|Y|D|N|||N|||Y|6538f96e-bc28-b93f-fb99-b3302e2c3a01|2012-03-17 18:46:37.24
213|0|0|Y|2001-04-24 17:57:06|0|2015-05-05 18:25:52|0|Performance Measure Calculation|Define how you calculate your performance measures|"The Performance Measure Calculation defines how performance measures will be calculated. 
The sql needs to return a single value.  Please check examples.<br>
The date trestriction is defined in the Goal. 
Any restrictions for Organizations, Business Partners, Products, etc. are  as Performance Goal Restrictions."|M|Y|D|N|||N|||N|d362b95b-dd7c-a124-9127-7762977e7fcb|2012-03-17 18:47:08
215|0|0|Y|2001-04-24 18:53:57|0|2015-05-05 18:25:52|0|Performance Measure|Define your Performance Measures|The Performance Measure Window allows you to define the rules and restrictions for performance measurement.  You can, for example, restrict performance measurement to sales for a certain product category for a defined time frame.|M|Y|D|N|||N|||N|77e27ab5-730a-939b-28f1-8469068c1e44|2012-03-17 18:47:08
216|0|0|Y|2001-05-13 09:38:47|0|2015-05-05 18:25:52|0|Financial Report|Maintain Financial Reports|Financial Reports are the combination of a Report Column Set and Line Set.|M|Y|D|N|||N|||N|f25057e6-b23b-95e6-7268-b4aa69b5111a|2012-03-17 18:47:08
217|0|0|Y|2001-05-13 09:43:25|0|2015-05-05 18:25:52|0|Report Column Set|Maintain Financial Report Column Sets|The Report Column Set defines what data is printed in the columns of a report.|M|Y|D|N|||N|||N|1f84b370-fe0e-cce4-68b9-422e755a2bf5|2012-03-17 18:47:08
221|0|0|Y|2001-07-22 11:16:07|0|2015-05-05 18:25:52|0|Find (indirect use)|Find Dialog (indirect use)||M|Y|D|N|||N|||N|5b8b829e-70c1-023b-dbff-d743ca3b5f09|2012-03-17 18:47:08
169|0|0|Y|1999-12-19 21:33:22|0|2015-05-05 18:25:50|0|Shipment (Customer)|Customer Inventory Shipments Customer Returns|The Shipment Window defines shipments made or to be made to a customer.  They are generated from an Customer Order.  The Shipment Document will generate the Customer Invoice.|T|Y|D|N|||N|||N|e6e007b8-22d0-0418-baa2-2de7b38251fb|2012-03-17 18:47:08
178|0|0|Y|2000-03-19 10:35:21|0|2015-05-05 18:25:50|0|Greeting|Maintain Greetings|The Greeting Window defines a greeting that is then associated with a Business Partner or Business Partner Contact.|M|Y|D||||N|||N|87dd4401-751b-8c4a-3185-a0c670b2e966|2012-03-17 18:47:08
188|0|0|Y|2000-09-15 14:51:56|0|2015-05-05 18:25:51|0|Error Message|Display Error Messages|The Error Message Window displays all error messages generated.  This is for System Admin use only.  The records must be manually deleted.|M|Y|D|N|||N|||N|4cd0b114-5e3f-ef45-0d24-353865d47509|2012-03-17 18:47:08
201|0|0|Y|2001-01-11 17:31:31|0|2015-05-05 18:25:51|0|Request|Work on your requests|The Request Window is used to define and track any request assigned to you.|T|Y|D|N|105||N|||N|0090e49f-fcb0-617d-03f1-c1d90ff77da9|2012-03-17 18:47:08
193|0|0|Y|2000-12-18 22:09:08|0|2015-05-05 18:25:51|0|Notice|View System Notices|The system creates messages while performing processes. In this window you can view them.|T|Y|D|N|107||N|||N|88874642-ed87-5062-b8c1-6f5f7bc77fe8|2012-03-17 18:47:08
194|0|0|Y|2000-12-18 23:32:45|0|2015-05-05 18:25:51|0|Bank Statement|Process Bank Statements|The Process Bank Statements window allows you to reconcile your Bank Statements.  You can either enter the line items from the statement in the Statement Line tab or select the 'Create From' button to automatically generate the statement from all unreconciled payments to this bank account.  Once you have completed reconciling, select the 'Process Statement' button to mark the payments as reconciled and update the appropriate GL accounts.|T|Y|D|N|||N|||N|5b26c020-cbec-1897-1781-73fd519089d4|2012-03-17 18:47:08
339|0|0|Y|2004-07-09 13:00:06|0|2000-01-02 00:00:00|0|POS Key Layout|POS Function Key Layout||M|Y|D|N|||N|0|0|Y|d83bb7aa-6c36-6465-c0b7-09482af4d6cf|2012-03-17 18:46:37.24
353|0|0|Y|2005-05-15 02:12:03|100|2005-05-15 02:13:25|100|Remuneration|Maintain Remuneration|Wages and Salaries|M|Y|D|N|||N|0|0|Y|5430bec6-fb8a-fb45-67e1-794d63718e0c|2012-03-17 18:46:37.24
354|0|0|Y|2005-05-15 13:28:34|100|2005-07-24 13:06:46|100|Product BOM|Maintain Product Bill of Materials||M|N|D|N|||N|0|0|Y|19c8d953-bce9-f34c-e702-5d8e285fb49d|2012-03-17 18:46:37.24
355|0|0|Y|2005-05-15 14:55:22|100|2005-05-20 23:05:41|100|BOM Change Notice|Maintain Bill of Materials (Engineering) Change Notice (Version)|Change notices can be linked to BOMs or be stand alone.|M|Y|D|N|||N|0|0|Y|64b6deef-ba6e-76a9-8b1f-78e36f73c8f1|2012-03-17 18:46:37.24
191|0|0|Y|2000-10-15 12:15:54|0|2015-05-05 18:25:51|0|Production|Production based on Bill of Materials|The Production Window defines those plan and inventory movements that occur when a product is created from a bill of materials|T|N|D|N|||N|||N|735b6408-f744-4421-e308-a3bb880dfd24|2012-03-17 18:47:08
197|0|0|Y|2000-12-22 22:33:55|0|2015-05-05 18:25:51|0|Cashbook|Maintain Cashbook|The Cashbook Window defines the bank and account against which cash transactions will be processed.|M|Y|D|N|||N|||N|9f80de58-8dfb-e022-030e-4507c96bb137|2012-03-17 18:47:08
198|0|0|Y|2000-12-22 22:36:25|0|2015-05-05 18:25:51|0|Cash Journal|Cash transactions|The Cash Journal Window is used to record disbursements from and receipts to Petty Cash|T|Y|D|N|||N|||N|8d49c49d-eac3-71bc-171f-8a06ff4f4ab2|2012-03-17 18:47:08
218|0|0|Y|2001-05-13 09:44:54|0|2015-05-05 18:25:52|0|Report Line Set|Maintain Financial Report Line Sets|The Line Set determines, which lines are printed in a Financial Report|M|Y|D|N|||N|||N|8c6d3119-8975-60f6-4810-c1c02115372c|2012-03-17 18:47:08
165|0|0|Y|1999-12-11 19:33:27|0|2015-04-28 10:43:58|0|Report & Process|Maintain Reports & Processes|The Report & Process Window is used to define the parameters and access rules for every Report and Process within the system.  This window is for System Admin use only.|M|Y|D|N|||N|||N|7bc9e03b-e56c-36fe-34ff-ea412ab43089|2015-04-28 01:38:06
238|0|0|Y|2002-07-11 18:51:42|0|2015-05-05 18:25:53|0|Print Color|Maintain Print Color|Colors used for printing|M|Y|D|N|||N|||N|cf4c135d-c497-9be4-eb0e-5d7d2b792433|2012-03-17 18:47:08
239|0|0|Y|2002-07-11 18:57:07|0|2015-05-05 18:25:53|0|Print Font|Maintain Print Font|Font used for printing|M|Y|D|N|||N|||N|fa7b9d5b-b388-9020-de37-49d253bee908|2012-03-17 18:47:08
241|0|0|Y|2002-07-11 19:15:33|0|2015-05-05 18:25:53|0|Print Paper|Maintain Print Paper|Printer Paper Size, Orientation and Margins|M|Y|D|N|||N|||N|81c030ba-e183-57ad-d614-755002e4fdd3|2012-03-17 18:47:08
242|0|0|Y|2002-07-14 18:54:12|0|2015-05-05 18:25:53|0|Expenses (to be invoiced)|View expenses and charges not invoiced to customers|Before invoicing to customers, check the expense lines to be invoiced|M|Y|D|N|||N|||N|f00f61c4-b5c1-2481-0eb4-be8a127d0d12|2012-03-17 18:47:08
249|0|0|Y|2003-01-11 16:30:16|0|2015-05-05 18:25:53|0|Import Report Line Set|Import Report Line Sets|The Import Report Line Set Window is an interim table which is used when importing external data into the system.  Selecting the 'Process' button will either add or modify the appropriate records.|M|Y|D|N|||N|||N|44734133-da95-af11-152a-52766007048a|2012-03-17 18:47:08
250|0|0|Y|2003-01-15 15:46:18|0|2015-05-05 18:25:53|0|System Translation Check|Check System Language Translations|Verify your language translations for selected entities. You should use Translation Export / Import for effective translation. This window allows you to check the translation of the main translation entities.|M|Y|D|N|||N|||N|df14488e-4347-a57d-7359-d158e6567fb8|2012-03-17 18:47:08
251|0|0|Y|2003-01-23 00:51:59|0|2015-05-05 18:25:53|0|Asset|Asset used internally or by customers|An asset is either created by purchasing or by delivering a product.  An asset can be used internally or be a customer asset.|M|Y|D|N|||N|||N|53561d65-4ae5-81a3-c14b-9b09382be0fe|2012-03-17 18:47:08
269|0|0|Y|2003-05-29 22:15:51|0|2015-05-05 18:25:54|0|Advertisement|Web Advertisement|Maintain Advertisements on the Web|M|Y|D|N|||N|||N|025f8991-020d-e925-24f2-97ef2fcf9e15|2012-03-17 18:47:08
270|0|0|Y|2003-05-29 22:32:36|0|2015-05-05 18:25:54|0|Change Audit|Audit of data changes|Log of data changes|M|Y|D|N|||N|||N|73e1e76d-f42e-c451-896d-2b0f321701d1|2012-03-17 18:47:08
203|0|0|Y|2001-01-11 17:35:36|0|2015-05-31 06:34:57|100|Request Processor|Define Request Processors|The Request Processor Window allows you to define different processes that you want to occur and the frequency and timing of these processes  A Request Processor can be just for a specific Request Type or for all.|M|Y|D|N|||N|||N|33d28bbc-a670-970b-7b9c-ecf75fc3740d|2012-03-17 18:47:08
140|0|0|Y|1999-08-09 00:00:00|0|2015-05-05 18:25:48|0|Product|Maintain Products|The Product Window defines all products used by an organization.  These products include those sold to customers, used in the manufacture of products sold to customers and products purchased by an organization.|M|N|D|N|103||N|829|907|N|ce2d4e2c-ba4e-29bf-9f71-66fecdc05f55|2012-03-17 18:47:08
189|0|0|Y|2000-09-15 14:54:13|0|2015-05-05 18:25:51|0|Import Loader Format|Maintain Import Loader Formats|The Import Loader Format Window is used for defining the file layout for product information which will be imported.|M|Y|D|N|||N|||N|68101bd1-27c7-50e5-b950-c55d071f1f43|2012-03-17 18:47:08
338|0|0|Y|2004-07-09 12:53:46|0|2015-04-29 17:02:11|100|POS Terminal|Maintain your Point of Sales Terminal|The POS Terminal defines the defaults and functions available for the POS Form|M|Y|D|N|||N|0|0|Y|8c97af02-7083-d71f-40f0-ef227a57d420|2012-03-17 18:47:08
161|0|0|Y|1999-12-04 21:41:28|0|2015-05-05 18:25:49|0|Charge|Maintain Charges|The Charges Window defines the different charges that may be incurred.  These can include Bank Charges, Vendor Charges and Handling Charges.|M|Y|D|N|||N|||N|ef466ff3-68cd-74cc-581f-b4cfbb084e84|2012-03-17 18:47:08
176|0|0|Y|2000-01-25 10:57:58|0|2015-05-05 18:25:50|0|Vendor Details|Maintain Vendor Details|The Vendor Details Window allows you to display and maintain all products for a selected Vendor.|M|N|D|N|||N|||N|a274e93f-bb6e-8b17-ecfe-75f241a520d8|2012-03-17 18:47:08
224|0|0|Y|2001-07-28 19:50:25|0|2015-05-05 18:25:52|0|Print Form|Maintain Print Forms (Invoices, Checks, ..) used|"Define the documents you use for this Client/Organnization.  Note that the check format is defined in the Bank (Account) Window.<p>
The highest priotity has the Print Format, you define on a Document Type (example specific Export Invoice format). The next level is the set of Print Formats, you defined for the organziation of the document printed. The default is the set of Print Formats defines for all organizations of the Client (Organization=*)."|M|Y|D|N|||N|||N|3696eb29-48f6-fd4c-c4cc-b5eba9fbb0be|2012-03-17 18:47:08
220|0|0|Y|2001-05-13 12:18:34|0|2005-02-11 19:45:46|100|Service Level|Maintain Service Levels|Service Levels are generated when an invoice with products based on revenue recognition rules are generated.  You need to update the actual service level by adding an additional line.|M|Y|D|N|||N|||Y|ada6f57e-aa4d-9c4f-7f16-8f7ec312ac8b|2012-03-17 18:46:37.24
227|0|0|Y|2001-09-05 21:50:55|0|2015-05-05 18:25:52|0|System Image|Maintain Images and Icons||M|Y|D|N|||N|||N|95240b59-e9de-d0cd-0cdc-045634290f61|2012-03-17 18:47:08
229|0|0|Y|2001-09-05 21:59:41|0|2015-05-05 18:25:52|0|Window Customization|Define Window Customization for Role/User|The customization values defined here overwrite/replace the default system definition if defined.|M|Y|D|N|||N|||N|b1b1f4ea-07aa-32d8-5b9a-b3002bb6f98b|2012-03-17 18:47:08
232|0|0|Y|2001-12-08 21:21:53|0|2015-05-05 18:25:52|0|Request (all)|View and work on all requests|This Request window is used to view all available requests|T|Y|D|N|105||N|||N|0d176ab5-fb88-6941-47f1-b5effb1207a9|2012-03-17 18:47:08
233|0|0|Y|2001-12-28 21:01:25|0|2015-05-05 18:25:53|0|Discount Schema|Maintain Trade Discount Schema|Trade discount schema calculates the trade discount percentage|M|Y|D|N|||N|||N|f760f302-5874-a7c5-f148-3bb74844ea1d|2012-03-17 18:47:08
234|0|0|Y|2002-06-15 21:53:30|0|2015-05-05 18:25:53|0|Expense Type|Maintain Expense Report Types||M|Y|D|N|||N|||N|e37c684c-2fb9-31f4-b025-d8ef9933998c|2012-03-17 18:47:08
235|0|0|Y|2002-06-15 22:08:17|0|2015-05-05 18:25:53|0|Expense Report|Time and Expense Report|The time and expense report allows you to capture time spent on a project, billable time and to claim expenses.|T|Y|D|N|||N|||N|34a30f99-cf17-9a6b-fa47-63536a0d865c|2012-03-17 18:47:08
265|0|0|Y|2003-05-28 22:08:57|0|2015-05-05 18:25:54|0|Project Type|Maintain Project Type and Phase|Maintain Project Types and their Phases with standard performance information|M|Y|D|N|||N|||N|2e1a4ba2-daf5-c92e-d63d-46cbad48833e|2012-03-17 18:47:08
110|0|0|Y|1999-06-11 00:00:00|0|2015-05-05 18:25:44|0|Organization|Maintain Organizations|The Organization Window allows you to define and maintain Organizational entities.  An Organization is often a legal entity or sub-unit for which documents and transactions are processed|M|Y|D|N|||N|||N|b18505b0-64f9-9322-2e8a-0daf80e326cb|2012-03-17 18:47:08
247|0|0|Y|2003-01-11 16:25:16|0|2015-05-05 18:25:53|0|Import Product|Import Products|The Import Products Window is an interim table which is used when importing external data into the system.  Selecting the 'Process' button will either add or modify the appropriate records.|M|N|D|N|||N|||N|cb9a88bc-981e-7fdc-958a-4b9d4cde623a|2012-03-17 18:47:08
226|0|0|Y|2001-09-05 21:39:45|0|2000-01-02 00:00:00|0|Desktop|Maintain Desktop|Desktop is a collection of Workbenches|M|Y|D|N|||N|||Y|1e215aa5-19c2-dcfe-4977-953ef21540ec|2012-03-17 18:46:37.24
252|0|0|Y|2003-01-23 01:02:42|0|2015-05-05 18:25:54|0|Asset Group|Group of Assets|The group of assets determines default accounts.  If a asset group is selected in the product category, assets are created when delivering the asset.|M|Y|D|N|||N|||N|10c3526d-badb-72f4-014e-1b797f940db0|2012-03-17 18:47:08
245|0|0|Y|2002-10-01 23:04:38|0|2015-05-05 18:25:53|0|Interest Area|Interest Area or Topic|Interest Areas reflect interest in a topic by a contact. Interest areas can be used for marketing campaigns.|M|Y|D|N|||N|||N|cbadf0d4-f118-0bd1-a224-303786a4e4a8|2012-03-17 18:47:08
248|0|0|Y|2003-01-11 16:29:10|0|2015-05-05 18:25:53|0|Import Account|Import Natural Account Values|The Import Natural Account Window is an interim table which is used when importing external data into the system.  Selecting the 'Process' button will either add or modify the appropriate records.|M|Y|D|N|||N|||N|80d77488-feaf-3b65-1a19-408d3329cd3c|2012-03-17 18:47:08
254|0|0|Y|2003-02-06 12:27:51|0|2015-05-05 18:25:54|0|Expenses (not reimbursed)|View expenses and charges not reimbursed|Before reimbursing expenses, check the open expense items|M|N|D|N|||N|||N|ff165b6f-c3df-d9a1-01a0-146b19160d8f|2012-03-17 18:47:08
255|0|0|Y|2003-04-18 15:39:50|0|2015-05-05 18:25:54|0|Accounting Fact Balances|Query Accounting Daily Balances|Query daily account balances|Q|Y|D|N|102||N|||N|a2cc7779-abfc-7453-aa0f-0fcfd29b77d6|2012-03-17 18:47:08
256|0|0|Y|2003-05-05 20:45:41|0|2015-05-05 18:25:54|0|Attribute Set|Maintain Product Attribute Set|Define Product Attribute Sets to add additional attributes and values to the product. You need to define a Attribute Set if you want to enable Serial and Lot Number tracking.|M|Y|D|N|||N|||N|c776058b-1056-0bc4-3e42-f91c200f5ade|2012-03-17 18:47:08
313|0|0|Y|2004-02-19 13:23:20|0|2015-05-05 18:25:56|0|Partner Relation|Maintain Business Partner Relations|Business Partner Relation allow to maintain Third Party Relationship rules: who receives invoices for shipments or pays for invoices.|M|Y|D|N|||N|||N|3f325fd1-999f-5f33-3925-a4a7490b5de7|2012-03-17 18:47:08
314|0|0|Y|2004-02-19 13:45:55|0|2015-05-05 18:25:56|0|RfQ Topic|Maintain RfQ Topics and Subscribers|A Request for Quotation Topic allows you to maintain a subscriber list of potential Vendors to respond to RfQs|M|Y|D|N|||N|||N|84f4c768-9e31-b7c2-85a4-97fc1fd84d22|2012-03-17 18:47:08
322|0|0|Y|2004-03-12 00:19:12|0|2015-05-05 18:25:56|0|Requisition|Material Requisition|Enter and maintain Material Requisitions. Material Requisition can be created automatically via Replenishment.  You create generate optionally consolidated Purchase Orders.|T|N|D|N|||N|||N|f15d0d2b-f9e2-c40d-7ba7-3c3f33dcaa08|2012-03-17 18:47:08
323|0|0|Y|2004-03-19 12:50:50|0|2015-05-05 18:25:56|0|GL Distribution|General Ledger Distribution|If the account combination criteria of the Distribution is met, the posting to the account combination is replaced by the account combinations of the distribution lines.  The distribution is a one-step operation based on the percentage of the lines.|M|Y|D|N|||N|||N|10aae78a-1106-df06-4101-244820ee0343|2012-03-17 18:47:08
325|0|0|Y|2004-04-01 17:20:07|0|2015-05-05 18:25:56|0|Distribution Run|Distribution Run create Orders to distribute products to a selected list of partners|Distribution Run defines how Orders are created based on Distribution Lists|M|Y|D|N|||N|||N|ed3d93df-76c1-5e54-7703-bc1fceeb5bd1|2012-03-17 18:47:08
326|0|0|Y|2004-04-13 13:59:25|0|2015-05-05 18:25:56|0|Access Audit|Audit of Access to data or resources|Logging needs to be explicitly enabled / written.|Q|Y|D|N|||N|||N|bdfa96a3-e6fe-b3ae-7c6c-d572be595fb7|2012-03-17 18:47:08
311|0|0|Y|2004-02-19 13:00:41|0|2015-05-31 06:44:29|100|Accounting Processor|Maintain Accounting Processor and Logs|Accounting Processor/Server Parameters and Logs|M|Y|D|N|||N|||N|e1ecf009-9f38-cb92-e627-1b55afb20cc9|2012-03-17 18:47:08
120|0|0|Y|1999-06-11 00:00:00|0|2015-05-05 18:25:45|0|Unit of Measure|Maintain Unit of Measure |"The Unit of Measure Window is used to define non monetary units of measure.  It also defines if conversion between units of measure are allowed and how they are to be performed. The system provides some automatic conversions between units of measures (e.g. minute, hour, day, working day, etc.) if they are not explicitly defined here.
Conversions need to be direct (i.e. if you have only a conversion between A-B and B-C, the system cannot convert A-C, you need to define it explicitly)."|M|Y|D|N|||N|||N|4cb6f057-709d-8cf0-3914-7a771cf787e9|2012-03-17 18:47:08
151|0|0|Y|1999-09-26 00:00:00|0|2015-05-05 18:25:48|0|Elements|Maintain System Elements|The System Element Window is the Central Repository for Field Names Descriptions and Help/Comments|M|Y|D|N|||N|||N|3ac9d23a-ddd0-cc17-b61e-06302a89c737|2012-03-17 18:47:08
240|0|0|Y|2002-07-11 19:01:44|0|2015-05-05 18:25:53|0|Print Format|Maintain Print Format|The print format determines how data is rendered for print.|M|Y|D|N|||N|695|922|N|f168482a-df94-29cb-0356-1dc5dc4cafe6|2012-03-17 18:47:08
243|0|0|Y|2002-08-24 16:57:43|0|2015-05-05 18:25:53|0|Print Table Format|Define Report Table Format|The Print Table Format lets you define how table header, etc. is printed. Please note that the Report Table FOrmat is cached to improve performance.|M|Y|D|N|||N|||N|ea3738bc-cb13-f4a2-b43d-02811f0038a4|2012-03-17 18:47:08
244|0|0|Y|2002-10-01 22:58:52|0|2015-05-05 18:25:53|0|Request Type|Maintain Request Types|Request Types are used for processing and categorizing requests. Options are Account Inquiry, Warranty Issue, etc.|M|Y|D|N|||N|||N|4082c323-4544-c91e-56c4-ed205b54b762|2012-03-17 18:47:08
246|0|0|Y|2002-11-01 21:02:17|0|2015-05-05 18:25:53|0|System|System Definition|Common System Definition - Only one Record - Do not add additional records.|M|Y|D|N|||N|||N|6b15298d-116c-80c3-f339-7758e69ebdba|2012-03-17 18:47:08
275|0|0|Y|2003-06-03 01:50:07|0|2015-05-05 18:25:55|0|Invoice Payment Schedule|Maintain Invoice Payment Schedule|Maintain Payment Schedule of unpaid invoices|M|Y|D|N|||N|||N|bf8d2c99-7662-a183-f151-c2a2c0c2be33|2012-03-17 18:47:08
50004|0|0|Y|2006-12-11 23:47:04|0|2006-12-12 01:43:00|0|Common Package Details|Maintain Common Package Details|Create and maintain common package element details|M|Y|D|N|||N|||N|695c1c9c-ba7e-11f4-a7b1-9a26b808e536|2012-03-17 18:46:37.24
276|0|0|Y|2003-06-07 19:59:53|0|2015-05-05 18:25:55|0|Alert|Adempiere Alert|Adempiere Alerts allow you define system conditions you want to be alerted of|M|Y|D|N|||N|||N|dc53fc66-0028-1335-3ffe-929e517d2505|2012-03-17 18:47:08
185|0|0|N|2000-06-01 14:38:37|0|2005-02-22 00:44:06|100|EDI Definition|Maintain EDI Definition|The EDI Definition Window defines the parameters to be used when processing EDI Transactions|M|Y|D|N|||N|||Y|00fa953f-38f7-5544-2f31-8c0cc16f7725|2012-03-17 18:46:37.24
261|0|0|Y|2003-05-06 15:16:42|0|2005-02-22 00:43:00|100|Attribute Search|Common Search Attribute |Attributes are specific to a Product Attribute Set (e.g. Size for T-Shirts: S,M,L). If you have multiple attributes and want to search under a common sttribute, you define a search sttribute. Example: have one Size search attribute combining the values of all different sizes (Size for Dress Shirt  XL,L,M,S,XS). The Attribute Search allows you to have all values available for selection.  This eases the maintenance of the individual product attribute.|M|Y|D|N|||N|||Y|a7326f33-ae69-d8f0-8a3a-cd7d698b46f8|2012-03-17 18:46:37.24
262|0|0|Y|2003-05-08 07:44:26|0|2000-01-02 00:00:00|0|Expense Invoice (Alpha)|Payables expense invoices - This is Alpha Functionality|Enter expense invoices from your vendors|T|N|D|N|||N|||Y|3732da1a-f391-e5ed-8be9-901924c85001|2012-03-17 18:46:37.24
379|0|0|Y|2006-04-05 12:05:51|100|2006-06-11 17:23:46|100|Media Item|Maintain Web Media|Maintain Content Management Media|M|Y|D|N|||N|0|0|N|a4688937-3e43-3c97-3824-35f617c11b86|2012-03-17 18:46:37.24
272|0|0|Y|2003-06-02 00:02:59|0|2015-05-05 18:25:54|0|Time Type|Maintain Time Recording Type|Maintain different types of time for reporting|M|Y|D|N|||N|||N|cf895669-ab03-6447-d4b1-efbc9b89e8a0|2012-03-17 18:47:08
277|0|0|Y|2003-06-07 20:39:05|0|2015-05-05 18:25:55|0|Import Bank Statement|Import Bank Statements||M|Y|D|N|||N|||N|d4e2a770-d8ee-cb74-4184-7a78896ca99b|2012-03-17 18:47:08
279|0|0|Y|2003-06-07 21:07:40|0|2015-05-05 18:25:55|0|Import Invoice|Import Invoices|Import invoiced loaded|M|Y|D|N|||N|||N|794b319d-43fd-54c8-846e-060e2c877917|2012-03-17 18:47:08
280|0|0|Y|2003-06-07 21:19:14|0|2015-05-05 18:25:55|0|Import Payment|Import Payments||M|Y|D|N|||N|||N|a2942656-21d0-93b8-9add-b3b104c30b5c|2012-03-17 18:47:08
294|0|0|Y|2003-12-14 01:36:03|0|2015-05-05 18:25:55|0|UnPosted Documents|Unposted Documents|View unposted documents|Q|Y|D|N|||N|||N|03f8ec40-f21e-9c9a-9b1a-dba0f99feb78|2012-03-17 18:47:08
295|0|0|Y|2003-12-21 00:29:33|0|2015-05-05 18:25:55|0|Currency Type|Maintain Currency Conversion Rate Types|The Currency Conversion Rate Type lets you define different type of rates, e.g. Spot, Corporate and/or Sell/Buy rates.|M|Y|D|N|||N|||N|3168c7df-79e5-8659-1824-f07e4aa500eb|2012-03-17 18:47:08
301|0|0|Y|2004-01-08 21:10:19|0|2015-05-05 18:25:56|0|Registration|User Asset Registration|User Registration of an Asset|M|Y|D|N|||N|||N|ca233263-48b6-c157-cd25-6ffa7446944f|2012-03-17 18:47:08
315|0|0|Y|2004-02-19 13:46:22|0|2015-05-05 18:25:56|0|RfQ|Manage Request for Quotations|Request for Quotation to be sent out to vendors of a RfQ Topic. After Vendor selection, optionally create Sales Order or Quote for Customer as well as Purchase Order  for Vendor(s)|T|Y|D|N|||N|0|0|N|5489b4f6-e5c1-38be-86b2-ee5f7e420113|2012-03-17 18:47:08
316|0|0|Y|2004-02-19 14:13:29|0|2015-05-05 18:25:56|0|Subscription|Maintain Subscriptions and Deliveries|Subscription of a Business Partner of a Product to renew|M|Y|D|N|||N|||N|373de6ec-d5d0-3388-abbd-f4ba4739d419|2012-03-17 18:47:08
317|0|0|Y|2004-02-19 14:16:50|0|2015-05-05 18:25:56|0|Subscription Type|Maintain Subscription Types|Subscription type and renewal frequency|M|Y|D|N|||N|||N|e94c5a67-b794-a034-0401-5d53fd62b4de|2012-03-17 18:47:08
318|0|0|Y|2004-02-19 22:45:18|0|2015-05-05 18:25:56|0|Distribution List|Maintain Distribution Lists|Distribution list contain business partners and a distribution quantity or ratio for creating Orders|M|Y|D|N|||N|||N|03fdd9ab-3028-a4cb-326c-022a2d5cadfe|2012-03-17 18:47:08
319|0|0|Y|2004-02-19 22:54:51|0|2015-05-05 18:25:56|0|Package|Manage Shipment Packages|A Shipment can have one or more Packages.  A Package may be tracked.|T|N|D|N|||N|||N|cc7c5ddb-8738-c1b5-7364-48859b13ec14|2012-03-17 18:47:08
321|0|0|Y|2004-03-06 00:59:09|0|2015-05-05 18:25:56|0|Dunning Run|Manage Dunning Runs|Manage Dunning Runs|M|Y|D|N|||N|||N|a455d38f-dfdf-f625-e59d-84fe05432eea|2012-03-17 18:47:08
330|0|0|Y|2004-05-10 17:36:55|0|2015-05-05 18:25:56|0|Ship/Receipt Confirm|Material Shipment or Receipt Confirmation|Confirmation of Shipment or Receipt - Created from the Shipment/Receipt|T|Y|D|N|||N|||N|28bd308b-927c-348b-3c82-31e192b65c0b|2012-03-17 18:47:08
359|0|0|Y|2005-10-18 11:42:36|100|2015-05-05 18:25:57|0|Tax Declaration|Define the declaration to the tax authorities|The tax declaration allows you to create supporting information and reconcile the documents with the accounting|T|Y|D|N|||N|0|0|N|fb0fc605-6ba3-81e4-e1cd-99ec1bda901b|2012-03-17 18:47:08
187|0|0|Y|2000-07-13 18:08:09|0|2015-05-05 18:25:50|0|Form|Special Forms|The Forms Window defines any window which is not automatically generated.  For System Admin use only.|M|Y|D|N|||N|||N|98a2b09d-25a4-31ca-c67d-29c638b0921e|2012-03-17 18:47:08
207|0|0|Y|2001-03-11 17:40:39|0|2015-05-05 18:25:52|0|Commission|Maintain Commissions and Royalties|"Define how and when you want the commissions to be calculated and to whom to pay it.
The Commissions Window allows you define how commissions and royalties will be paid. You can pay multiple commissions for the same order or invoice (e.g. to the person entering the transaction, to the person responsible for sale of the product (category) and or business partner (group)."|M|N|D|N|||N|||N|714562e3-3fcb-dd06-5bab-6e03249018a6|2012-03-17 18:47:08
271|0|0|Y|2003-06-01 23:19:56|0|2015-05-05 18:25:54|0|Cost Type|Maintain Cost Types|You can define multiple cost types. A cost type selected in an Accounting Schema is used for accounting.|M|Y|D|N|||N|||N|733727e1-cd9d-ee1e-f4a8-81dbdc018abd|2012-03-17 18:47:08
278|0|0|Y|2003-06-07 20:41:39|0|2015-05-05 18:25:55|0|Import GL Journal|Import General Ledger Journals|"You way want to check the balance of the import with ""Validate Only"" before importing. 
Unbalanced Journals are imported; the handling is based on your settings for the posting process. The optional balance check checks the entire import, not individual batches and journals."|M|Y|D|N|||N|||N|29e6bffe-5f27-ecaa-73a3-531972f1576b|2012-03-17 18:47:08
283|0|0|Y|2003-06-16 17:36:18|0|2015-05-05 18:25:55|0|Accounting Dimensions|Maintain Non-Account Dimension Trees|Maintain Trees of non account segment trees.  Account segment trees (as well as user defined dimensions) are mainatained in the Account Element window. Please note that you will not be able to create new entities in this window if you have not default set for all manfatory values!|M|Y|D|N|||N|||N|6d82a0ab-8b9a-fa56-aec1-277a04b274a1|2012-03-17 18:47:08
296|0|0|Y|2003-12-29 19:53:18|0|2015-05-05 18:25:55|0|Import Currency Rate|Import Currency Conversion Rates|The rates are imported after validation of currencies and conversion rate type as well as rates. The multiply rate is used. If a reciprocal rate is to be created, the divide rate is used. |M|Y|D|N|||N|||N|a669a6a6-6932-d6ac-6240-918e42bb33ed|2012-03-17 18:47:08
299|0|0|Y|2004-01-01 23:57:28|0|2015-05-05 18:25:55|0|Workflow Responsible|Responsible for Workflow Execution|The ultimate responsibility for a workflow is with an actual user. The Workflow Responsible allows to define ways to find that actual User.|M|Y|D|N|||N|||N|c0f9b7a2-e1dc-66dc-1baa-e2e1b93d5240|2012-03-17 18:47:08
273|0|0|Y|2003-06-03 01:44:54|0|2015-05-05 18:25:55|0|Click|Maintain Web Click|"Web Clicks allow you to track number of clicks.  Example:
&lt;a href=""http://www.adempiere.com/wstore/click?http://www.adempiere.de"" target=""_blank""&gt;
where ""http://www.adempiere.com/wstore/click"" is your side and ""http://www.adempiere.de"" is the target page.
If you created a web click for http://www.adempiere.de, you will be able to see details and total of web clicks."|M|Y|D|N|||N|||N|03db8034-9fa0-fcc4-bab8-b9e48ee18661|2012-03-17 18:47:08
286|0|0|Y|2003-07-10 15:52:32|0|2015-05-05 18:25:55|0|Project (Lines/Issues)|Maintain Sales Order and Work Order Details|The Project Window is used to maintain details of Projects Lines and Issues accross Phases/Tasks|T|Y|D|N|||N|||N|3d408be2-c806-9eca-e379-2876dfbbec6d|2012-03-17 18:47:08
297|0|0|Y|2004-01-01 23:41:09|0|2015-05-05 18:25:55|0|Workflow Process|Monitor workflow processes|View and Maintain Workflow Process Instance Information|T|Y|D|N|104||N|||N|5ec6ab47-c7c3-71bd-469d-29013c9621c7|2012-03-17 18:47:08
300|0|0|Y|2004-01-08 21:02:47|0|2015-05-05 18:25:55|0|Registration Attributes|Asset Registration Attributes|Define the individual values for the Asset Registration|M|Y|D|N|||N|||N|22600d9e-6e66-7a00-961e-591783e32b7a|2012-03-17 18:47:08
302|0|0|Y|2004-01-25 00:40:38|0|2015-05-05 18:25:56|0|Bank Statement Matcher|Algorithm to match Bank Statement Info to Business Partners, Invoices and Payments|An algorithm to find Business Partners, Invoices, Payments in imported Bank Statements|M|Y|D|N|||N|||N|28206c86-ec77-b21b-2f4a-34bad0048c29|2012-03-17 18:47:08
303|0|0|Y|2004-01-29 14:36:21|0|2015-05-05 18:25:56|0|Payment Batch|Process Payment Patches for EFT|Electronic Fund Transfer Payment Batch.|T|Y|D|N|106||N|||N|ac9cbe03-2007-ff60-2240-d4b45270528e|2012-03-17 18:47:08
1000015|0|0|Y|2009-03-23 17:31:49|100|2015-05-05 18:25:58|0|WorkType|||M|Y|D|N|||N|400|900|N|1723abe1-a4cd-6fa6-d58c-cc08a48e167c|2012-03-17 18:47:08
160|0|0|Y|1999-12-04 21:37:24|0|2015-04-03 19:56:53|100|Withholding (1099)|Maintain Withholding Certificates|The Withholding Window defines the rule used for calculating withholding amounts.|M|Y|D|N|||N|||Y|1506817d-7a38-4734-8175-af48f9288444|2012-03-17 18:46:37.24
100|0|0|Y|1999-05-21 00:00:00|0|2015-05-05 18:25:42|0|Table and Column|Maintain Tables and Columns|The Table and Column Window defines all tables with their columns|M|Y|D|N|||N|0|0|N|b5be5fc1-2b79-ff23-e3ac-cfef2c63bb96|2012-03-17 18:47:08
101|0|0|Y|1999-05-21 00:00:00|0|2015-05-05 18:25:43|0|Reference|Maintain System References|The Reference Window defines field/display types and validations. This window is for System Admin use only.|M|Y|D|N|||N|||N|3aa1b885-6192-d44a-f2c0-c82b9363e3f6|2012-03-17 18:47:08
102|0|0|Y|1999-05-21 00:00:00|0|2015-05-05 18:25:43|0|Window, Tab & Field|Maintain Windows, Tabs & Fields|The Window, Tab & Field Window defines the presentation of tables and columns within each window.|M|Y|D|N|||N|||N|30d54758-dbe1-9262-0e6e-4d5cd8507e38|2012-03-17 18:47:08
181|0|0|Y|2000-05-22 21:37:05|0|2015-05-05 18:25:50|0|Purchase Order|Manage Purchase Orders|The Purchase Order Window defines a purchase order for an organization.  When a Purchase Order has been entered you can generate a Shipment Document or Invoice from this Purchase Order|T|N|D|N|||N|686|1000|N|041b9539-24f3-7494-c2fa-c360634d60b2|2012-03-17 18:47:08
274|0|0|Y|2003-06-03 01:46:49|0|2015-05-05 18:25:55|0|Counter|Web Counter|"A web counter maintains how often a page or item was displayed.  Add a call to
http://www.adempiere.com/wstore/counter to the page (e.g. display a 1x1 image)
"|M|Y|D|N|||N|||N|8f8d4e21-4aa4-aea5-05d8-e157ddc1d91a|2012-03-17 18:47:08
282|0|0|Y|2003-06-07 21:51:15|0|2015-05-05 18:25:55|0|Freight Category|Maintain Freight Categories|Freight Categories are used to calculate the Freight for the Shipper selected|M|Y|D|N|||N|||N|6538ebf5-2abc-9321-4c7a-36cdbbfe77aa|2012-03-17 18:47:08
298|0|0|Y|2004-01-01 23:43:08|0|2015-05-05 18:25:55|0|Workflow Activities (all)|Monitor all Workflow activities|Maintain all Workflow activities|T|Y|D|N|104||N|||N|46c07676-49cc-c8c9-8ea0-8e0150726783|2012-03-17 18:47:08
1000034|0|0|Y|2010-08-17 10:13:45|100|2015-04-28 10:44:10|0|Retention|Retention||T|Y|D|N|||N|||N|c6137a14-4674-f989-635d-5d6f5fb46473|2012-03-17 18:47:08
146|0|0|Y|1999-08-09 00:00:00|0|2015-04-28 10:43:57|0|Price List|Maintain Product Price Lists|"The Price List Window allows you to generate product price lists for your Business Partners.  Price lists determine currency and tax treatment.  Price list versions allow to maintain parallel lists for different date ranges.  The most current pricelist version is used based on the document date.
<BR>
All pricelists have three prices: List, Standard and Limit
<BR>
First step is to create a base price list.  You can manually add products and enter the prices or create them automatically.  The base price list is often the purchase price list with list price ('official' retail price), the standard price (your purchase price).  The limit price can be used to check your final purchase costs after discounts, rebates, etc.
<BR> 
Pricelists can be calculated and copied.  To speed up the calculation, the parameters are stored an used when creating a new price list version."|M|N|D|N|||N|||N|e3c55106-2db1-b535-c578-d544cd183313|2013-01-21 11:15:11
106|0|0|Y|1999-05-21 00:00:00|0|2015-05-05 18:25:43|0|Language|Maintain Languages|"The Language Window allows you to define multiple parallel language for users. This allows users to access the same data but have the windows, tabs and fields appear in different languages.
If a language is a System Language, you can change the User Interface to this language (after translation).  Otherwise the language is only used for printing documents.

For the language code, we suggest using the Java convention of country and language (e.g. fr_CN - Canadian French).

Verify the translation creates missing translation records. Start this process after creating a new language."|M|Y|D|N|||N|||N|f5b80745-d3ce-3ffa-8396-5c5248f48faf|2012-03-17 18:47:08
107|0|0|Y|1999-05-21 00:00:00|0|2015-05-05 18:25:44|0|Matched Invoices|View Matched Invoices|View detals of matched invoice lines to material receipt lines|T|N|D|N|||N|||N|430016d4-ce08-fd49-fd73-d005d90b8b80|2012-03-17 18:47:08
305|0|0|Y|2004-02-19 10:53:31|0|2015-05-01 18:12:56|0|Scheduler|Maintain Schedule Processes and Logs|Schedule processes to be executed asynchronously|M|Y|D|N|||N|||N|2d2f8ce7-abbe-ad81-0373-06f27fbe1596|2015-05-01 18:12:40
131|0|0|Y|1999-06-29 00:00:00|0|2015-05-05 18:25:47|0|GL Category|Maintain General Ledger Categories|The GL Category Window allows you to define categories to be used in journals.  These categories provide a method of optionally grouping and reporting on journals.|M|Y|D|N|||N|||N|33c4c61d-d1fa-9890-072c-40e9eca93a61|2012-03-17 18:47:08
132|0|0|Y|1999-06-29 00:00:00|0|2015-05-05 18:25:47|0|GL Journal|Enter and change Manual Journal Entries|The GL Journal Window allows you to enter and modify manual journal entries|T|Y|D|N|102||N|||N|d65b9eb7-94f9-c08c-7f56-cfe897065bea|2012-03-17 18:47:08
344|0|0|Y|2005-04-24 22:26:46|100|2015-05-05 18:25:57|0|Product Costs|Maintain Product Costs|Maintain Product Cost Elements|M|N|D|N|||N|0|0|N|8983f195-c186-47e9-7541-aa6e2d0eebfc|2012-03-17 18:47:08
306|0|0|Y|2004-02-19 11:14:13|0|2015-05-31 06:36:54|100|Workflow Processor|Maintain Workflow Processor and Logs|Workflow Processor Server Parameters|M|Y|D|N|||N|||N|87bf7f4e-6805-23e6-bf70-d864ee5329a0|2012-03-17 18:47:08
304|0|0|Y|2004-02-19 10:49:23|0|2015-05-05 18:25:56|0|Organization Type|Maintain Organization Types|Organization Type allows you to categorize your organizations for reporting purposes|M|Y|D|N|||N|||N|88f7f282-1d65-d169-c788-ab870985b9ab|2012-03-17 18:47:08
103|0|0|Y|1999-05-21 00:00:00|0|2015-05-05 18:25:43|0|Validation Rules|Maintain dynamic Validation Rules for columns and fields|The Validation Rules Window defines all dynamic rules used when entering and maintaining columns and fields.  This window is for System Admin use only.|M|Y|D|N|||N|||N|99a7f75c-af6c-e8b5-54e4-de7e130aa960|2012-03-17 18:47:08
104|0|0|Y|1999-05-21 00:00:00|0|2015-05-05 18:25:43|0|Message|Maintain Information and Error Messages|The Message Window defines the Message Text and Message Tips for each system generated message.  It is for System Admin use only.|M|Y|D|N|||N|||N|23494e0a-e276-3bbc-0f6d-b680c46d875a|2012-03-17 18:47:08
343|0|0|Y|2005-04-24 22:06:58|100|2015-05-05 18:25:57|0|Cost Element|Maintain Product Cost Element|You can define your own product cost elements.|M|Y|D|N|||N|0|0|N|8f43274c-668e-5d6f-3ea4-33063cdc818b|2012-03-17 18:47:08
105|0|0|Y|1999-05-21 00:00:00|0|2015-05-05 18:25:43|0|Menu|Maintain Menu|The Maintain Menu Window defines the Menu which will display.  It is for System Admin use only.  The menu items that each user will see depends upon the security defined.|M|Y|D|N|||N|||N|fd248a06-66dd-20be-4eb7-f84a7800e6ea|2012-03-17 18:47:08
113|0|0|Y|1999-06-11 00:00:00|0|2015-05-05 18:25:45|0|Workflow|Maintain Workflow|The Workflow Window defines Workflows in the system, the access level for the Workflow and the Nodes or Steps within the Workflow.|M|Y|D|N|||N|||N|62b2e7ae-ae80-0120-50fa-d101e75827e6|2012-03-17 18:47:08
121|0|0|Y|1999-06-11 00:00:00|0|2015-05-05 18:25:45|0|Location|Maintain Location Address|The Location Window defines the address data within the system.  This window is for System Admin only.  Users would access location entries using the location button or tab on the appropriate window (i.e Order Entry or Business Partner)|M|Y|D|N|||N|||N|200e7024-e010-3538-89e8-af4533eb66b7|2012-03-17 18:47:08
125|0|0|Y|1999-06-11 00:00:00|0|2015-05-05 18:25:46|0|Accounting Schema|Maintain Accounting Schema - For changes to become effective you must re-login|"The Accounting Schema Window defines an accounting method and the elements that will comprise an account structure. Create and activate elements for detailed accounting for Business Partners, Products, Locations, etc.
Review and change the GL and Default accounts. The actual accounts used in transactions depend on the executing organization; Most of the information is derived from the context."|M|Y|D|N|||N|||N|1d20d4ab-6f93-65b5-6cbb-44da46ec6819|2012-03-17 18:47:08
130|0|0|Y|1999-06-29 00:00:00|0|2015-05-05 18:25:46|0|Project|Maintain Projects|The Project Window is used to define the projects which will can be tracked by phases and tasks.|T|Y|D|N|||N|||N|402bdf68-d0df-64fe-b670-0ca668710aa1|2012-03-17 18:47:08
143|0|0|Y|1999-08-09 00:00:00|0|2015-05-05 18:25:48|0|Sales Order|Enter and change sales orders|The Order Window allows you to enter and modify Sales Orders.  |T|Y|D|N|||N|771|1000|N|c6b21e03-9b7e-a7c6-27ff-50703fd13562|2012-03-17 18:47:08
170|0|0|Y|1999-12-19 21:36:30|0|2015-05-05 18:25:50|0|Inventory Move|Inventory Move|The Inventory Move Window allows you to move inventory from one location or warehouse to another.  After the appropriate lines are entered selecting the 'Process Movements' button will adjust the inventory.|T|N|D|N|||N|||N|d846fe0a-02ec-74b9-60c7-18dce41e7a56|2012-03-17 18:47:08
192|0|0|Y|2000-12-17 20:47:06|0|2015-05-05 18:25:51|0|Business Partner Group|Maintain Business Partner Groups|The Business Partner Group window allows you to define the accounting parameters at a group level.  If you define the accounting parameters for a group any Business Partner entered using this group will have these accounting parameters automatically populated.  You can then make any modifications necessary at the Business Partner level.|M|Y|D|N|||N|||N|96da4345-d601-5a94-1f7c-420540a4b3c4|2012-03-17 18:47:08
109|0|0|Y|1999-06-11 00:00:00|0|2015-05-05 18:25:44|0|Client|Maintain Clients/Tenants|"The Client is the highest level of an independent business entity.  Each Client will have one or more Organizations reporting to it.  Each Client defines the accounting parameters (Accounting Schema, Tree definition, Non Monetary UOM's). To create new Clients, run the Initial Client Setup with the System Administrator Role.
Do not create a new client in this window, but use ""Initial Client Setup"" to set up the required security and access rules. If you create a new client here, you will not be able to view it and also the required client infrastructure would not have been set up."|M|Y|D|N|||N|||N|e44db880-39fd-a94c-7bc3-d8740a7efd77|2012-03-17 18:47:08
117|0|0|Y|1999-06-11 00:00:00|0|2015-05-05 18:25:45|0|Calendar Year and Period|Maintain Calendars Years Periods|The Calendar Year and Periods defines the calendars that will be used for period control and reporting. You can also define non-standard calendars (e.g. business year from July to June).|M|Y|D|N|||N|||N|54524f0d-f1a4-460b-d2f8-1eff9aea350e|2012-03-17 18:47:08
118|0|0|Y|1999-06-11 00:00:00|0|2015-05-05 18:25:45|0|Account Element|Maintain Account Elements|"The Account Element Window is used to define and maintain the Accounting Element and User Defined Elements. 
One of the account segments is your natural account segment (Chart of Account). You may add a new account element for parallel reporting or for user defined accounting segments."|M|Y|D|N|||N|||N|ed28a38f-7f48-c102-93c3-c8952924b221|2012-03-17 18:47:08
122|0|0|Y|1999-06-11 00:00:00|0|2015-05-05 18:25:45|0|Country Region and City|Maintain Countries Regions and Cities|"The Countries, Regions and Cities Window defines the different entities that can be used in any address field.  It defines the format of the address as well as associating Regions with Countries and Cities with Regions or Countries. 
<p>You would define Countries usually only on System level."|M|Y|D|N|||N|||N|566e8b2a-6be5-463e-f216-e211f099e497|2012-03-17 18:47:08
128|0|0|Y|1999-06-29 00:00:00|0|2015-05-05 18:25:46|0|Attachment|Maintain Attachments|For System Maintenance Only.  The Maintain Attachments window is used for diagnostic purposes to display the attributes of an attachment.|M|Y|D|N|||N|||N|475d7b41-00bf-885a-0e9d-267d4139176f|2012-03-17 18:47:08
134|0|0|Y|1999-06-29 00:00:00|0|2015-05-05 18:25:47|0|Activity (ABC)|Maintain Activities for Activity Based Costing|The Activity Based Costing Window defines the different activities for which you want to capture costs.|M|Y|D|N|||N|||N|2cb4c98a-cccd-72ed-bc9b-172d4f09af42|2012-03-17 18:47:08
135|0|0|Y|1999-06-29 00:00:00|0|2015-05-05 18:25:47|0|Document Type|Maintain Document Types|The Document Type Window defines any document to be used in the system.  Each document type provides the basis for processing of each document and controls the printed name and document sequence used.  |M|Y|D|N|||N|||N|e28a3366-4323-3c55-8fbc-2d66ef1d2ac6|2012-03-17 18:47:08
163|0|0|Y|1999-12-09 09:29:18|0|2015-05-05 18:25:49|0|Tree|Maintain Tree definition|The Tree Window defines the descriptors and images that will be used when a Tree is displayed.|M|Y|D|N|||N|||N|e5ab57a5-031c-30cd-d103-818fda714551|2012-03-17 18:47:08
195|0|0|Y|2000-12-18 23:36:15|0|2015-05-05 18:25:51|0|Payment|Process Payments and Receipts|The Process Payments Window allows you to enter payments and reaipts for invoices.  If the payment is for a single invoice then it can be processed here.  If it is for multiple invoices or is a partial payment then it should be processed in the Payment Allocation Window.|T|Y|D|N|106||N|646|870|N|a5526dd3-69bf-661f-67ed-fa8a6962a00e|2012-03-17 18:47:08
327|0|0|Y|2004-04-14 12:51:49|0|2015-05-05 18:25:56|0|Counter Document|Maintain Counter Document Types|"When using explicit documents for inter-org transaction (after linking a Business Partner to an Organization), you can determine what document type the counter document is based on the document type of the original transaction.  Example: a ""Standard Order"" creates a ""Standard PO"". 
If you define a relationship here, you overwrite the default counter document type in the Document Type definition. This allows you to define a specific mapping.
If not defined, the first matching document type is used (e.g. AR Invoice - first AP Invoice document type)"|M|Y|D|N|||N|||N|ed217f22-5c28-bb5e-dcc4-5e27f3875de5|2012-03-17 18:47:08
324|0|0|Y|2004-03-23 23:23:35|0|2015-05-05 18:25:56|0|RfQ Response|Manage RfQ Responses||T|Y|D|N|||N|||N|00321465-3813-5160-b116-f76e77af89f6|2012-03-17 18:47:08
1000024|0|0|Y|2009-12-29 13:57:30|100|2015-05-05 18:25:59|0|Product Brand|Maintain Product Brands|The Product Brands allows you to define different Brands of products.|M|N|D|N|||N|||N|46595292-f730-f74c-78c5-5b93cc7c716b|2012-03-17 18:47:08
1000027|0|0|Y|2010-01-19 15:03:20|100|2015-05-05 18:25:59|0|Import Bill of Exchange|Import Bill of Exchange|Bill of Exchange|M|Y|D|N|||N|||N|a2499125-068f-9029-0633-e7b01caa0968|2012-03-17 18:47:08
1000028|0|0|Y|2010-03-29 10:26:45|100|2015-05-05 18:25:59|0|GL Book|Maintain GL_Book||M|Y|D|N|||N|||N|5d03174a-432f-b3b2-6275-87031ef6e308|2012-03-17 18:47:08
293|0|0|Y|2003-12-11 12:19:42|0|2015-05-05 18:25:55|0|Sales Rep Info|Company Agent (Sales Rep) Information|This window allows you to view Company agent related information|Q|Y|D|N|||N|||N|a9894ddd-fe3c-1c33-44c9-6f79a11cde9e|2012-03-17 18:47:08
360|0|0|Y|2005-10-23 18:52:30|100|2015-05-05 18:25:57|0|Reporting Hierarchy|Define Reporting Hierarchy|"Reporting Hierarchy allows you to select different Hierarchies/Trees for the report.
Accounting Segments like Organization, Account, Product may have several hierarchies to accomodate different views on the business"|M|N|D|N|||N|0|0|N|2eb028f0-ed2c-25ac-5adc-2af3cb4baaab|2012-03-17 18:47:08
1000030|0|0|Y|2010-07-20 09:24:20|100|2015-05-05 18:25:59|0|Bill of Exchange Vendor|Customer Bill Of Exchange Entry|The Customer Bill Of Exchange Window allows you to display and enter  Bill Of Exchange for a customer.   Bill Of Exchange can also be generated from Invoices.|T|N|D|N|||N|0|0|N|8f6df5bf-4121-5ea0-797c-32487bcbbea9|2012-03-17 18:47:08
281|0|0|Y|2003-06-07 21:30:29|0|2015-05-05 18:25:55|0|Import Order|Import Orders|"Please set Y/N selections in the import loader format explicitly (e.g. as constants) and no not leave them NULL. A NULL value stands for ""don't know"".
In general, selection boxes are not selected if the value is not ""Y"" (i.e. could be null or any other value). All tests are made on ""Y"" or ""not Y"" - i.e. NULL values are not ""not Y"", but NULL (don't know) - see SQL Language introductions."|M|Y|D|N|||N|||N|dca446ef-997f-51e1-b7bf-5764f23efd28|2012-03-17 18:47:08
291|0|0|Y|2003-07-27 13:06:18|0|2015-05-05 18:25:55|0|Business Partner Info|Document Information of Business Partners||Q|Y|D|N|100||N|||N|57133321-6993-bd92-eb4e-d35c10b15e95|2012-03-17 18:47:08
1000009|0|0|Y|2007-11-08 16:03:04|100|2015-05-05 18:25:58|0|Cash Flow Forecast|Cash Flow Forecast|Cash Flow Forecast|M|Y|D|N|||N|0|0|N|6e5a9141-a2b7-2b6b-881b-279eb8a57091|2012-03-17 18:47:08
1000011|0|0|Y|2008-02-25 18:09:26|100|2015-05-05 18:25:58|0|Import Price List|Import Price List|Import Price List|M|Y|D|N|||N|0|0|N|8a45e95d-09a9-14a4-0fc9-c3a54b0fdd61|2012-03-17 18:47:08
1000012|0|0|Y|2008-03-03 12:20:04|100|2015-05-05 18:25:58|0|Control Activity|Maintains a list of Control Activity||M|N|D|N|||N|0|0|N|cf5e03ef-396e-2ced-e1df-7c57ba2f4d71|2012-03-17 18:47:08
1000013|0|0|Y|2008-07-25 11:28:13|0|2015-05-05 18:25:58|0|Unit Application|Maintains a list of Unit Application||M|N|D|N|||N|0|0|N|157328e2-1231-a3b1-479d-02d2d31a7ce3|2012-03-17 18:47:08
1000016|0|0|Y|2009-03-23 21:17:29|100|2015-05-05 18:25:58|0|WorkShop|||M|Y|D|N|||N|0|0|N|bbbb80ec-6696-ef17-7981-d0bda9632556|2012-03-17 18:47:08
1000020|0|0|Y|2009-12-14 16:03:02|100|2015-05-05 18:25:59|0|Bill of Exchange Customer|Customer Bill Of Exchange Entry|The Customer Bill Of Exchange Window allows you to display and enter  Bill Of Exchange for a customer.   Bill Of Exchange can also be generated from Invoices.|T|Y|D|N|||N|0|0|N|ed5bcd83-9b1c-d7fa-65a9-38f76f7a8d35|2012-03-17 18:47:08
1000023|0|0|Y|2009-12-29 12:04:10|100|2015-05-05 18:25:59|0|Product Generic|Maintain Product Generic|The Product Generic allows you to define different generic names of products. These generics are associated products, for example Acetylsalicylic Acid ---> Aspirin|M|N|D|N|||N|||N|7617b51b-f065-caad-a22e-0b0827f233ed|2012-03-17 18:47:08
332|0|0|Y|2004-06-15 09:33:18|0|2015-05-05 18:25:56|0|Process Audit|Audit process use|Process Instance Information|Q|Y|D|N|||N|0|0|N|08dcb8f3-54eb-187f-4e28-3d300e974ac2|2012-03-17 18:47:08
333|0|0|Y|2004-06-17 11:29:43|0|2015-05-05 18:25:57|0|Move Confirmation|Confirm Inventory Moves|The document is automatically created when the document type of the movement indicates In Transit.. If there is a difference quantity, a Physical Inventory is created for the source (from) warehouse. If there is a scrapped quantity, a Physical Inventory is created for the target (to) warehouse.|T|N|D|N|||N|0|0|N|2d3ecb03-6da6-cacc-a299-b3fab0fb6a3c|2012-03-17 18:47:08
335|0|0|Y|2004-07-07 17:43:31|0|2015-05-05 18:25:57|0|SLA Criteria|Service Level Agreement Criteria|Define a criteria to measure service level agreements (e.g. Quality, Delivery meets Promised date, ..)|M|Y|D|N|||N|0|0|N|2f9c0dec-822e-9ffd-0c1a-85834bda184f|2012-03-17 18:47:08
336|0|0|Y|2004-07-07 17:44:13|0|2015-05-05 18:25:57|0|SLA by Partner|Service Level Agreement|Maintain Service Level Agreements for Business Partners|M|Y|D|N|||N|0|0|N|c73cdd34-69c8-f9a1-85cc-cb0e427c8ec7|2012-03-17 18:47:08
337|0|0|Y|2001-12-28 21:01:25|0|2015-05-05 18:25:57|0|Price List Schema|Maintain Price List Schema|Price List schema defines calculation rules for price lists|M|Y|D|N|||N|||N|0c3a375c-192b-bfce-6181-3cb6aea1c8f1|2012-03-17 18:47:08
340|0|0|Y|2004-09-24 19:48:03|0|2015-05-05 18:25:57|0|System Registration|Register your System|System Registration - Only one Record - Do not add additional records.|M|Y|D|N|||N|0|0|N|e8ba5751-e876-d951-2e5d-f037a2ab74f5|2012-03-17 18:47:08
341|0|0|Y|2004-11-26 20:49:19|0|2015-05-05 18:25:57|0|Internal Use Inventory|Enter Internal Use of Inventory|The Internal Use of Inventory Window allows enter the quantity of used products.|T|Y|D|N|||N|||N|b293be42-ad17-266d-d98c-612c2bfd5d35|2012-03-17 18:47:08
342|0|0|Y|2005-04-02 19:34:06|100|2015-05-05 18:25:57|0|Invoice Batch|Expense Invoice Batch|Enter expense invoices in batch.  After creating the lines, the actual invoices are created when processing the batch|T|N|D|N|||N|0|0|N|7230d536-ef19-160d-ca94-4a751924cb94|2012-03-17 18:47:08
1000005|0|0|Y|2007-09-20 14:54:31|100|2015-05-31 06:41:43|100|Cash Flow Processor|Maintain Cash Flow Processor and Logs|Cash Flow Processor/Server Parameters and Logs|M|Y|D|N|||N|||N|2dbf21fc-a923-fdd6-65f3-282445376a90|2012-03-17 18:47:08
369|0|0|Y|2005-12-30 14:41:59|100|2015-05-05 18:25:58|0|Known Issue|Maintain Known Issue||M|Y|D|N|||N|0|0|N|f58354d4-7c55-05de-c069-83657a854014|2012-03-17 18:47:08
370|0|0|Y|2005-12-30 14:54:39|100|2015-05-05 18:25:58|0|Issue Project|Maintain Issue Management Project Links|Maintain Issue Management Project Links - automatically generated.|M|Y|D|N|||N|0|0|N|d4faa51d-96f2-047a-5a2e-779a7f4f1a03|2012-03-17 18:47:08
371|0|0|Y|2005-12-31 21:09:18|100|2015-05-05 18:25:58|0|Issue User|User who reported Issues||M|Y|D|N|||N|0|0|N|db95581f-20c0-e208-d671-c8de386d5878|2012-03-17 18:47:08
372|0|0|Y|2005-12-31 21:37:00|100|2015-05-05 18:25:58|0|Issue System|Maintain Systems||M|Y|D|N|||N|0|0|N|c5440ad3-0423-56d0-5153-86c2ec302f5a|2012-03-17 18:47:08
381|0|0|Y|2006-06-11 11:22:09|100|2015-05-05 18:25:58|0|Entity Type|Maintain System Entity Type|"The entity type determines the ownership of Application Dictionary entries.  The types ""Dictionary"" and ""Adempiere"" should not be used and are maintainted by Adempiere (i.e. all changes are reversed during migration to the current definition)."|M|Y|D|N|||N|0|0|N|60e49d31-29c0-776f-a49c-81392b6c1e48|2012-03-17 18:47:08
385|0|0|Y|2006-06-17 17:17:44|100|2015-05-05 18:25:58|0|Info Window|Define Info and search/select Window|The Info window is used to search and select records as well as display information relevant to the selection.|M|Y|D|N|||N|0|0|N|13edf8fc-28e0-a971-e179-35ed7fc64319|2012-03-17 18:47:08
1000000|0|0|Y|2007-05-16 15:53:26|100|2015-05-05 18:25:58|0|Document Groups|Maintains a list of Document Groups||M|Y|D|N|||N|0|0|N|b9ac075c-28fd-ccbe-c632-33ba372be5bf|2012-03-17 18:47:08
1000002|0|0|Y|2007-09-05 18:29:06|100|2015-05-05 18:25:58|0|Accounting Subjects|Subjects for different finantial reports||M|Y|D|N|||N|0|0|N|8c55731d-6c5d-0bdf-f084-e5cdcdd06d94|2012-03-17 18:47:08
1000006|0|0|Y|2007-09-28 12:16:35|100|2015-05-05 18:25:58|0|Cash Flow Category|Cash Flow Category||M|Y|D|N|||N|0|0|N|33c43129-501b-12cd-f6df-19f7fef483ea|2012-03-17 18:47:08
1000008|0|0|Y|2007-11-08 14:38:47|100|2015-05-05 18:25:58|0|POP Terminal|||M|N|D|N|||N|0|0|N|5020fd22-079b-8104-1805-e79a96a8fbbf|2012-03-17 18:47:08
1000018|0|0|Y|2009-04-16 11:59:00|100|2015-05-05 18:25:59|0|Riisks|||M|Y|D|N|||N|0|0|N|46838a01-0ac2-894f-67db-5ea5e40334d0|2012-03-17 18:47:08
1000021|0|0|Y|2009-12-29 10:54:50|100|2015-05-05 18:25:59|0|Product Type|Maintain Type Categories|The product type allows you to define different groups of products as pharmaceuticals, cosmetics, etc.|M|N|D|N|||N|||N|29eccc1f-17f4-2288-6856-612a4efdc4c5|2012-03-17 18:47:08
1000022|0|0|Y|2009-12-29 11:38:16|100|2015-05-05 18:25:59|0|Product Group|Maintain Product Groups|The Product Groups allows you to define different groups of products. These groups can be antiallergic, antibacterial, etc.|M|N|D|N|||N|||N|183de380-0338-a7c4-5943-96a262c79258|2012-03-17 18:47:08
1000038|0|0|Y|2010-11-26 16:54:33|100|2015-05-05 18:25:59|0|Import Lot|Import Lot||M|Y|D|N|||N|||N|a3efa742-46bc-8dea-a790-c574991ecea4|2012-03-17 18:47:08
50006|0|0|Y|2007-02-28 01:39:29|100|2015-05-05 18:25:58|0|System Configurator|||M|Y|D|N|||N|0|0|N|7da5877e-1188-68e4-9ce1-0ac12366ad10|2012-03-17 18:47:08
1000031|0|0|Y|2010-07-20 20:04:00|100|2015-05-05 18:25:59|0|Bill of Exchange Confirm Bco|||T|N|D|N|||N|0|0|N|85165053-23f9-b5e5-7ca7-3410730a2454|2012-03-17 18:47:08
1000033|0|0|Y|2010-08-06 11:46:37|100|2015-05-05 18:25:59|0|Coupon|Coupon||M|Y|D|N|||N|||N|038deb75-6182-699a-7f6e-48283e04bed9|2012-03-17 18:47:08
1000035|0|0|Y|2010-08-17 10:32:56|100|2015-05-05 18:25:59|0|SPOT|SPOT||T|Y|D|N|||N|||N|2be857ea-0153-f59c-2a00-5f33feb58858|2012-03-17 18:47:08
1000048|0|0|Y|2016-03-18 13:56:27|100|2016-03-18 15:50:04|0|Stock Picker|||M|Y|D|N|||N|0|0|N|3cf64ad7-aa81-4fb3-972a-b0169b02a788|2016-03-18 15:50:04
1000050|0|0|Y|2016-07-21 05:17:24|100|2016-07-21 06:01:36|0|Rules|||M|Y|D|N|||N|0|0|N|96cf741b-1e49-4271-a7bd-13e9c160d692|2016-07-21 06:01:36
1000051|0|0|Y|2016-08-09 07:03:07|100|2016-08-09 07:16:22|0|Material Processor|||M|N|D|N|||N|0|0|N|f8deeb00-bafb-48f0-8ec8-7e17fae48c6c|2016-08-09 07:16:22
1000052|0|0|Y|2016-08-09 11:30:27|100|2016-08-09 11:41:36|0|Material Policy|||M|Y|D|N|||N|0|0|N|f58996b7-5de2-486f-b975-b739ccf34b84|2016-08-09 11:41:36
1000053|0|0|Y|2016-08-11 16:11:18|100|2016-08-11 16:12:44|0|Storage Element|||M|Y|D|N|||N|0|0|N|e6af0e5f-5ab9-461d-a138-da56b0f60bd0|2016-08-11 16:12:44
1000054|0|0|Y|2016-10-18 12:25:34|100|2016-10-18 12:32:30|0|Carding2|||M|Y|D|N|||N|0|0|N|0e6c81af-9ed3-4c69-826e-66cef055fc8e|2016-10-18 12:32:30
1000055|0|0|Y|2016-12-06 14:53:37|100|2016-12-06 15:01:02|0|Machine Server|||M|Y|D|N|||N|0|0|N|b4ab225c-6f13-434a-80f7-4f6fdfa4fdb3|2016-12-06 15:01:02
1000056|0|0|Y|2017-05-04 22:09:07|100|2017-05-09 12:15:47|0|Stock Taking|Stock Taking|Stock Taking|T|Y|D|N|||N|0|0|N|d70f618b-5e90-467e-b814-86738b3a139d|2017-05-09 12:15:47
108|0|0|Y|1999-06-07 00:00:00|0|2017-09-13 23:59:27|0|User|Maintain Users of the system|The User Window allows you to maintain User of the system.  Users can log into the system and have access to functionality via one or more roles.  A user can also be a business aprtner contact.|M|Y|D|N|||N|||N|9f3c1c3a-ab4f-0018-8a1e-b6cfbdbe8e7b|2017-09-13 19:00:08
