DEFAULT,B_ASSET_ACCT,10411001
DEFAULT,B_EXPENSE_ACCT,63911941
DEFAULT,B_INTERESTEXP_ACCT,67311971
DEFAULT,B_INTERESTREV_ACCT,77211001
DEFAULT,B_INTRANSIT_ACCT,10411001
DEFAULT,B_PAYMENTSELECT_ACCT,10411001
DEFAULT,B_REVALUATIONGAIN_ACCT,77611001
DEFAULT,B_REVALUATIONLOSS_ACCT,67611971
DEFAULT,B_SETTLEMENTGAIN_ACCT,77611001
DEFAULT,B_SETTLEMENTLOSS_ACCT,67611971
DEFAULT,B_UNALLOCATEDCASH_ACCT,10411001
DEFAULT,B_UNIDENTIFIED_ACCT,10411001
DEFAULT,BOE_CONFIRM_ACCT,45491001
DEFAULT,BOE_DISCOUNT_ACCT,12331001
DEFAULT,BOE_PORTFOLIO_ACCT,12311001
DEFAULT,BOE_PROTESTED_ACCT,12319001
DEFAULT,BOE_RECEIVABLES_ACCT,12321001
DEFAULT,BOE_VENDOR_ACCT,42311001
DEFAULT,BOE_WARRANTY_ACCT,12311001
DEFAULT,C_PREPAYMENT_ACCT,12211001
DEFAULT,C_RECEIVABLE_ACCT,12121001
DEFAULT,C_RECEIVABLE_SERVICES_ACCT,12121001
DEFAULT,CB_ASSET_ACCT,10111001
DEFAULT,CB_CASHTRANSFER_ACCT,10111001
DEFAULT,CB_DIFFERENCES_ACCT,10111001
DEFAULT,CB_EXPENSE_ACCT,10111001
DEFAULT,CB_RECEIPT_ACCT,10111001
DEFAULT,CH_EXPENSE_ACCT,65992941
DEFAULT,CH_REVENUE_ACCT,75991001
SCHEMA,COMMITMENTOFFSET_ACCT,74111001
SCHEMA,CURRENCYBALANCINGINCOME_ACCT,77611001
SCHEMA,CURRENCYBALANCINGLOSS_ACCT,67611971
ELEMENT,DEFAULT_ACCT,61111001
DEFAULT,E_EXPENSE_ACCT,14131001
DEFAULT,E_PREPAYMENT_ACCT,14121001
SCHEMA,INCOMESUMMARY_ACCT,59121001
SCHEMA,INTERCOMPANYDUEFROM_ACCT,13123001
SCHEMA,INTERCOMPANYDUETO_ACCT,43125001
DEFAULT,NOTINVOICEDRECEIPTS_ACCT,61111001
DEFAULT,NOTINVOICEDRECEIVABLES_ACCT,12121001
DEFAULT,NOTINVOICEDREVENUE_ACCT,75991001
DEFAULT,P_ASSET_ACCT,20111000
DEFAULT,P_COGS_ACCT,69111001
DEFAULT,P_COSTADJUSTMENT_ACCT,69111001
DEFAULT,P_EXPENSE_ACCT,20111000
DEFAULT,P_INVENTORYCLEARING_ACCT,60111000
DEFAULT,P_INVOICEPRICEVARIANCE_ACCT,20111000
DEFAULT,P_PURCHASEPRICEVARIANCE_ACCT,20111000
DEFAULT,P_REVENUE_ACCT,70111011
DEFAULT,P_TRADEDISCOUNTGRANT_ACCT,74111001
DEFAULT,P_TRADEDISCOUNTREC_ACCT,73111001
DEFAULT,PAYDISCOUNT_EXP_ACCT,74111001
DEFAULT,PAYDISCOUNT_REV_ACCT,73111001
DEFAULT,PJ_ASSET_ACCT,33241001
DEFAULT,PJ_WIP_ACCT,33241001
SCHEMA,PPVOFFSET_ACCT,73111001
DEFAULT,REALIZEDGAIN_ACCT,77611001
DEFAULT,REALIZEDLOSS_ACCT,67611971
SCHEMA,RETAINEDEARNING_ACCT,59111001
SCHEMA,SUSPENSEBALANCING_ACCT,75991001
SCHEMA,SUSPENSEERROR_ACCT,75991002
DEFAULT,T_CREDIT_ACCT,40111001
DEFAULT,T_DUE_ACCT,40111001
DEFAULT,T_EXPENSE_ACCT,40111001
DEFAULT,T_LIABILITY_ACCT,40111001
DEFAULT,T_RECEIVABLES_ACCT,40111001
DEFAULT,UNEARNEDREVENUE_ACCT,75991001
DEFAULT,UNREALIZEDGAIN_ACCT,77611001
DEFAULT,UNREALIZEDLOSS_ACCT,67611971
DEFAULT,V_LIABILITY_ACCT,42121001
DEFAULT,V_LIABILITY_SERVICES_ACCT,42411001
DEFAULT,V_PREPAYMENT_ACCT,42211001
DEFAULT,W_DIFFERENCES_ACCT,20111000
DEFAULT,W_INVACTUALADJUST_ACCT,20111000
DEFAULT,W_INVENTORY_ACCT,20111000
DEFAULT,W_REVALUATION_ACCT,20111000
DEFAULT,WITHHOLDING_ACCT,40114001
DEFAULT,WITHHOLDINGAPPLY_ACCT,40111001
DEFAULT,WRITEOFFGAIN_ACCT,77611001
DEFAULT,WRITEOFFLOSS_ACCT,67611971
DEFAULT,DONATION_ACCT,46991001
