D|0|0|10|Y|2006-06-11 12:11:19|100|2006-06-11 12:12:04|100|Dictionary|Application Dictionary Ownership ** System Maintained **|The entity is owned by the Application Dictionary. You should NOT use Disctionary as all modifications are likely to be reversed, to maintain customizations, copy the record. (Change Log & Reapply Customization allows you to maintain minor modifications)||||N|5c65d9c7-0146-1250-ab8d-ce5e6a0e684f
U|0|0|100|Y|2006-06-11 12:16:15|100|2006-06-11 12:16:15|100|User maintained|User maintained modifications|The default entity type for your Customizations and custom Extensions.  Will be preserved during version migration.||||N|f8d63f57-932a-d912-6051-410a11816360
A|0|0|200|Y|2006-06-11 12:17:59|100|2006-06-11 12:18:59|100|Applications|Application modifications|Alternative to User maintained entity type.  Will be preserved during version migration.||||N|922593ad-f8a5-b645-15d7-52112467ad7c
EXT|0|0|210|Y|2006-06-11 12:18:45|100|2006-06-11 12:18:45|100|Extensions|Application Extensions|Alternative to User maintained entity type.  Will be preserved during version migration.||||N|059ec4cc-e48f-5856-afd3-4c6f9fdbc737
XX|0|0|220|Y|2006-06-11 12:19:35|100|2006-06-11 12:19:35|100|Other Extensions|Other Application Extensions|Alternative to User maintained entity type.  Will be preserved during version migration.||||N|558e8bb3-28f1-3356-02db-102ff8aaa678
CUST|0|0|110|Y|2006-06-11 12:20:10|100|2006-06-11 12:20:10|100|Other Customizations|Other Application Customizations|Alternative to User maintained entity type.  Will be preserved during version migration.||||N|522d6ac8-ce3b-37c5-94f5-9b9d05aa3269
C|0|0|20|Y|2006-06-11 12:11:46|100|2006-06-11 12:12:28|100|Xendra|Xendra Ownership ** System Maintained **|DO NOT USE||||N|36568280-5e2c-090c-5dbd-27b83f2a4662
