116|es_PE|0|0|Y|2006-11-10 00:02:23|100|2006-11-10 00:13:56|100|Editor de Flujo de Trabajo|Editor de Flujo de Trabajo||Y
117|es_PE|0|0|Y|2006-11-10 00:02:23|100|2006-11-10 00:13:56|100|Actividades del Flujo de Trabajo|Actividades de Flujo de Trabajo activas||Y
115|es_PE|0|0|Y|2006-11-10 00:02:23|100|2006-11-10 00:13:56|100|Mantenimiento del Árbol|Mantener árbol|Visión y Cambio de árboles. Mantenga las entradas en su ventana especifica.|Y
119|es_PE|0|0|Y|2006-11-10 00:02:23|100|2006-11-10 00:13:56|100|Indicadores de Desempeño|Vista de Indicadores de Desempeño|Vista de todos los Indicadores de Desempeño y Metas|Y
109|es_PE|0|0|Y|2006-11-10 00:02:23|100|2006-11-10 00:13:56|100|Importar/Exportar Traducción|Importar o Exportar Traducción de Lenguaje.||Y
102|es_PE|0|0|Y|2006-11-10 00:02:23|100|2006-11-10 00:13:56|100|Configuración Inicial de Compañía|Configuración Inicial de Compañía||Y
105|es_PE|0|0|Y|2006-11-10 00:02:23|100|2006-11-10 00:13:56|100|Generar Cargos|Generar cargos desde cuentas contables||Y
111|es_PE|0|0|Y|2006-11-10 00:02:23|100|2006-11-10 00:13:56|100|Mantener Contraseña|Mantener Contraseña|Mantener Constraseña de Usuarios y Socios del Negocio|Y
118|es_PE|0|0|Y|2006-11-10 00:02:23|100|2006-11-10 00:13:56|100|Visualizador de Archivo|Visualiza automáticamente archivador de documentos|Dependiendo del nivel automático de archivos de la compañía los documentos y reportes que son guardados y puestos a disposición para su visualización.|Y
113|es_PE|0|0|Y|2006-11-10 00:02:23|100|2007-11-22 13:03:43|100|PDV|Punto de Venta||Y
107|es_PE|0|0|Y|2006-11-10 00:02:23|100|2009-12-21 17:07:23.209|100|Selección de Pagos (Manual)|Selección manual de pagos||Y
114|es_PE|0|0|Y|2006-11-10 00:02:23|100|2010-01-15 16:18:56.338|100|Convertir Lista de Materiales|Convertir Lista de Materiales|Convierte el Producto según la Lista de Materiales de una Orden de Venta, Factura, etc. Los documentos deben estar en la etapa de elavoración. Asegúrese de que los elementos incluidos en la Lista de Materiales se encuentran en la Lista de Precios de la Orden, Factura, etc; de lo contrario el precio será cero!|Y
1000005|es_PE|0|0|Y|2010-03-29 10:45:48|100|2010-03-29 10:46:00.509|100|Modificar Documento|Modificar Documento|Modificar Documento|N
1000002|es_PE|0|0|Y|2009-04-20 23:09:27|100|2010-08-03 16:27:17.739|100|Transferencia de Almacén|Transferencia de Almacén||N
120|es_PE|0|0|Y|2006-11-10 00:02:23|100|2010-08-03 16:27:48.482|100|Atributo Grilla|Atributo Grilla|Select one or two attributes if a Product Attribute and display/maintain products in a row or table grid.|N
1000006|es_PE|0|0|Y|2010-07-22 10:30:56|100|2010-08-06 21:11:37.13|100|Generar Cupones|Generar Cupones|""|N
1000011|es_PE|0|0|Y|2011-05-13 21:21:51|100|2011-05-13 21:22:19.453|100|Transferencia entre Almacenes|Transferencia entre Almacenes||Y
1000000|es_PE|0|0|Y|2013-10-21 18:17:25.705649|100|2013-10-21 18:17:25.705649|100|POP|Point Of Purchases Terminal|Enter Transactions via a POP Terminal.  Automatically, scans or credit card swipes are recongized.|N
106|es_PE|0|0|Y|2006-11-10 00:02:23|100|2006-11-10 00:13:56|100|Imprimir/Exportar Pagos|Imprimir o exportar sus pagos||N
100|es_PE|0|0|Y|2006-11-10 00:02:23|100|2009-12-21 16:48:52.545|100|Generar Factura (Manual)|Seleccionar y Generar Facturas||N
1000008|es_PE|0|0|Y|2010-10-11 11:07:17|100|2010-10-11 11:07:39|100|Facturas Adelanto|Facturas Adelanto||N
1000016|es_PE|0|0|Y|2016-10-14 13:13:34|100|2016-10-14 13:13:34|100|Bill Exchange |Bill Exchange||N
112|es_PE|0|0|Y|2006-11-10 00:02:23|100|2006-11-10 00:13:56|100|Mezclar Entidades|Mezclar de Entidad en Entidad - De Cancelar|"<i>Peligro - Porfavor este usted enterado de lo que esta haciendo!</i>
Todos los casos de la entidad (ej. Cliente A) son cambiados para otra entidad (ej. Clientes B). 
De la entidad (ej. Suprimen al Cliente A) 
<p><b>Hay NINGUN deshace ni remota, Haga porfavor una reserva</b> Esté por favor enterado que usted puede cambiar los expedientes de historia (ej. facturas, etc.)!
<p><b>Efectos Secundarios:</b> combinandoce los productos es problable torcer costos del producto: La combinación de Socio de negocio puede dar lugar incorrecto a abrir al balance del articulo."|N
1000012|es_PE|0|0|Y|2011-05-13 21:22:51|100|2011-05-13 21:23:38.892|100|Impresora de Transferencias |Impresora de Transferencias||N
110|es_PE|0|0|Y|2006-11-10 00:02:23|100|2009-12-21 16:44:49.396|100|Generar Entrega (Manual)|Seleccionar y Generar Entregas||N
1000010|es_PE|0|0|Y|2011-01-29 12:22:16|100|2011-08-26 21:35:34.368|100|Generar Nota de Credito - Cliente|Generar Nota de Credito - Cliente||N
101|es_PE|0|0|Y|2006-11-10 00:02:23|100|2010-08-19 17:56:17.231|100|Cargador de Archivos para Importar|Cargar Archivos||N
1000017|es_PE|0|0|Y|2017-12-22 23:00:42|0|2017-12-22 23:00:42|0|Transfer Warehouse|Transfer Warehouse|Form to simplify the transfer between Warehouse|N
108|es_PE|0|0|Y|2006-11-10 00:02:23|100|2006-11-10 00:13:56|100|Corresponder OC-Recibo-Factura|Corresponder Ordenes de Compra; Recibos; Facturas de Proveedores||N
1000004|es_PE|0|0|Y|2010-01-19 15:56:53|100|2010-08-06 21:11:12.406|100|Generar Letra de Cambio|Generar Letra de Cambio|Generar Letra de Cambio|N
1000009|es_PE|0|0|Y|2010-11-03 16:13:41|100|2010-11-03 16:14:00.919|100|Calcula Precios Vta|||N
103|es_PE|0|0|Y|2006-11-10 00:02:23|100|2006-11-10 00:13:56|100|Transacciones de Materiales|Transacciones de Materiales||N
1000001|es_PE|0|0|Y|2009-01-02 17:57:34|100|2009-01-02 17:58:36.343|100|Asignacion de Caja|||N
1000014|es_PE|0|0|Y|2011-08-29 18:55:56|100|2011-08-29 18:55:56|100|Retention_Consolidate|||N
104|es_PE|0|0|Y|2006-11-10 00:02:23|100|2006-11-10 00:13:56|100|Asignación de Pagos|Asignar facturas y pagos||N
1000013|es_PE|0|0|Y|2011-08-15 11:17:29|100|2011-08-15 12:49:48.097|100|Generar Notas de Credito - Proveedor|Generar Notas de Credito - Proveedor||N
