115|0|0|Y|2004-03-19 17:13:51|0|2013-01-21 11:14:50|0|Tree Maintenance|Maintain Trees|View and change trees. Maintain the entries in their specific Windows.|6|org.compiere.apps.form.VTreeMaintenance|D|N||6136bc6e-a30a-4306-afd8-e498529d9c79|2013-01-21 11:14:41|N||
119|0|0|Y|2005-12-21 19:10:28|100|2013-01-21 11:14:50|0|Performance Indicators|View Performance Indicators|View all Performance Indicators and Goals|6|org.compiere.apps.graph.ViewPI|D|N||1025d8f6-e4b1-4d11-a24c-6510bc0356c0|2013-01-21 11:14:41|N||
102|0|0|Y|2000-09-25 10:44:57|0|2013-01-21 11:14:51|0|Initial Client Setup|Initial new Client/Tenant Setup|Set up a new Client/Tenant of the system|4|org.compiere.apps.form.VSetup|D|N||2d817e43-ea1d-4475-9f23-c7902994122c|2013-01-21 11:14:41|N||
105|0|0|Y|2001-02-06 18:47:46|0|2013-01-21 11:14:51|0|Generate Charges|Generate Charges from natural accounts|Use the upper portion to create new charges using the general charge accounts.  Use the lower portion to create charges based on the natural account.|3|org.compiere.apps.form.VCharge|D|N||2f4861ab-0953-45d1-b28c-45d63ca05e1c|2013-01-21 11:14:41|N||
111|0|0|Y|2003-04-18 15:31:09|0|2013-01-21 11:14:51|0|SQL Process|Process SQL Statements|Process SQL DDL Statements|4|org.compiere.apps.form.VSQLProcess|D|N||35ceef51-398b-491d-86db-206ec60eccc5|2013-01-21 11:14:41|N||
114|0|0|Y|2003-12-30 10:42:46|0|2013-01-21 11:14:51|0|BOM Drop|Drop (expand) Bill of Materials|Drop the extended Bill of Materials into an Order, Invoice, etc.  The documents need to be in a Drafted stage.  Make sure that the items included in the BOM are on the price list of the Order, Invoice, etc. as otherwise the price will be zero!|1|org.compiere.apps.form.VBOMDrop|D|N||2902f05e-6984-4267-95c5-88396a1ba32c|2013-01-21 11:14:41|N||
118|0|0|Y|2005-01-10 19:02:49|100|2013-01-21 11:14:51|0|Archive Viewer|View automatically archived Documents|Depending on the Client Automatic Archive Level documents and reports are saved and available for view. In the Report Viewer you can manually archive Documents or Reports.  You can only view archives, if you have access to the original document.|6|org.compiere.apps.form.ArchiveViewer|D|N||57dc6975-2197-4d59-8c1f-3809dda53c38|2013-01-21 11:14:41|N||
120|0|0|Y|2006-03-11 11:41:48|100|2013-01-21 11:14:51|0|Product Attribute Grid|Maintain Products with Attributes in a Table Grid|Select one or two attributes if a Product Attribute and display/maintain products in a row or table grid.|3|org.compiere.apps.form.VAttributeGrid|D|N||31d564bd-3351-46d3-91d1-a5abbef6fa65|2013-01-21 11:14:41|N||
1000000|0|0|Y|2007-11-07 11:45:35|100|2013-01-21 11:14:51|0|POP|Point Of Purchases Terminal|Enter Transactions via a POP Terminal.  Automatically, scans or credit card swipes are recongized.|3|org.xendra.pop.PopPanel|D|N||79c0aa4c-c7f7-4017-b4be-06b0944b920c|2013-01-21 11:14:41|N||
113|0|0|Y|2003-12-22 11:37:51|0|2013-01-21 11:14:51|0|POS|Point Of Sales Terminal|Enter Transactions via a POS Terminal.  Automatically, scans or credit card swipes are recongized.|1|org.xendra.pos.PosPanel|D|Y||1ef0c100-8451-4920-88d2-ae0946a6e9e3|2013-01-21 11:14:41|N||
1000002|0|0|Y|2009-04-20 23:09:27|100|2013-01-21 11:14:51|0|Transfer Warehouse|Transfer Warehouse|Form to simplify the transfer between Warehouse|3|org.xendra.apps.form.CTransferWarehouse|D|N||85f4e6a4-62d1-480c-ad35-81b3ad0d98fa|2013-01-21 11:14:41|N||
1000005|0|0|Y|2010-03-29 10:45:48|100|2013-01-21 11:14:51|0|DocumentModify|DocumentModify|DocumentModify|1|org.xendra.apps.form.VInvoiceModify|U|N||641f3b4f-7294-4033-9d9a-ae5fbc692005|2013-01-21 11:14:41|N||
1000006|0|0|Y|2010-07-22 10:30:56|100|2013-01-21 11:14:51|0|Cupon Generator|Cupon Generator|Cupon Generator|1|org.xendra.apps.form.VCouponGen|D|N||f14f0648-a6be-42a0-9c16-0d5c7458f882|2013-01-21 11:14:41|N||
1000011|0|0|Y|2011-05-13 21:21:51|100|2013-01-21 11:14:51|0|CTransferWarehouse|CTransferWarehouse||3|org.xendra.apps.form.CTransferWarehouse|D|N||872bb2fe-2ae7-4a99-89bb-3a34cb436e4b|2013-01-21 11:14:41|N||
116|0|0|Y|2004-03-25 02:01:04|0|2013-01-21 11:14:51|0|Workflow Editor|Edit Workflows|Edit the graphical layout of workflows|6|org.compiere.apps.wf.WFPanel|D|N||8c0ed23f-deb9-44c4-a397-74774f7afca5|2013-01-21 11:14:41|N||
1000014|0|0|Y|2011-08-29 18:55:56|100|2017-12-23 10:27:20|0|Retention_Consolidate|||3|org.xendra.apps.form.VRetentionConsolidate|D|N||bde85a0b-78aa-4f1a-b2ce-a5b001d1d865|2013-01-21 11:14:41|N||
100|0|0|Y|2000-09-04 13:39:07|0|2017-09-13 10:59:13|0|Generate Invoices (manual)|Select and generate invoices|Generate Invoices from Orders.   Select the orders to generate the invoice for.|1|org.compiere.apps.form.VInvoiceGen|D|N||a827791d-a11f-43e2-a541-56d4f2e3ab1f|2013-01-21 11:14:41|N||
106|0|0|Y|2001-07-26 18:04:58|0|2017-12-23 10:27:20|0|Payment Print/Export|Print or export your payments||1|org.compiere.apps.form.VPayPrint|D|N||a718ee31-71dc-4a61-a2ae-abdb07e1cf15|2013-01-21 11:14:41|N||
1000008|0|0|Y|2010-10-11 11:07:17|100|2017-12-23 10:27:20|0|AdvanceBills|AdvanceBills||3|org.xendra.apps.form.VAdvanceBills|D|N||b6c96c9c-2396-4ecd-b615-b02ab5f6f0c2|2013-01-21 11:14:41|N||
1000010|0|0|Y|2011-01-29 12:22:16|100|2017-12-23 10:27:20|0|Generate CreditMemo Customer|CreditMemo||3|org.xendra.apps.form.VCreditMemoGen|D|N||1d711be0-9dcd-4b55-821b-1f6d21652634|2013-01-21 11:14:41|N||
1000001|0|0|Y|2009-01-02 17:57:34|100|2017-12-23 10:27:20|0|CashAllocation|Allocate invoices and Cash||1|org.xendra.apps.form.CAllocation|D|N||69503a0f-ca84-4fe7-9918-29b10bc28379|2013-01-21 11:14:41|N||
1000013|0|0|Y|2011-08-15 11:17:29|100|2017-12-23 10:27:20|0|Generate CreditMemo vendor|CreditMemo||3|org.xendra.apps.form.VCreditMemoVendorGen|D|N||51290ed0-195e-4161-82e2-2cff170e9d69|2013-01-21 11:14:41|N||
110|0|0|Y|2003-01-25 14:31:18|0|2017-09-13 10:59:13|0|Generate Shipments (Manual)|Select and generate shipments|Generate Shipments from Orders.   Select the orders to generate the shipments for.|1|org.compiere.apps.form.VInOutGen|D|N||4cac898a-9385-4ee5-b63b-ac13f204b41b|2013-01-21 11:14:41|N||
1000012|0|0|Y|2011-05-13 21:22:51|100|2017-12-23 10:27:20|0|CTransferWarehousePrint|CTransferWarehousePrint||3|org.xendra.apps.form.CTransferWarehousePrint|D|N||adf34fab-978c-40de-9423-ad9dbc827a50|2013-01-21 11:14:41|N||
108|0|0|Y|2002-02-08 20:38:26|0|2017-09-13 10:59:13|0|Matching PO-Receipt-Invoice|Match Purchase Orders, Receipts, Vendor Invoices|Make sure that the Receipts and Invoices are processed. If you want to match partial shipment, make sure that 'Same Quantity' is not selected.|3|org.compiere.apps.form.VMatch|D|N||126f533c-3639-4147-a06b-39223c60cd1c|2013-01-21 11:14:41|N||
1000009|0|0|Y|2010-11-03 16:13:41|100|2017-12-23 10:27:20|0|CalculateWizardAdquisition|||3|org.xendra.apps.form.VCalculateWizardAdquisition|D|N||1eb51174-bb1e-44e0-9b22-83e3bf1f97a2|2013-01-21 11:14:41|N||
103|0|0|Y|2000-10-31 22:19:31|0|2017-12-23 10:27:20|0|Material Transactions|Material Transactions||3|org.compiere.apps.form.VTrxMaterial|D|N||dc51069c-acff-47a7-958a-6d94a4c5a232|2013-01-21 11:14:41|N||
104|0|0|Y|2001-01-09 16:47:06|0|2017-12-23 10:27:20|0|Payment Allocation|Allocate invoices and payments||1|org.compiere.apps.form.VAllocation|D|N||75d82ad6-f6ad-4e30-af59-ae1263c0b077|2013-01-21 11:14:41|N||
117|0|0|Y|2004-03-25 02:01:59|0|2013-01-21 11:14:51|0|Workflow Activities|My active workflow activities|View active worflow activities|7|org.compiere.apps.wf.WFActivity|D|N||8a439865-c266-4060-ab25-0b59ee4d580d|2013-01-21 11:14:41|N||
109|0|0|Y|2003-01-04 15:19:26|0|2013-01-21 11:14:51|0|Translation Import/Export|Import or Export Language Translation|Export/Import Translation info to/from xml for translation in external tool. Please note that the Language MUST be an enabled and verified System Langage.|4|org.compiere.install.TranslationDialog|D|N||9f56bf98-cc56-46d7-9efd-89333d717ee5|2013-01-21 11:14:41|N||
107|0|0|Y|2001-07-26 18:27:19|0|2013-01-21 11:14:51|0|Payment Selection (manual)|Manual Payment Selection|Select vendor invoices for payment. If you don't see an invoice, make sure that it is not included in a different (nprocessed) Payment Selection.|1|org.compiere.apps.form.VPaySelect|D|N||cf40072c-3280-4142-91bc-57331f9c94cb|2013-01-21 11:14:41|N||
1000017|0|0|Y|2017-12-22 23:00:42|0|2017-12-22 23:00:42|0|Transfer Warehouse|Transfer Warehouse|Form to simplify the transfer between Warehouse|3|org.xendra.transfer.CTransferWarehouse|D|N||85f4e6a4-62d1-480c-ad35-81b3ad0d98fa|2013-01-21 11:14:41|N||
112|0|0|Y|2003-08-09 13:08:17|0|2017-09-13 10:59:13|0|Merge Entities|Merge From Entity to To Entity - Delete From|<i>Dangerous - Please are aware of what you are doing!</i> All instances of the From entity (e.g. Customer A) are changed to the To entity (e.g. Customer B).  The From entity (e.g. Customer A) is deleted.  <p><b>There is NO undo nor trace !  Please do a backup first</b> Please be aware that you may be changing history records (e.g. invoices, etc.) ! </p> <p><b>Side effects:</b> Merging Products are likely to distort product costs: Merging Business Partners may result in incorrect open item balance. Check with support on remedies. <p><b>Restrictions:</b> Accounting and Inventory conflicts are not resolved in this version.|6|org.compiere.apps.form.VMerge|D|N||8c5f0590-7f12-41ac-9f72-51ecd2695102|2013-01-21 11:14:41|N||
101|0|0|Y|2000-09-15 16:32:44|0|2017-09-13 10:59:13|0|Import File Loader|Load flat Files into import tables|The Import File Loader parses the content of a flat file and loads it into import tables. Comments start with a '[' and end with a ']' and are ignored: example: [Some Heading].|6|org.compiere.apps.form.VFileImport|D|N||1c4d4e48-afa4-4c1a-be66-bd7484e95541|2013-01-21 11:14:41|N||
1000004|0|0|Y|2010-01-19 15:56:53|100|2017-12-23 10:27:20|0|Bill Exchange |Bill Exchange||6|org.xendra.apps.form.BillExchange.BillExchangePanel|D|N||982ef46d-9cb5-47df-9c2a-a810fd90c9d2|2016-10-15 01:51:05|Y||
1000016|0|0|Y|2016-10-14 13:13:34|100|2017-09-13 11:46:53|0|Bill Exchange |Bill Exchange||6|org.xendra.apps.form.BillExchange.BillExchangePanel|D|N||982ef46d-9cb5-47df-9c2a-a810fd90c9d2|2016-10-15 01:51:05|Y||
