104|0|0|Y|2003-01-14 22:45:59|0|2000-01-02 00:00:00|0|Accounting - Tax  Balance Sheet|US Tax (1120) Balance Sheet info in the format of AccountingUS.cvs|535|C|N|dbb5b07e-9d85-63f9-8440-2c7edc1879d0
105|0|0|Y|2003-01-14 22:49:21|0|2000-01-02 00:00:00|0|Accounting - Profit&Loss Statement|US Profit & Loss Statement info in the format of AccountingUS.cvs|535|C|N|6a247a88-8dd4-e46b-0667-383fc62a767a
106|0|0|Y|2003-01-14 22:50:17|0|2000-01-02 00:00:00|0|Accounting - Tax Profit&Loss Statement|US Tax (1120) Profit & Loss Statement info in the format of AccountingUS.cvs|535|C|N|fbc10ca2-e36b-0400-c129-e4d8a8a7e31e
102|0|0|Y|2003-01-14 16:29:34|0|2000-01-02 00:00:00|0|Accounting - Accounts|Based on the format of AccountingUS.cvs import natural Accounts|534|C|N|cbee83c9-4a28-bfe7-6eee-bd7f4432dd6c
1000002|0|0|Y|2008-02-14 16:56:05|100|2008-02-14 16:56:05|100|Product||532|C|N|6ba7797c-4867-c983-8522-90f6200e4775
1000003|0|0|Y|2008-02-20 18:23:34|0|2008-02-22 11:35:24|100|Busines Partner||533|C|N|a3eaf0a7-3b29-2920-9953-6e0d00ea21e0
103|0|0|Y|2003-01-14 22:39:49|0|2010-07-27 18:24:14|100|Accounting - Balance Sheet|US Balance Sheet info in the format of AccountingUS.cvs|599|C|N|4aaedab0-d419-ffee-0276-4c045ea9bd54
1000004|0|0|Y|2008-02-25 18:01:51|100|2010-08-19 17:19:21|100|Prices List|List prices for duplicate in many organizations|1000046|C|N|04af3d3f-a3df-b5d4-1d91-936761df871a
1000008|0|0|Y|2010-08-19 17:19:57|100|2010-08-19 17:19:57|100|Order|Sales Order and Porpose Orden|591|C|N|7b7b14c7-e0c1-002e-787a-a2a7a134bb1c
1000010|0|0|Y|2010-12-01 18:42:54|100|2010-12-01 18:42:54|100|Lot||1000163|C|N|5d4a99c5-65e2-2d33-e5ee-67340afc7a82
1000011|0|0|Y|2011-06-28 19:01:50|100|2011-06-28 19:01:50|100|Factura||598|C|N|8c18b929-6a7a-c027-90cc-e7fe6ce1f1b7
1000006|0|0|Y|2010-01-14 16:52:23|100|2011-09-09 10:56:47|100|BoE||1000075|C|N|60f0fb1e-91a2-a7d1-729e-46f2b4b1a239
1000007|0|0|Y|2010-01-26 10:06:06|100|2011-09-23 12:19:31|100|Invoice||598|C|N|b5edb587-b930-878a-9705-88013ed8926b
1000013|0|0|Y|2018-01-06 10:15:54|100|2018-01-06 10:15:54|100|Inventory|Inventory|572|C|N|95976be3-fc37-4467-b5ee-ef054d3c1a1b
