323|es_PE|0|0|Y|2006-11-10 00:02:23|100|2006-11-10 00:13:06|100|Fuente de Impresión|Mantener Fuentes de Impresión|Y
324|es_PE|0|0|Y|2006-11-10 00:02:23|100|2006-11-10 00:13:06|100|Color de Impresión|Mantener Color de Impresión|Y
325|es_PE|0|0|Y|2006-11-10 00:02:23|100|2006-11-10 00:13:06|100|Papel de Impresión|Mantener papel de impresión|Y
326|es_PE|0|0|Y|2006-11-10 00:02:23|100|2006-11-10 00:13:06|100|Impresión|Definición de Impresión|Y
231|es_PE|0|0|Y|2006-11-10 00:02:23|100|2006-11-10 00:13:06|100|Factura Trimestral a Clientes por Proveedor||Y
447|es_PE|0|0|Y|2006-11-10 00:02:23|100|2006-11-10 00:13:06|100|Asunto Oferta|Asunto con respectivas ofertas|Y
448|es_PE|0|0|Y|2006-11-10 00:02:23|100|2006-11-10 00:13:06|100|Tipo de Suscripción|Mantener tipos de Suscripción|Y
465|es_PE|0|0|Y|2006-11-10 00:02:23|100|2006-11-10 00:13:06|100|Mantenimiento del Árbol|Mantener árbol|Y
373|es_PE|0|0|Y|2006-11-10 00:02:23|100|2006-11-10 00:13:06|100|Importar Estado de Cuentas|Importar Estado de Cuentas|Y
374|es_PE|0|0|Y|2006-11-10 00:02:23|100|2006-11-10 00:13:06|100|Importar Pagos|Importar Pagos|Y
375|es_PE|0|0|Y|2006-11-10 00:02:23|100|2006-11-10 00:13:06|100|Click|Mantenga el tecleo del Web|Y
376|es_PE|0|0|Y|2006-11-10 00:02:23|100|2006-11-10 00:13:06|100|Importar Ordenes|Importar Ordenes|Y
377|es_PE|0|0|Y|2006-11-10 00:02:23|100|2006-11-10 00:13:06|100|Programa de Pagos de Facturas|Mantener el Programa de Pagos de Facturas|Y
378|es_PE|0|0|Y|2006-11-10 00:02:23|100|2006-11-10 00:13:06|100|Importar Diario de CG|Importar Diario de CG|Y
379|es_PE|0|0|Y|2006-11-10 00:02:23|100|2006-11-10 00:13:06|100|Alerta|Alterta Adempiere|Y
380|es_PE|0|0|Y|2006-11-10 00:02:23|100|2006-11-10 00:13:06|100|Contador|Contador Web |Y
381|es_PE|0|0|Y|2006-11-10 00:02:23|100|2006-11-10 00:13:06|100|Categoría de Fletes|Mantenimiento a la Categoría de Fletes|Y
382|es_PE|0|0|Y|2006-11-10 00:02:23|100|2006-11-10 00:13:06|100|Importar Factura|Importar Facturas|Y
384|es_PE|0|0|Y|2006-11-10 00:02:23|100|2006-11-10 00:13:06|100|Dimensiones Contables|Mantener las dimensiones contables.|Y
367|es_PE|0|0|Y|2006-11-10 00:02:23|100|2006-11-10 00:13:06|100|Seguridad||Y
397|es_PE|0|0|Y|2006-11-10 00:02:23|100|2006-11-10 00:13:06|100|Mezclar Entidades|Mezclar de Entidad en Entidad - De Cancelar|Y
210|es_PE|0|0|Y|2006-11-10 00:02:23|100|2006-11-10 00:13:06|100|Factura Diaria||Y
211|es_PE|0|0|Y|2006-11-10 00:02:23|100|2006-11-10 00:13:06|100|Factura Mensual||Y
212|es_PE|0|0|Y|2006-11-10 00:02:23|100|2006-11-10 00:13:06|100|Factura Mensual de Producto||Y
213|es_PE|0|0|Y|2006-11-10 00:02:23|100|2006-11-10 00:13:06|100|Factura Semanal de Producto||Y
186|es_PE|0|0|Y|2006-11-10 00:02:23|100|2006-11-10 00:13:06|100|Reconocimiento de Ingresos|Reglas de Reconocimiento de Ingresos|Y
187|es_PE|0|0|Y|2006-11-10 00:02:23|100|2006-11-10 00:13:06|100|Inventario Perpetuo|Mantener reglas de inventario perpetuo|Y
188|es_PE|0|0|Y|2006-11-10 00:02:23|100|2006-11-10 00:13:06|100|Detalles del Proveedor|Mantener detalles del proveedor|Y
321|es_PE|0|0|Y|2006-11-10 00:02:23|100|2006-11-10 00:13:06|100|Recompilar Objetos de BD|Recompilar objetos de la base de datos|Y
190|es_PE|0|0|Y|2006-11-10 00:02:23|100|2006-11-10 00:13:06|100|Saludo|Mantener Saludo|Y
192|es_PE|0|0|Y|2006-11-10 00:02:23|100|2006-11-10 00:13:06|100|Generar Facturas|Generar e imprimir facturas|Y
193|es_PE|0|0|Y|2006-11-10 00:02:23|100|2006-11-10 00:13:06|100|Generar Entregas||Y
194|es_PE|0|0|Y|2006-11-10 00:02:23|100|2006-11-10 00:13:06|100|Transacciones de Ordenes|Reporte de transacciones de Orden de ventas|Y
195|es_PE|0|0|Y|2006-11-10 00:02:23|100|2006-11-10 00:13:06|100|Órdenes Abiertas||Y
196|es_PE|0|0|Y|2006-11-10 00:02:23|100|2006-11-10 00:13:06|100|Reporte de Reabastecimiento||Y
197|es_PE|0|0|Y|2006-11-10 00:02:23|100|2006-11-10 00:13:06|100|Resumen de Transacciones de Producto|Resumen de transacciones de producto|Y
519|es_PE|0|0|Y|2006-11-10 00:02:23|100|2006-11-10 00:13:06|100|Transacción de EDI|Transacción de EDI|Y
201|es_PE|0|0|Y|2006-11-10 00:02:23|100|2006-11-10 00:13:06|100|Vista de Informes|Mantener vistas de Informe|Y
202|es_PE|0|0|Y|2006-11-10 00:02:23|100|2006-11-10 00:13:06|100|Transacciones de Facturas||Y
203|es_PE|0|0|Y|2006-11-10 00:02:23|100|2007-04-27 14:29:50|100|Compras / Requisición-a-Factura||Y
204|es_PE|0|0|Y|2006-11-10 00:02:23|100|2006-11-10 00:13:06|100|Recibo de Material|Despachos de Proveedor (Recibos)|Y
205|es_PE|0|0|Y|2006-11-10 00:02:23|100|2006-11-10 00:13:06|100|Órdenes de Compra|Administrar Ordenes de Compra|Y
206|es_PE|0|0|Y|2006-11-10 00:02:23|100|2006-11-10 00:13:06|100|Facturas (Proveedor)|Entrar Facturas de Proveedor|Y
518|es_PE|0|0|Y|2006-11-10 00:02:23|100|2006-11-10 00:13:06|100|Definición de EDI|Mantener Definición de EDI|Y
361|es_PE|0|0|Y|2006-11-10 00:02:23|100|2006-11-10 00:13:06|100|Recurrente|Documentos Recurrentes|Y
362|es_PE|0|0|Y|2006-11-10 00:02:23|100|2006-11-10 00:13:06|100|Acceso a Roles|Mantener el acceso a roles|Y
363|es_PE|0|0|Y|2006-11-10 00:02:23|100|2006-11-10 00:13:06|100|Importar Inventario|Importar transacciones de inventario|Y
424|es_PE|0|0|Y|2006-11-10 00:02:23|100|2006-11-10 00:13:06|100|Borrar Importación|Borra todos los datos de la tabla de importación|Y
425|es_PE|0|0|Y|2006-11-10 00:02:23|100|2006-11-10 00:13:06|100|Importar Tasa de Cambio|Importar conversion de tasa de cambio.|Y
427|es_PE|0|0|Y|2006-11-10 00:02:23|100|2006-11-10 00:13:06|100|Responsable Flujo Trabajo|Responsable de la execución del flujo de trabajo.|Y
429|es_PE|0|0|Y|2006-11-10 00:02:23|100|2006-11-10 00:13:06|100|Actividad Flujo Trabajo|Monitorea las actividades de flujo de trabajo activas|Y
430|es_PE|0|0|Y|2006-11-10 00:02:23|100|2006-11-10 00:13:06|100|Registrar Atributos|Atributos del registro del activo|Y
431|es_PE|0|0|Y|2006-11-10 00:02:23|100|2006-11-10 00:13:06|100|Registro|Usar registro de activo|Y
200|es_PE|0|0|Y|2006-11-10 00:02:23|100|2010-08-17 18:42:14.537|100|Procesador Solicitudes|Definir Procesador de Solicitudes|Y
432|es_PE|0|0|Y|2006-11-10 00:02:23|100|2006-11-10 00:13:06|100|Impuesto de Factura|Impuesto conciliado de la Factura|Y
433|es_PE|0|0|Y|2006-11-10 00:02:23|100|2006-11-10 00:13:06|100|Detalles de Asientos Contables|Reporte de detalles de asientos contables|Y
159|es_PE|0|0|Y|2006-11-10 00:02:23|100|2006-11-10 00:13:06|100|Servicio||Y
435|es_PE|0|0|Y|2006-11-10 00:02:23|100|2006-11-10 00:13:06|100|Asientos Contables por Período|Detalles de asientos contables resumidos por período de contabilización|Y
436|es_PE|0|0|Y|2006-11-10 00:02:23|100|2006-11-10 00:13:06|100|Reabrir Orden|Abra la orden previamente cerrada|Y
437|es_PE|0|0|Y|2006-11-10 00:02:23|100|2006-11-10 00:13:06|100|Estado de Cuentas|Algoritmo para conciliación de estados de cuenta de los Socios de Negocio, Facturas y Pagos|Y
438|es_PE|0|0|Y|2006-11-10 00:02:23|100|2006-11-10 00:13:06|100|Remesa de Pagos|Remiendos de procesos del pago para EFT|Y
369|es_PE|0|0|Y|2006-11-10 00:02:23|100|2006-11-10 00:13:06|100|Tipo de Hora|Mantenga el tipo de grabación del tiempo|Y
370|es_PE|0|0|Y|2006-11-10 00:02:23|100|2006-11-10 00:13:06|100|Tipo de Costo|Mantener tipos de costos|Y
371|es_PE|0|0|Y|2006-11-10 00:02:23|100|2006-11-10 00:13:06|100|Anuncio|Anuncio Web|Y
372|es_PE|0|0|Y|2006-11-10 00:02:23|100|2006-11-10 00:13:06|100|Web||Y
383|es_PE|0|0|Y|2006-11-10 00:02:23|100|2006-11-10 00:13:06|100|Reinicia Cache |Reinicia el Cache del sitema ** Cerrar todas las ventanas antes de iniciar **|Y
337|es_PE|0|0|Y|2006-11-10 00:02:23|100|2006-11-10 00:13:06|100|Reabrir Solicitud|Reabre una Solicitud Cerrada|Y
338|es_PE|0|0|Y|2006-11-10 00:02:23|100|2006-11-10 00:13:06|100|Importar Conjunto de Lineas de Informe|Importar Conjunto de Lineas de Informe|Y
301|es_PE|0|0|Y|2006-11-10 00:02:23|100|2006-11-10 00:13:06|100|Ventas||Y
302|es_PE|0|0|Y|2006-11-10 00:02:23|100|2006-11-10 00:13:06|100|Transferencia de la base de datos|Transfiere la base de datos|Y
303|es_PE|0|0|Y|2006-11-10 00:02:23|100|2006-11-10 00:13:06|100|Sincronizar Terminología|Sincronizar la terminología dentro del sistema|Y
304|es_PE|0|0|Y|2006-11-10 00:02:23|100|2006-11-10 00:13:06|100|Dar de Baja Cuentas por Cobrar|Dar de baja cuentas por recibir pendientes|Y
306|es_PE|0|0|Y|2006-11-10 00:02:23|100|2006-11-10 00:13:06|100|Reenviar a Registrar|Reenviar registro de documentos que presentaron errores durante su registro|Y
307|es_PE|0|0|Y|2006-11-10 00:02:23|100|2006-11-10 00:13:06|100|Restablecer Contabilidad|Restablecer entradas contables|Y
308|es_PE|0|0|Y|2006-11-10 00:02:23|100|2006-11-10 00:13:06|100|Todas las Solicitudes|Ver y trabajar sobre todas las solicitudes|Y
309|es_PE|0|0|Y|2006-11-10 00:02:23|100|2006-11-10 00:13:06|100|Definición de Solicitudes|Definir Procesamiento de Solicitudes para la Compañía|Y
310|es_PE|0|0|Y|2006-11-10 00:02:23|100|2006-11-10 00:13:06|100|Esquema de Descuento|Mantener esquema de descuentos|Y
311|es_PE|0|0|Y|2006-11-10 00:02:23|100|2006-11-10 00:13:06|100|Reporte de Valor de Inventario|Reporte de valorización del inventario|Y
398|es_PE|0|0|Y|2006-11-10 00:02:23|100|2006-11-10 00:13:06|100|Reporte Ciclo del Proyecto|Reporte del Proyecto basado en un Ciclo de Proyecto|Y
399|es_PE|0|0|Y|2006-11-10 00:02:23|100|2006-11-10 00:13:06|100|Activos del Cliente|Divulgue los activos del cliente con cuenta de la entrega|Y
400|es_PE|0|0|Y|2006-11-10 00:02:23|100|2006-11-10 00:13:06|100|Entrega de Activo|Reporte de entrega de Activos |Y
403|es_PE|0|0|Y|2006-11-10 00:02:23|100|2006-11-10 00:13:06|100|Informe detallado del proyecto de Contabilidad|Informe a detalle de la contabilidad del proyecto.|Y
406|es_PE|0|0|Y|2006-11-10 00:02:23|100|2006-11-10 00:13:06|100|Recalcule Precio Orden/Factura|Recalcule el precio basado en la última versión de la lista de precios de una orden o factura abierta|Y
238|es_PE|0|0|Y|2006-11-10 00:02:23|100|2006-11-10 00:13:06|100|Plantilla de Correo|Mantener Plantilla de Correo|Y
407|es_PE|0|0|Y|2006-11-10 00:02:23|100|2006-11-10 00:13:06|100|Convertir Cotización|Convierte una Propuesta o Cotización abierta a Orden|Y
232|es_PE|0|0|Y|2006-11-10 00:02:23|100|2006-11-10 00:13:06|100|Grupo de Socios de Negocio|Mantener grupos de Socios de Negocio|Y
233|es_PE|0|0|Y|2006-11-10 00:02:23|100|2006-11-10 00:13:06|100|Aviso|Ver avisos del sistema|Y
364|es_PE|0|0|Y|2006-11-10 00:02:23|100|2006-11-10 00:13:06|100|Tipo de Proyecto|Mantener el tipo de proyecto y fase|Y
142|es_PE|0|0|Y|2006-11-10 00:02:23|100|2006-11-10 00:13:06|100|Reglas de Validación|Mantener reglas de validación dinámicas para columnas y campos|Y
143|es_PE|0|0|Y|2006-11-10 00:02:23|100|2006-11-10 00:13:06|100|Mensaje|Mantener mensajes de información y error|Y
144|es_PE|0|0|Y|2006-11-10 00:02:23|100|2006-11-10 00:13:06|100|Menú|Mantener Menú|Y
145|es_PE|0|0|Y|2006-11-10 00:02:23|100|2006-11-10 00:13:06|100|Lenguaje|Mantener Lenguajes|Y
147|es_PE|0|0|Y|2006-11-10 00:02:23|100|2006-11-10 00:13:06|100|Usuario|Mantener Usuarios del Sistema|Y
148|es_PE|0|0|Y|2006-11-10 00:02:23|100|2006-11-10 00:13:06|100|Compañía|Mantener Compañías|Y
149|es_PE|0|0|Y|2006-11-10 00:02:23|100|2006-11-10 00:13:06|100|Organización|Mantener Organizaciones|Y
150|es_PE|0|0|Y|2006-11-10 00:02:23|100|2006-11-10 00:13:06|100|Rol|Mantener Responsabilidades del Usuario|Y
151|es_PE|0|0|Y|2006-11-10 00:02:23|100|2006-11-10 00:13:06|100|Secuencia de Documentos|Mantener secuencias del sistema y de documentos|Y
152|es_PE|0|0|Y|2006-11-10 00:02:23|100|2006-11-10 00:13:06|100|Flujo de Trabajo|Mantener flujo de trabajo|Y
153|es_PE|0|0|Y|2006-11-10 00:02:23|100|2006-11-10 00:13:06|100|Diccionario de la Aplicación|Mantener Diccionario de la Aplicación|Y
537|es_PE|0|0|Y|2006-11-10 00:02:23|100|2006-11-10 00:13:06|100|Limpieza General del Almacén|Limpieza General del Almacenaje de Inventario|Y
554|es_PE|0|0|Y|2006-11-10 00:02:23|100|2006-11-10 00:13:06|100|Producto Facturado Mensualmente|Reporte de Factura por Producto por Més  |Y
464|es_PE|0|0|Y|2006-11-10 00:02:23|100|2006-11-10 00:13:06|100|Distribución CG|Distribución de Contabilidad General|Y
487|es_PE|0|0|Y|2006-11-10 00:02:23|100|2006-11-10 00:13:06|100|Reinicia Contraseña|Reinicia contraseñas para el usuario|Y
495|es_PE|0|0|Y|2006-11-10 00:02:23|100|2006-11-10 00:13:06|100|Actualización de Rol|Actualizar las reglas de acceso de un rol o roles de un cliente.|Y
498|es_PE|0|0|Y|2006-11-10 00:02:23|100|2006-11-10 00:13:06|100|Registro del Sistema|Registrar su sistema|Y
499|es_PE|0|0|Y|2006-11-10 00:02:23|100|2006-11-10 00:13:06|100|Replica Costumización|If you identified customizations in the Change Log, you can reapply them|Y
504|es_PE|0|0|Y|2006-11-10 00:02:23|100|2006-11-10 00:13:06|100|Conversión de UM de un Producto|Respaldo o re-empaque del mismo producto con diferente UM|Y
507|es_PE|0|0|Y|2006-11-10 00:02:23|100|2006-11-10 00:13:06|100|Proceso de Órdenes en Lote|Proceso de Órdenes en Lote|Y
512|es_PE|0|0|Y|2006-11-10 00:02:23|100|2006-11-10 00:13:06|100|Saldos de Socio de Negocio|Saldos de Socio de Negocio|Y
523|es_PE|0|0|Y|2006-11-10 00:02:23|100|2006-11-10 00:13:06|100|Estado de Solicitud|Mantiene el estado de la solicitud|Y
524|es_PE|0|0|Y|2006-11-10 00:02:23|100|2006-11-10 00:13:06|100|Respuesta Estándar de Solicitud|Mantener respuesta estándar de solicitud|Y
525|es_PE|0|0|Y|2006-11-10 00:02:23|100|2006-11-10 00:13:06|100|Respuesta de Solicitud|Mantener respuesta de la solicitud |Y
526|es_PE|0|0|Y|2006-11-10 00:02:23|100|2006-11-10 00:13:06|100|Grupo de Solicitud|Mantener grupo de solicitud|Y
527|es_PE|0|0|Y|2006-11-10 00:02:23|100|2006-11-10 00:13:06|100|Categoria de la Solicitud|Mantener categoria de solicitud|Y
528|es_PE|0|0|Y|2006-11-10 00:02:23|100|2006-11-10 00:13:06|100|Solicitudes||Y
540|es_PE|0|0|Y|2006-11-10 00:02:23|100|2006-11-10 00:13:06|100|Costo de Producto|Reportar Costo de Producto|Y
541|es_PE|0|0|Y|2006-11-10 00:02:23|100|2006-11-10 00:13:06|100|Sumario Costo de Producto|Reporte Sumario Costo de Producto |Y
542|es_PE|0|0|Y|2006-11-10 00:02:23|100|2006-11-10 00:13:06|100|Detalle Costo de Producto|Reportar Detalle Costo de Producto Facturado|Y
230|es_PE|0|0|Y|2006-11-10 00:02:23|100|2006-11-10 00:13:06|100|Factura Trimestral a Clientes por Producto||Y
549|es_PE|0|0|Y|2006-11-10 00:02:23|100|2006-11-10 00:13:06|100|Crear OC desde Requisición|Crear Orden de Compra desde una  Requisición|Y
555|es_PE|0|0|Y|2006-11-10 00:02:23|100|2006-11-10 00:13:06|100|Indicadores de Desempeño|Vista de Indicadores de Desempeño|Y
449|es_PE|0|0|Y|2006-11-10 00:02:23|100|2006-11-10 00:13:06|100|Suscripción|Mantenimiento a suscripciones y entregas|Y
450|es_PE|0|0|Y|2006-11-10 00:02:23|100|2006-11-10 00:13:06|100|Agenda|Mantenimiento a los procesos y los registros del horario|Y
451|es_PE|0|0|Y|2006-11-10 00:02:23|100|2006-11-10 00:13:06|100|Relación Socio de Negocio||Y
453|es_PE|0|0|Y|2006-11-10 00:02:23|100|2006-11-10 00:13:06|100|Tipo del Asunto de la Subasta|Mantenga el tipo y las categorías del asunto de la subasta|Y
558|es_PE|0|0|Y|2006-11-10 00:02:23|100|2006-11-10 00:13:06|100|Relación de Desempeño|Mantener Relación de Desempeño|Y
428|es_PE|0|0|Y|2006-11-10 00:02:23|100|2006-11-10 00:13:06|100|Proceso Flujo Trabajo|Supervise los procesos del flujo de trabajo|Y
434|es_PE|0|0|Y|2006-11-10 00:02:23|100|2006-11-10 00:13:06|100|Asientos Diarios de Contabilidad|Detalles de los Asientos contables resumidos por la fecha de contabilidad|Y
471|es_PE|0|0|Y|2006-11-10 00:02:23|100|2006-11-10 00:13:06|100|Requisiciones Abiertas|Detalle de la información de Ordenes Abiertas.|Y
234|es_PE|0|0|Y|2006-11-10 00:02:23|100|2006-11-10 00:13:06|100|Estado de Cuentas Bancario|Procesar conciliación del estado de cuentas bancario|Y
335|es_PE|0|0|Y|2006-11-10 00:02:23|100|2006-11-10 00:13:06|100|Generar OC desde Orden de Venta|Crear Orden de compra desde orden de ventas|Y
336|es_PE|0|0|Y|2006-11-10 00:02:23|100|2006-11-10 00:13:06|100|Importar/Exportar Traducción|Importar o Exportar Traducción de Lenguaje.|Y
566|es_PE|0|0|Y|2006-11-10 00:02:23|100|2009-10-20 13:43:23.018|100|Contribuciòn|Contribuciòn y mantenimiemto del contenido|Y
351|es_PE|0|0|Y|2006-11-10 00:02:23|100|2006-11-10 00:13:06|100|Mantener Contraseña|Mantener Contraseña|Y
353|es_PE|0|0|Y|2006-11-10 00:02:23|100|2006-11-10 00:13:06|100|Conjunto de Atributos|Mantener el conjunto de atributos de un producto|Y
354|es_PE|0|0|Y|2006-11-10 00:02:23|100|2006-11-10 00:13:06|100|Control No. de Serie|Control del número de serie del producto|Y
355|es_PE|0|0|Y|2006-11-10 00:02:23|100|2006-11-10 00:13:06|100|Lote Control|Control de la porcion del producto.|Y
356|es_PE|0|0|Y|2006-11-10 00:02:23|100|2006-11-10 00:13:06|100|Lote|Lote definido para producto.|Y
300|es_PE|0|0|Y|2006-11-10 00:02:23|100|2006-11-10 00:13:06|100|Banco de Trabajo|Mantener Banco de Trabajo|Y
500|es_PE|0|0|Y|2006-11-10 00:02:23|100|2006-11-10 00:13:06|100|Mueve Flujo de Trabajo|Mueva los elementos de encargo de Flujo de Trabajo al cliente actual. |Y
365|es_PE|0|0|Y|2006-11-10 00:02:23|100|2006-11-10 00:13:06|100|Imprimir Etiqueta|Imprimir formato de etiqueta.|Y
366|es_PE|0|0|Y|2006-11-10 00:02:23|100|2006-11-10 00:13:06|100|Sesión|Lista sesiones de usuario|Y
368|es_PE|0|0|Y|2006-11-10 00:02:23|100|2006-11-10 00:13:06|100|Histórico de Cambios|Histórico de cambios por fecha|Y
339|es_PE|0|0|Y|2006-11-10 00:02:23|100|2006-11-10 00:13:06|100|Importar Cuenta Contable|Importar valores de cuentas contables|Y
340|es_PE|0|0|Y|2006-11-10 00:02:23|100|2006-11-10 00:13:06|100|Importar Productos|Importar Productos|Y
341|es_PE|0|0|Y|2006-11-10 00:02:23|100|2006-11-10 00:13:06|100|Traducción del Lenguaje|Comprueba traducciones del lenguaje|Y
342|es_PE|0|0|Y|2006-11-10 00:02:23|100|2006-11-10 00:13:06|100|Activo|Activo usado internamente de un proveedor|Y
343|es_PE|0|0|Y|2006-11-10 00:02:23|100|2006-11-10 00:13:06|100|Grupo de Activos|Grupo de Activos|Y
344|es_PE|0|0|Y|2006-11-10 00:02:23|100|2006-11-10 00:13:06|100|Entrenamiento|Entrenamiento repetido.|Y
347|es_PE|0|0|Y|2006-11-10 00:02:23|100|2006-11-10 00:13:06|100|Imprime Facturas|Imprima las facturas en papel o para enviar en PDF|Y
348|es_PE|0|0|Y|2006-11-10 00:02:23|100|2006-11-10 00:13:06|100|Entrega de Activos|Entrega de Activos a Clientes electrónicamente|Y
236|es_PE|0|0|Y|2006-11-10 00:02:23|100|2007-04-27 14:30:21|100|Caja y Bancos|Caja y Bancos|Y
457|es_PE|0|0|Y|2006-11-10 00:02:23|100|2006-11-10 00:13:06|100|Órdenes de Venta||Y
459|es_PE|0|0|Y|2006-11-10 00:02:23|100|2006-11-10 00:13:06|100|Entregas||Y
460|es_PE|0|0|Y|2006-11-10 00:02:23|100|2006-11-10 00:13:06|100|Plaza del Mercado||Y
461|es_PE|0|0|Y|2006-11-10 00:02:23|100|2006-11-10 00:13:06|100|Comprobar Secuencia|Compruebe la secuencia del sistema y del documento.|Y
484|es_PE|0|0|Y|2006-11-10 00:02:23|100|2006-11-10 00:13:06|100|Confirmación de Movimientos|Confirma movimientos de inventario |Y
493|es_PE|0|0|Y|2006-11-10 00:02:23|100|2006-11-10 00:13:06|100|Detalle de Recibos de Material|Información a Detalle de la Lista de Materiales|Y
494|es_PE|0|0|Y|2006-11-10 00:02:23|100|2006-11-10 00:13:06|100|Detalle de Entregas|Detalle de Información de Entregas|Y
505|es_PE|0|0|Y|2006-11-10 00:02:23|100|2006-11-10 00:13:06|100|Imprime Carta de Morosidad|Imprime Carta de Morosidad o la envía como PDF|Y
559|es_PE|0|0|Y|2006-11-10 00:02:23|100|2006-11-10 00:13:06|100|Recomendación de Surtimiento|Mantener Recomendación de Surtimiento|Y
561|es_PE|0|0|Y|2006-11-10 00:02:23|100|2006-11-10 00:13:06|100|Surtimiento Conocido|Mantener Surtimiento Conocido|Y
562|es_PE|0|0|Y|2006-11-10 00:02:23|100|2006-11-10 00:13:06|100|Surtimiento al Proyecto|Mantener Surtimiento al Proyecto|Y
550|es_PE|0|0|Y|2006-11-10 00:02:23|100|2006-11-10 00:13:06|100|Control de Presupuesto|Mantener Control de Presupuesto|Y
551|es_PE|0|0|Y|2006-11-10 00:02:23|100|2006-11-10 00:13:06|100|GL Fund (Alpha)|Maintain Fund Controls|N
476|es_PE|0|0|Y|2006-11-10 00:02:23|100|2006-11-10 00:13:06|100|Contra Documentos|Mantenga los tipos contra documento|Y
485|es_PE|0|0|Y|2006-11-10 00:02:23|100|2006-11-10 00:13:06|100|Imprime detalle de Formato|Formato de la impresión con los detalles del artículo|Y
520|es_PE|0|0|Y|2006-11-10 00:02:23|100|2006-11-10 00:13:06|100|Costos de Producto|Mantener costos de producto|Y
521|es_PE|0|0|Y|2006-11-10 00:02:23|100|2006-11-10 00:13:06|100|Elemento de Costo|Mantenga el elemento de costo de producto|Y
529|es_PE|0|0|Y|2006-11-10 00:02:23|100|2006-11-10 00:13:06|100|Tienda Web|Define tienda Web|Y
543|es_PE|0|0|Y|2006-11-10 00:02:23|100|2006-11-10 00:13:06|100|Detalle de Orden|Reportar Detalle de la Orden |Y
544|es_PE|0|0|Y|2006-11-10 00:02:23|100|2006-11-10 00:13:06|100|Detalle Socio del Negocio|Reporte Detalle Socio del Negocio |Y
548|es_PE|0|0|Y|2006-11-10 00:02:23|100|2006-11-10 00:13:06|100|Informe por Jerarquías|Define Informe por Jerarquías|Y
552|es_PE|0|0|Y|2006-11-10 00:02:23|100|2006-11-10 00:13:06|100|Reporte Versión Sistema|Creado Automáticamente o manualmente   ingresado Reporte de Versión de Sistema|Y
469|es_PE|0|0|Y|2006-11-10 00:02:23|100|2006-11-10 00:13:06|100|Editor de Flujo de Trabajo|Editor de Flujo de Trabajo|Y
467|es_PE|0|0|Y|2006-11-10 00:02:23|100|2009-12-21 17:03:37.594|100|Detalles de Respuestas|Detalles Respuesta SPC (RfQ)|Y
470|es_PE|0|0|Y|2006-11-10 00:02:23|100|2006-11-10 00:13:06|100|Actividades del Flujo de Trabajo|Actividades de Flujo de Trabajo activas|Y
513|es_PE|0|0|Y|2006-11-10 00:02:23|100|2009-10-22 10:04:27.062|100|Detalle de la Función de la Comisión.|Reporte del Detalle de la Función de la Comisión.|Y
472|es_PE|0|0|Y|2006-11-10 00:02:23|100|2006-11-10 00:13:06|100|Ejecutar Distribución|El funcionamiento de la distribución crea órdenes para distribuir productos a una lista seleccionada de socios.|Y
474|es_PE|0|0|Y|2006-11-10 00:02:23|100|2006-11-10 00:13:06|100|Entrega Activo del Mes |Sumario de Entrega de Activos por mes|Y
514|es_PE|0|0|Y|2006-11-10 00:02:23|100|2006-11-10 00:13:06|100|Sincroniza la traducción del documento|Sincroniza la traducción del documento|Y
456|es_PE|0|0|Y|2006-11-10 00:02:23|100|2006-11-10 00:13:06|100|Servidor|Mantenimiento del Servidor Adempiere|Y
463|es_PE|0|0|Y|2006-11-10 00:02:23|100|2006-11-10 00:13:06|100|Requisición|Requisición de Material|Y
515|es_PE|0|0|Y|2006-11-10 00:02:23|100|2006-11-10 00:13:06|100|Referencia de Material|Remisión material de las transacciones (Recurso/usado)|Y
530|es_PE|0|0|Y|2006-11-10 00:02:23|100|2006-11-10 00:13:06|100|Posición|Mantener posiciones.|Y
531|es_PE|0|0|Y|2006-11-10 00:02:23|100|2006-11-10 00:13:06|100|Categoria de posición|Categoria de posición|Y
532|es_PE|0|0|Y|2006-11-10 00:02:23|100|2006-11-10 00:13:06|100|Renumeración|Mantener Renumeración|Y
533|es_PE|0|0|Y|2006-11-10 00:02:23|100|2006-11-10 00:13:06|100|LDM aviso de cambio|Mantenga la cuenta del aviso de cambio de los materiales (ingeniería) (versión)|Y
545|es_PE|0|0|Y|2006-11-10 00:02:23|100|2006-11-10 00:13:06|100|Ajuste Instancia de Atributos|Ver Detalle y Emplear Ajuste Instancia de Atributos|Y
237|es_PE|0|0|Y|2006-11-10 00:02:23|100|2006-11-10 00:13:06|100|Solicitud|Trabajar en sus solicitudes|Y
557|es_PE|0|0|Y|2006-11-10 00:02:23|100|2006-11-10 00:13:06|100|Desempeño Punto de Control|Desempeño Punto de Control|Y
462|es_PE|0|0|Y|2006-11-10 00:02:23|100|2006-11-10 00:13:06|100|Cálculo de Morosidad|Definir como realizar los calculos de morosidad.|Y
538|es_PE|0|0|Y|2006-11-10 00:02:23|100|2006-11-10 00:13:06|100|Factura no realizada Perdida/Aumento|Factura no realizada Aumento & Reporte de Perdida|Y
477|es_PE|0|0|Y|2006-11-10 00:02:23|100|2006-11-10 00:13:06|100|Petición|Mantenga la demanda material|Y
478|es_PE|0|0|Y|2006-11-10 00:02:23|100|2006-11-10 00:13:06|100|Pronosticar|Mantenga el pronóstico del material|Y
509|es_PE|0|0|Y|2006-11-10 00:02:23|100|2006-11-10 00:13:06|100|Asignación de Facturas|Facturas no asignadas a los pagos|Y
564|es_PE|0|0|Y|2006-11-10 00:02:23|100|2006-11-10 00:13:06|100|Sistema de Surtimiento|Sistema de Mantenimiento|Y
481|es_PE|0|0|Y|2006-11-10 00:02:23|100|2006-11-10 00:13:06|100|Detalle de Confirmaciones Abiertas|Detalle de Confirmaciones de entregas/Recibos abiertas |Y
482|es_PE|0|0|Y|2006-11-10 00:02:23|100|2006-11-10 00:13:06|100|Confirmaciones Abiertas|Confirmaciones de entregas/Recibos abiertas |Y
483|es_PE|0|0|Y|2006-11-10 00:02:23|100|2006-11-10 00:13:06|100|Proceso de Auditoría|Proceso de Auditoría en uso|Y
497|es_PE|0|0|Y|2006-11-10 00:02:23|100|2006-11-10 00:13:06|100|Asignación (Auto)|Asignación automática de facturas a los pagos     |Y
506|es_PE|0|0|Y|2006-11-10 00:02:23|100|2006-11-10 00:13:06|100|Valida Socio del Negocio|Verifica la consistencia de los datos del Socio de Negocio|Y
508|es_PE|0|0|Y|2006-11-10 00:02:23|100|2006-11-10 00:13:06|100|Visualizador de Archivo|Visualiza automáticamente archivador de documentos|Y
536|es_PE|0|0|Y|2006-11-10 00:02:23|100|2006-11-10 00:13:06|100|Aviso de Cambio||Y
410|es_PE|0|0|Y|2006-11-10 00:02:23|100|2006-11-10 00:13:06|100|Margen del Proyecto (Orden de Trabajo)|El proyecto de la orden de trabajo alinea (rédito previsto) contra las ediciones del proyecto (costos)|Y
411|es_PE|0|0|Y|2006-11-10 00:02:23|100|2006-11-10 00:13:06|100|Detalle de Almacenamiento|Reporte de detalle de almacenaje.|Y
412|es_PE|0|0|Y|2006-11-10 00:02:23|100|2006-11-10 00:13:06|100|Detalle de Transacciones|Reporte de Detalles de Transacciónes|Y
415|es_PE|0|0|Y|2006-11-10 00:02:23|100|2006-11-10 00:13:06|100|Clic's Mensuales|Clic's por mes|Y
416|es_PE|0|0|Y|2006-11-10 00:02:23|100|2006-11-10 00:13:06|100|Clic's sin procesar|Clic's sin procesar|Y
401|es_PE|0|0|Y|2006-11-10 00:02:23|100|2006-11-10 00:13:06|100|Edición del Proyecto|Publique el material para proyectar el recibo o la localización manual del inventario.|Y
402|es_PE|0|0|Y|2006-11-10 00:02:23|100|2006-11-10 00:13:06|100|Genera OC para Proyecto|Genera líneas de OC para proyecto.|Y
408|es_PE|0|0|Y|2006-11-10 00:02:23|100|2006-11-10 00:13:06|100|Etiqueta Impresión|Mantenga la definición de la impresion de la etiqueta.|Y
312|es_PE|0|0|Y|2006-11-10 00:02:23|100|2006-11-10 00:13:06|100|Corresponder OC-Recibo-Factura|Corresponder Ordenes de Compra; Recibos; Facturas de Proveedores|Y
313|es_PE|0|0|Y|2006-11-10 00:02:23|100|2006-11-10 00:13:06|100|Actualizar Costo de Producto|Establecer precio de costo futuro y estándar|Y
314|es_PE|0|0|Y|2006-11-10 00:02:23|100|2006-11-10 00:13:06|100|Reporte de Costo del Producto|Reporte de costo de producto|Y
315|es_PE|0|0|Y|2006-11-10 00:02:23|100|2006-11-10 00:13:06|100|Facturas Cotejadas|Ver facturas cotejadas|Y
316|es_PE|0|0|Y|2006-11-10 00:02:23|100|2006-11-10 00:13:06|100|Cotejar Ordenes de Compra|Ver ordenes de compra cotejadas|Y
317|es_PE|0|0|Y|2006-11-10 00:02:23|100|2006-11-10 00:13:06|100|Tipo de Gasto|Mantener tipos de Informe de gastos|Y
318|es_PE|0|0|Y|2006-11-10 00:02:23|100|2006-11-10 00:13:06|100|Informe de Gasto|Informe de tiempo y gastos|Y
319|es_PE|0|0|Y|2006-11-10 00:02:23|100|2006-11-10 00:13:06|100|Recurso|Mantener Recursos|Y
320|es_PE|0|0|Y|2006-11-10 00:02:23|100|2006-11-10 00:13:06|100|Tipo de Recurso|Mantener tipos de recursos|Y
100|es_PE|0|0|Y|2006-11-10 00:02:23|100|2006-11-10 00:13:06|100|Consulta de Facturas||Y
101|es_PE|0|0|Y|2006-11-10 00:02:23|100|2006-11-10 00:13:06|100|Tarea|Mantener Tareas|Y
102|es_PE|0|0|Y|2006-11-10 00:02:23|100|2006-11-10 00:13:06|100|Moneda|Mantener Monedas|Y
103|es_PE|0|0|Y|2006-11-10 00:02:23|100|2006-11-10 00:13:06|100|Tasa de Cambio|Mantener tasas de cambio|Y
104|es_PE|0|0|Y|2006-11-10 00:02:23|100|2006-11-10 00:13:06|100|Año Calendario y Período|Mantener Períodos de Años Calendarios|Y
106|es_PE|0|0|Y|2006-11-10 00:02:23|100|2006-11-10 00:13:06|100|Combinación de Cuentas|Mantener combinaciones de cuenta válida|Y
107|es_PE|0|0|Y|2006-11-10 00:02:23|100|2006-11-10 00:13:06|100|Unidad de Medida|Mantener Unidad de Medida|Y
108|es_PE|0|0|Y|2006-11-10 00:02:23|100|2006-11-10 00:13:06|100|Localización|Mantener dirección de localización|Y
109|es_PE|0|0|Y|2006-11-10 00:02:23|100|2006-11-10 00:13:06|100|País; Región y Ciudad|Mantener países; regiones y ciudades|Y
110|es_PE|0|0|Y|2006-11-10 00:02:23|100|2006-11-10 00:13:06|100|Socio del Negocio|Mantener socios de negocio|Y
111|es_PE|0|0|Y|2006-11-10 00:02:23|100|2006-11-10 00:13:06|100|Esquema Contable|Mantener esquema de contabilidad-para que los cambios aparezcan hay que salir y entrar a la aplicación de nuevo|Y
114|es_PE|0|0|Y|2006-11-10 00:02:23|100|2006-11-10 00:13:06|100|Anexo|Mantener Anexos|Y
115|es_PE|0|0|Y|2006-11-10 00:02:23|100|2006-11-10 00:13:06|100|Preferencia|Mantener sistema; cliente; Org. Y preferencias de usuario|Y
116|es_PE|0|0|Y|2006-11-10 00:02:23|100|2006-11-10 00:13:06|100|Proyecto|Mantener Proyectos|Y
117|es_PE|0|0|Y|2006-11-10 00:02:23|100|2006-11-10 00:13:06|100|Categoría CG|Mantener Categorías del Libro Mayor|Y
118|es_PE|0|0|Y|2006-11-10 00:02:23|100|2006-11-10 00:13:06|100|Diario de CG|Entrar y cambiar entradas de diario manuales|Y
120|es_PE|0|0|Y|2006-11-10 00:02:23|100|2006-11-10 00:13:06|100|Actividad (ABC)|Mantener actividades de costo por actividad|Y
121|es_PE|0|0|Y|2006-11-10 00:02:23|100|2006-11-10 00:13:06|100|Tipo de Documento|Mantener tipos de documentos|Y
473|es_PE|0|0|Y|2006-11-10 00:02:23|100|2006-11-10 00:13:06|100|Desliga Socio de Negocio de la Organización|Desliga Socio de Negocio de la Organización|Y
123|es_PE|0|0|Y|2006-11-10 00:02:23|100|2006-11-10 00:13:06|100|Tasa de Impuesto|Mantener Impuestos y sus tasas|Y
124|es_PE|0|0|Y|2006-11-10 00:02:23|100|2006-11-10 00:13:06|100|Categoría de Impuesto|Mantener Categorías de Impuestos|Y
125|es_PE|0|0|Y|2006-11-10 00:02:23|100|2006-11-10 00:13:06|100|Almacén y Ubicación|Mantener Almacenes y Ubicación|Y
126|es_PE|0|0|Y|2006-11-10 00:02:23|100|2006-11-10 00:13:06|100|Producto|Mantener Productos|Y
127|es_PE|0|0|Y|2006-11-10 00:02:23|100|2006-11-10 00:13:06|100|Condiciones de Pago|Mantener condiciones de pago|Y
128|es_PE|0|0|Y|2006-11-10 00:02:23|100|2006-11-10 00:13:06|100|Transportista|Mantener Transportistas|Y
129|es_PE|0|0|Y|2006-11-10 00:02:23|100|2006-11-10 00:13:06|100|Órdenes de Venta|Entrar y cambiar ordenes de ventas|Y
130|es_PE|0|0|Y|2006-11-10 00:02:23|100|2006-11-10 00:13:06|100|Categoría de Producto|Mantener categorías de producto|Y
132|es_PE|0|0|Y|2006-11-10 00:02:23|100|2006-11-10 00:13:06|100|Lista de Precios|Mantener lista de precios y producto|Y
133|es_PE|0|0|Y|2006-11-10 00:02:23|100|2006-11-10 00:13:06|100|Programa de Facturación|Mantener Programa de Facturación|Y
134|es_PE|0|0|Y|2006-11-10 00:02:23|100|2006-11-10 00:13:06|100|Campaña de Mercadeo|Mantener Campañas de Mercadeo|Y
135|es_PE|0|0|Y|2006-11-10 00:02:23|100|2006-11-10 00:13:06|100|Presupuesto de CG|Mantener presupuestos de libro mayor|Y
136|es_PE|0|0|Y|2006-11-10 00:02:23|100|2006-11-10 00:13:06|100|Canal de Mercadeo|Mantener Canales de Mercadeo|Y
328|es_PE|0|0|Y|2006-11-10 00:02:23|100|2006-11-10 00:13:06|100|Crear Orden de Venta desde Gastos|Crear Orden de Venta para Cliente desde Gastos|Y
332|es_PE|0|0|Y|2006-11-10 00:02:23|100|2006-11-10 00:13:06|100|Tipo de Solicitud|Mantener Tipo de Solicitudes|Y
333|es_PE|0|0|Y|2006-11-10 00:02:23|100|2006-11-10 00:13:06|100|Área de Interés|Área de Interés ó Tópicos|Y
329|es_PE|0|0|Y|2006-11-10 00:02:23|100|2006-11-10 00:13:06|100|Crear Facturas de Gastos de CXP|Crear facturas de CXP desde gastos a ser reembolsados a empleados|Y
327|es_PE|0|0|Y|2006-11-10 00:02:23|100|2006-11-10 00:13:06|100|Gastos (No Facturados)|Ver Gastos no facturados|Y
137|es_PE|0|0|Y|2006-11-10 00:02:23|100|2006-11-10 00:13:06|100|Región de Ventas|Mantener Regiones de Ventas|Y
139|es_PE|0|0|Y|2006-11-10 00:02:23|100|2006-11-10 00:13:06|100|Tabla y Columna|Mantener tablas y columnas|Y
140|es_PE|0|0|Y|2006-11-10 00:02:23|100|2006-11-10 00:13:06|100|Referencia|Mantener Referencias del Sistema|Y
141|es_PE|0|0|Y|2006-11-10 00:02:23|100|2006-11-10 00:13:06|100|Ventana; Pestaña y Campo|Mantener ventanas; pestañas y campos|Y
1000000|es_PE|0|0|Y|2007-04-27 10:48:45|100|2007-04-27 10:49:03|100|Procesos|Varios procesos para tareas especificas estan aqui.|Y
1000001|es_PE|0|0|Y|2007-04-27 10:50:09|100|2007-04-27 10:50:28|100|Restaurar Factura||N
1000002|es_PE|0|0|Y|2007-04-27 10:51:01|100|2007-04-27 10:52:59|100|Restaurar Orden||Y
1000003|es_PE|0|0|Y|2007-04-27 10:51:54|100|2007-04-27 10:52:05|100|Restaurar Asiento Diario||Y
1000004|es_PE|0|0|Y|2007-04-27 10:52:33|100|2007-04-27 10:52:41|100|Restaurar Pago||Y
1000005|es_PE|0|0|Y|2007-04-27 10:53:31|100|2007-04-27 10:53:42|100|Restaurar Estado de Cuenta Bancario||Y
1000006|es_PE|0|0|Y|2007-04-27 10:54:03|100|2007-04-27 10:54:11|100|Restaurar Caja||N
1000009|es_PE|0|0|Y|2007-04-27 10:55:31|100|2007-04-27 10:55:39|100|Restaurar Envio||Y
1000011|es_PE|0|0|Y|2007-04-27 14:31:24|100|2007-04-27 14:33:54|100|Caja|Caja|Y
1000012|es_PE|0|0|Y|2007-04-27 14:32:19|100|2007-04-27 14:34:00|100|Bancos|Bancos|Y
158|es_PE|0|0|Y|2006-11-10 00:02:23|100|2006-11-10 00:13:06|100|Medición de Desempeño||Y
1000020|es_PE|0|0|Y|2007-05-24 15:28:44|100|2007-05-24 15:29:26|100|Modificar Documento|Modifica algunos campos que normalmente no se pueden modificar. Esta opcion solo deberia ser usada por el Super Usuario o por algun Administrador.|Y
511|es_PE|0|0|Y|2006-11-10 00:02:23|100|2007-07-30 11:41:45|100|Detalles del Pago|Reporte de Detalles de Pagos|Y
492|es_PE|0|0|Y|2006-11-10 00:02:23|100|2006-11-10 00:13:06|100|PDV llave Disposición|PDV Función de llave de disposición|Y
138|es_PE|0|0|Y|2006-11-10 00:02:23|100|2006-11-10 00:13:06|100|Elemento|Mantener elementos de campos|N
1000035|es_PE|0|0|Y|2007-09-10 16:02:51|100|2007-09-10 16:03:09|100|Rubros Contables||N
419|es_PE|0|0|Y|2006-11-10 00:02:23|100|2007-10-03 15:47:37|100|PDV|Punto de Venta|Y
1000044|es_PE|0|0|Y|2007-10-04 12:28:18|100|2007-10-04 12:29:20|100|Terminal PDV|Mantenimiento a terminales de punto de venta|Y
1000097|es_PE|0|0|Y|2009-12-29 11:29:37|100|2010-10-07 11:07:16.981|100|Tipo de Producto|Mantiene el Tipo de Producto|Y
1000047|es_PE|0|0|Y|2007-11-05 15:05:54|100|2007-11-05 15:06:06|100|Reporte de Conciliacion Bancaria|Reporta la conciliacion del Estado de Cuenta, dado a la fecha del estado de cuenta especificado.|Y
1000050|es_PE|0|0|Y|2007-11-07 11:53:53|100|2007-11-07 11:53:53|100|PDC|Terminal de Punto de Compra|N
1000057|es_PE|0|0|Y|2008-01-17 10:28:45|0|2008-01-17 10:28:53|0|Eliminar Factura||Y
239|es_PE|0|0|Y|2006-11-10 00:02:23|100|2006-11-10 00:13:06|100|Atributo Personalizado|Mantener atributos de entidades personalizadas|Y
240|es_PE|0|0|Y|2006-11-10 00:02:23|100|2006-11-10 00:13:06|100|Libro de Efectivo|Mantener libro de efectivo|Y
241|es_PE|0|0|Y|2006-11-10 00:02:23|100|2006-11-10 00:13:06|100|Diario de Efectivo|Transacciones de efectivo|Y
243|es_PE|0|0|Y|2006-11-10 00:02:23|100|2006-11-10 00:13:06|100|Saldos Abiertos|Saldos Abiertos|Y
244|es_PE|0|0|Y|2006-11-10 00:02:23|100|2006-11-10 00:13:06|100|Pagos sin Reconciliar|Pagos no reconciliados con el balance bancario|Y
1000013|es_PE|0|0|Y|2007-05-16 16:02:44|100|2007-05-16 16:03:00|100|Grupos de Documentos|Mantiene una lista de Grupos de Documentos|N
1000014|es_PE|0|0|Y|2007-05-16 19:02:39|100|2016-05-03 19:29:38.326|100|Evaluacion||Y
1000056|es_PE|0|0|Y|2008-01-10 11:05:52|0|2009-12-21 16:19:59.594|100|Actualizacion de Stock para el Kardex||Y
1000052|es_PE|0|0|Y|2007-11-08 15:10:02|100|2009-12-21 17:04:32.442|100|Terminal PDC||Y
1000041|es_PE|0|0|Y|2007-09-24 11:38:37|100|2009-12-21 17:07:56.956|100|Flujo de Caja||Y
245|es_PE|0|0|Y|2006-11-10 00:02:23|100|2006-11-10 00:13:06|100|Asignación de Pagos|Asignar facturas y pagos|Y
334|es_PE|0|0|Y|2006-11-10 00:02:23|100|2006-11-10 00:13:06|100|Sistema|Definición del sistema|Y
246|es_PE|0|0|Y|2006-11-10 00:02:23|100|2006-11-10 00:13:06|100|Asignación de Pago|Pago-Factura-Asignación|Y
249|es_PE|0|0|Y|2006-11-10 00:02:23|100|2006-11-10 00:13:06|100|Grupo de Campos|Definir grupo de campos|Y
560|es_PE|0|0|Y|2006-11-10 00:02:23|100|2006-11-10 00:13:06|100|Estado de Surtimiento|Mantener Estado de Surtimiento|Y
563|es_PE|0|0|Y|2006-11-10 00:02:23|100|2006-11-10 00:13:06|100|Usuario del Surtimiento |Usuario que reportó el surtimiento |Y
251|es_PE|0|0|Y|2006-11-10 00:02:23|100|2006-11-10 00:13:06|100|Consulta de Asignación|Consulta de Asignación|Y
252|es_PE|0|0|Y|2006-11-10 00:02:23|100|2006-11-10 00:13:06|100|Resumen de Facturas||Y
253|es_PE|0|0|Y|2006-11-10 00:02:23|100|2006-11-10 00:13:06|100|Detalles de Facturas||Y
254|es_PE|0|0|Y|2006-11-10 00:02:23|100|2006-11-10 00:13:06|100|Generar Cargos|Generar cargos desde cuentas contables|Y
255|es_PE|0|0|Y|2006-11-10 00:02:23|100|2006-11-10 00:13:06|100|Selección de Pago|Seleccionar facturas para pago|Y
1000037|es_PE|0|0|Y|2007-09-12 19:15:03|100|2009-01-06 11:38:23.968|100|Kardex|Carding of Products|N
256|es_PE|0|0|Y|2006-11-10 00:02:23|100|2006-11-10 00:13:06|100|Valor de Transacción de Producto|Valor de transacciones de producto|Y
257|es_PE|0|0|Y|2006-11-10 00:02:23|100|2006-11-10 00:13:06|100|Comisión|Mantener Comisiones|Y
258|es_PE|0|0|Y|2006-11-10 00:02:23|100|2006-11-10 00:13:06|100|Ciclo de Proyecto|Mantener Ciclos de Proyecto|Y
1000059|es_PE|0|0|Y|2008-02-25 18:13:30|100|2009-10-22 10:22:51.08|100|Importar Lista de Precios|Importar Lista de Precios|Y
260|es_PE|0|0|Y|2006-11-10 00:02:23|100|2006-11-10 00:13:06|100|Reporte Ciclo del Proyecto|Estado del Ciclo de proyecto|Y
413|es_PE|0|0|Y|2006-11-10 00:02:23|100|2006-11-10 00:13:06|100|Antiguedad|Reporte Antiguedad|Y
414|es_PE|0|0|Y|2006-11-10 00:02:23|100|2006-11-10 00:13:06|100|Info Agente|Información del agente de la compañía (Representante de ventas)|Y
417|es_PE|0|0|Y|2006-11-10 00:02:23|100|2006-11-10 00:13:06|100|Documentos sin Aplicar|Documentos sin aplicar|Y
404|es_PE|0|0|Y|2006-11-10 00:02:23|100|2006-11-10 00:13:06|100|Líneas del proyecto no publicadas|Las listas proyectan las líneas de una orden de trabajo o de un proyecto del activo, que no se publican al proyecto|Y
405|es_PE|0|0|Y|2006-11-10 00:02:23|100|2006-11-10 00:13:06|100|Posición del Proyecto no Publicada|Proyecte las líneas con las ordenes de compra generadas de una orden de trabajo o de un proyecto del activo, que no se publican al proyecto.|Y
421|es_PE|0|0|Y|2006-11-10 00:02:23|100|2006-11-10 00:13:06|100|Organización del Producto|Determinado y verifique la propiedad de la organización de productos|Y
422|es_PE|0|0|Y|2006-11-10 00:02:23|100|2006-11-10 00:13:06|100|Almacén de Organización|Active y verifique la propiedad de la organizacion del almacén.|Y
423|es_PE|0|0|Y|2006-11-10 00:02:23|100|2006-11-10 00:13:06|100|Carga de Estado de cuentas|Carga de Estado de cuentas|Y
155|es_PE|0|0|Y|2006-11-10 00:02:23|100|2006-11-10 00:13:06|100|Reglas Generales||Y
156|es_PE|0|0|Y|2006-11-10 00:02:23|100|2006-11-10 00:13:06|100|Reglas de la Compañía|Mantener Reglas de Compañía|Y
157|es_PE|0|0|Y|2006-11-10 00:02:23|100|2006-11-10 00:13:06|100|Datos|Mantener Datos|Y
160|es_PE|0|0|Y|2006-11-10 00:02:23|100|2006-11-10 00:13:06|100|Gestión de Proyectos||Y
161|es_PE|0|0|Y|2006-11-10 00:02:23|100|2006-11-10 00:13:06|100|Reglas del Sistema|Reglas Generales del Sistema|Y
163|es_PE|0|0|Y|2006-11-10 00:02:23|100|2006-11-10 00:13:06|100|Importar Datos||Y
164|es_PE|0|0|Y|2006-11-10 00:02:23|100|2006-11-10 00:13:06|100|Reglas Contables||Y
166|es_PE|0|0|Y|2006-11-10 00:02:23|100|2007-04-27 14:29:36|100|Ventas / Cotización-a-Factura||Y
169|es_PE|0|0|Y|2006-11-10 00:02:23|100|2006-11-10 00:13:06|100|Asientos Contables|Asientos Contables|Y
1000046|es_PE|0|0|Y|2007-10-31 10:23:09|100|2007-10-31 10:23:22|100|Cierre Anual de Contabilidad||N
170|es_PE|0|0|Y|2006-11-10 00:02:23|100|2006-11-10 00:13:06|100|Árbol e Imagen de Nodo|Mantener Definición de Árboles|Y
171|es_PE|0|0|Y|2006-11-10 00:02:23|100|2006-11-10 00:13:06|100|Banco|Mantener Bancos|Y
172|es_PE|0|0|Y|2006-11-10 00:02:23|100|2006-11-10 00:13:06|100|Morosidad|Mantener niveles de morosidad|Y
331|es_PE|0|0|Y|2006-11-10 00:02:23|100|2006-11-10 00:13:06|100|Formato de Tabla de Impresión|Definir formato de tabla de informe|Y
173|es_PE|0|0|Y|2006-11-10 00:02:23|100|2006-11-10 00:13:06|100|Retención (1099)|Mantener certificados de retención|Y
174|es_PE|0|0|Y|2006-11-10 00:02:23|100|2006-11-10 00:13:06|100|Cargo|Mantener Cargos|Y
175|es_PE|0|0|Y|2006-11-10 00:02:23|100|2006-11-10 00:13:06|100|Reglas de la Organización||Y
176|es_PE|0|0|Y|2006-11-10 00:02:23|100|2006-11-10 00:13:06|100|Informe y  Proceso|Mantener informes y procesos|Y
349|es_PE|0|0|Y|2006-11-10 00:02:23|100|2006-11-10 00:13:06|100|Gastos (No Reembolsables)|Ver gastos y cargos no reembolsables|Y
178|es_PE|0|0|Y|2006-11-10 00:02:23|100|2006-11-10 00:13:06|100|Facturas (Cliente)|Entrar factura de cliente|Y
261|es_PE|0|0|Y|2006-11-10 00:02:23|100|2006-11-10 00:13:06|100|Revisión de Configuración Inicial de Compañía|Revisar la Configuración de una nueva compañía a nivel de sistema|Y
264|es_PE|0|0|Y|2006-11-10 00:02:23|100|2006-11-10 00:13:06|100|Cálculo de Comisión|Revisar y Modificar Comisiones|Y
265|es_PE|0|0|Y|2006-11-10 00:02:23|100|2006-11-10 00:13:06|100|Configuración de Contabilidad|Revisar y cambiar definición contable.|Y
266|es_PE|0|0|Y|2006-11-10 00:02:23|100|2006-11-10 00:13:06|100|Configuración de Socio del Negocio|Configuración de Socio del Negocio|Y
267|es_PE|0|0|Y|2006-11-10 00:02:23|100|2006-11-10 00:13:06|100|Definición de Listas de Precios|Definir Listas de Precio y Descuentos|Y
268|es_PE|0|0|Y|2006-11-10 00:02:23|100|2006-11-10 00:13:06|100|Definición de Producto|Definir Productos|Y
269|es_PE|0|0|Y|2006-11-10 00:02:23|100|2006-11-10 00:13:06|100|Definición de Ventas|Definir Ventas|Y
270|es_PE|0|0|Y|2006-11-10 00:02:23|100|2006-11-10 00:13:06|100|Definición de Impuestos|Definir Calculo de Impuestos|Y
271|es_PE|0|0|Y|2006-11-10 00:02:23|100|2006-11-10 00:13:06|100|Servicios|Administrar Servicios|Y
272|es_PE|0|0|Y|2006-11-10 00:02:23|100|2006-11-10 00:13:06|100|Reglas de Ventas y Mercadotecnia||Y
275|es_PE|0|0|Y|2006-11-10 00:02:23|100|2006-11-10 00:13:06|100|Objetivo de desempeño|Definir objetivos de desempeño|Y
1000024|es_PE|0|0|Y|2007-07-10 14:51:31|100|2009-01-02 18:32:25.203|100|Cuentas por meses||N
276|es_PE|0|0|Y|2006-11-10 00:02:23|100|2006-11-10 00:13:06|100|Cálculo de Medida de Desempeño|Definir cómo calcular las mediciones de desempeño|Y
418|es_PE|0|0|Y|2006-11-10 00:02:23|100|2006-11-10 00:13:06|100|Tipo de Moneda|Mantiene tipos de conversión de moneda.|Y
420|es_PE|0|0|Y|2006-11-10 00:02:23|100|2006-11-10 00:13:06|100|Organización del Socio de Negocio|Seleccione y verifique la propiedad de la organización de los socios de negocio.|Y
179|es_PE|0|0|Y|2006-11-10 00:02:23|100|2006-11-10 00:13:06|100|Inventario Físico|Entrar Inventario Físico|Y
277|es_PE|0|0|Y|2006-11-10 00:02:23|100|2006-11-10 00:13:06|100|Definición de Medición de Desempeño|Definir Medición de Desempeño|Y
279|es_PE|0|0|Y|2006-11-10 00:02:23|100|2006-11-10 00:13:06|100|Medida de Desempeño|Definir mediciones de desempeño|Y
280|es_PE|0|0|Y|2006-11-10 00:02:23|100|2006-11-10 00:13:06|100|Informes Financieros||Y
281|es_PE|0|0|Y|2006-11-10 00:02:23|100|2006-11-10 00:13:06|100|Informe Financiero|Mantener Informes financieros|Y
282|es_PE|0|0|Y|2006-11-10 00:02:23|100|2006-11-10 00:13:06|100|Columna de Informe|Mantener columnas del informe financiero|Y
283|es_PE|0|0|Y|2006-11-10 00:02:23|100|2006-11-10 00:13:06|100|Línea de Informe|Mantener líneas del informe financiero|Y
284|es_PE|0|0|Y|2006-11-10 00:02:23|100|2006-11-10 00:13:06|100|Nivel de Servicio|Mantener niveles de servicio|Y
287|es_PE|0|0|Y|2006-11-10 00:02:23|100|2006-11-10 00:13:06|100|Imprimir/Exportar Pagos|Imprimir o exportar sus pagos|Y
288|es_PE|0|0|Y|2006-11-10 00:02:23|100|2006-11-10 00:13:06|100|Detalle de Diario de Caja|Información de detalle de asientos de caja|Y
289|es_PE|0|0|Y|2006-11-10 00:02:23|100|2006-11-10 00:13:06|100|Exporta la base de datos|Exporta (Guardar) la base de datos|Y
290|es_PE|0|0|Y|2006-11-10 00:02:23|100|2006-11-10 00:13:06|100|Encontrar (uso indirecto)|Dialogo de encontrar (uso indirecto)|Y
278|es_PE|0|0|Y|2006-11-10 00:02:23|100|2010-06-21 14:53:21.551|100|Contabilidad||Y
293|es_PE|0|0|Y|2006-11-10 00:02:23|100|2006-11-10 00:13:06|100|Forma de Impresión|Mantener formas de Impresión (facturas; cheques;...)|Y
294|es_PE|0|0|Y|2006-11-10 00:02:23|100|2006-11-10 00:13:06|100|Color del Sistema|Mantener Sistema de Colores|Y
295|es_PE|0|0|Y|2006-11-10 00:02:23|100|2006-11-10 00:13:06|100|Escritorio|Mantener Escritorio|Y
296|es_PE|0|0|Y|2006-11-10 00:02:23|100|2006-11-10 00:13:06|100|Imagen del Sistema|Mantener Imágenes|Y
352|es_PE|0|0|Y|2006-11-10 00:02:23|100|2006-11-10 00:13:06|100|Transacciones de Balances Contables|Transacciones de Balances Contables|Y
357|es_PE|0|0|Y|2006-11-10 00:02:23|100|2006-11-10 00:13:06|100|Atributos del Producto||Y
358|es_PE|0|0|Y|2006-11-10 00:02:23|100|2006-11-10 00:13:06|100|Búsqueda de Atributo|Búsqueda Comun de Atributos |Y
359|es_PE|0|0|Y|2006-11-10 00:02:23|100|2006-11-10 00:13:06|100|Atributos|Atributos del Producto|Y
360|es_PE|0|0|Y|2006-11-10 00:02:23|100|2006-11-10 00:13:06|100|Factura de Gastos (Alfa)|Pagos de facturas de gastos - Esta es una funcionalidad Alfa|Y
180|es_PE|0|0|Y|2006-11-10 00:02:23|100|2006-11-10 00:13:06|100|Entregas (Cliente)|Entrega de Inventario a Clientes|Y
181|es_PE|0|0|Y|2006-11-10 00:02:23|100|2006-11-10 00:13:06|100|Movimiento de Inventario|Movimiento de Inventario|Y
183|es_PE|0|0|Y|2006-11-10 00:02:23|100|2006-11-10 00:13:06|100|Gestión de Materiales||Y
185|es_PE|0|0|Y|2006-11-10 00:02:23|100|2006-11-10 00:13:06|100|Importar Socio de Negocio|Importar Socio de Negocio|Y
387|es_PE|0|0|Y|2006-11-10 00:02:23|100|2006-11-10 00:13:06|100|Proyecto (Orden)|Mantener proyecto de orden de ventas y orden de trabajo|Y
393|es_PE|0|0|Y|2006-11-10 00:02:23|100|2006-11-10 00:13:06|100|Actualiza Balance Contable|Actualización de Balances Diarios de Contabilidad|Y
396|es_PE|0|0|Y|2006-11-10 00:02:23|100|2006-11-10 00:13:06|100|Envía Texto Mail|Envie los Email a los suscriptores activos de un grupo de socios de negocio o área de interés.|Y
441|es_PE|0|0|Y|2006-11-10 00:02:23|100|2006-11-10 00:13:06|100|Tipo Organización|Mantiene tipos de organización|Y
442|es_PE|0|0|Y|2006-11-10 00:02:23|100|2006-11-10 00:13:06|100|Comprador De la Subasta|Mantenga la Información del comprador de la subasta|Y
443|es_PE|0|0|Y|2006-11-10 00:02:23|100|2006-11-10 00:13:06|100|Vendedor de la Subasta|Mantenga la Información del Vendedor de la Subasta|Y
444|es_PE|0|0|Y|2006-11-10 00:02:23|100|2006-11-10 00:13:06|100|Paquete|Maneje los paquetes del envío|Y
445|es_PE|0|0|Y|2006-11-10 00:02:23|100|2006-11-10 00:13:06|100|Lista de Distribución|Mantener lista de distribución.|Y
214|es_PE|0|0|Y|2006-11-10 00:02:23|100|2006-11-10 00:13:06|100|Factura Mensual de Proveedor||Y
215|es_PE|0|0|Y|2006-11-10 00:02:23|100|2006-11-10 00:13:06|100|Factura Semanal||Y
216|es_PE|0|0|Y|2006-11-10 00:02:23|100|2006-11-10 00:13:06|100|Formas|Formas especiales|Y
219|es_PE|0|0|Y|2006-11-10 00:02:23|100|2006-11-10 00:13:06|100|Definir Proyecto y su uso|Definición de proyectos y sus Informes|Y
220|es_PE|0|0|Y|2006-11-10 00:02:23|100|2006-11-10 00:13:06|100|Version Java|Despliega la versión de la Máquina Virtual Java Predeterminada|Y
221|es_PE|0|0|Y|2006-11-10 00:02:23|100|2006-11-10 00:13:06|100|Mensaje de Error|Desplegar mensajes de error|Y
222|es_PE|0|0|Y|2006-11-10 00:02:23|100|2006-11-10 00:13:06|100|Formato Importación de Datos|Mantener formatos del cargador del importador de datos|Y
224|es_PE|0|0|Y|2006-11-10 00:02:23|100|2006-11-10 00:13:06|100|Definir Lenguaje|Definir un nuevo lenguaje y traducir sus elementos.|Y
225|es_PE|0|0|Y|2006-11-10 00:02:23|100|2006-11-10 00:13:06|100|Configuración Inicial de Compañía|Configuración Inicial de Compañía|Y
227|es_PE|0|0|Y|2006-11-10 00:02:23|100|2006-11-10 00:13:06|100|Selección de Proveedor|Productos con más de un proveedor|Y
228|es_PE|0|0|Y|2006-11-10 00:02:23|100|2006-11-10 00:13:06|100|Producción|Producción basada en Lista de Partes|Y
229|es_PE|0|0|Y|2006-11-10 00:02:23|100|2006-11-10 00:13:06|100|Transacciones de Materiales|Transacciones de Materiales|Y
322|es_PE|0|0|Y|2006-11-10 00:02:23|100|2006-11-10 00:13:06|100|Formato de Impresión|Mantener formatos de impresión|Y
501|es_PE|0|0|Y|2006-11-10 00:02:23|100|2006-11-10 00:13:06|100|Flujo de Trabajo|Flujo de Trabajo Adempiere|Y
488|es_PE|0|0|Y|2006-11-10 00:02:23|100|2006-11-10 00:13:06|100|Criterio ANS|Criterio acuerdo del porcentaje de disponibilidad|Y
489|es_PE|0|0|Y|2006-11-10 00:02:23|100|2006-11-10 00:13:06|100|ANS por Socio|Acuerdo del porcentaje de disponibilidad|Y
479|es_PE|0|0|Y|2006-11-10 00:02:23|100|2006-11-10 00:13:06|100|Confirmación Entrega/Recibo|Confirmación de entrega ó recibo de material|Y
556|es_PE|0|0|Y|2006-11-10 00:02:23|100|2006-11-10 00:13:06|100|Esquema de Color del Desempeño|Mantener Esquema de Color del Desempeño |Y
594|es_PE|0|0|Y|2006-12-12 01:35:31|0|2006-12-12 01:35:31|0|LDAP Server|LDAP Server to authenticate and authorize external systems based on Adempiere|N
50001|es_PE|0|0|Y|2006-12-12 01:35:31|0|2006-12-12 01:35:31|0|Application Packaging|Import and export packaging|N
1000064|es_PE|0|0|Y|2008-12-29 12:26:34|100|2008-12-29 12:28:27.5|100|PDV||Y
1000068|es_PE|0|0|Y|2009-01-06 11:41:09|100|2009-01-06 11:41:09|100|Reportes||N
1000069|es_PE|0|0|Y|2009-01-06 11:45:00|100|2009-01-06 11:45:00|100|Para el Analisis||N
167|es_PE|0|0|Y|2006-11-10 00:02:23|100|2009-01-13 11:59:59.703|100|Reglas de Gestión de Materiales||Y
1000073|es_PE|0|0|Y|2009-03-23 17:34:27|100|2009-04-12 21:28:29.5|100|Tipo de Mantenimiento|Tipo de Mantenimiento|N
223|es_PE|0|0|Y|2006-11-10 00:02:23|100|2010-08-19 17:56:04.408|100|Cargador de Archivos para Importar|Cargar Archivos|Y
1000060|es_PE|0|0|Y|2008-03-03 12:28:39|0|2009-04-14 11:48:48.468|100|Actividad|Maintains a list of Control Activity|Y
1000061|es_PE|0|0|Y|2008-07-25 11:38:25|0|2009-04-14 12:07:25.859|100|Tarea|Mantiene el listado de las Unidades de Aplicacion|Y
1000076|es_PE|0|0|Y|2009-04-16 12:01:30|100|2009-04-16 12:01:38.437|100|Riesgos||N
586|es_PE|0|0|Y|2006-11-10 00:02:23|100|2009-10-20 11:35:49.412|100|Tipo de entidad|El sistema da soporte  al tipo de entidad|Y
1000093|es_PE|0|0|Y|2009-12-21 17:21:12|100|2009-12-21 17:21:12|100|Costos||N
589|es_PE|0|0|Y|2006-11-10 00:02:23|100|2009-10-20 12:15:34.154|100|Informaciòn de ventana|Define la informaciòn y busca/selecciona la ventana|Y
50008|es_PE|0|0|Y|2007-10-25 12:29:09|100|2009-10-20 12:48:53.377|100|configuraciòn del sistema|configuraciòn del sistema|Y
535|es_PE|0|0|Y|2006-11-10 00:02:23|100|2009-10-20 13:26:52.931|100|Factura de solicitud|Crear factura para solicitud|Y
1000067|es_PE|0|0|Y|2009-01-06 11:11:27|100|2009-12-21 16:20:58.831|100|Transacciones||N
585|es_PE|0|0|Y|2006-11-10 00:02:23|100|2009-12-21 16:21:47.769|100|Verificar Lista de Materiales|Verificar configuración de la lista de materiales|Y
490|es_PE|0|0|Y|2006-11-10 00:02:23|100|2009-10-22 10:00:51.466|100|Esquema de Lista de precios|Mantiene al esquema de lista de precios|Y
50007|es_PE|0|0|Y|2006-12-12 01:35:31|0|2009-10-22 10:11:02.291|100|Copiar Rol|Copiar rol|Y
1000083|es_PE|0|0|Y|2009-12-04 14:24:58|100|2009-12-04 14:24:58|100|Plan Contable Empresarial|Maintain Account Elements|N
1000085|es_PE|0|0|Y|2009-12-21 16:20:30|100|2009-12-21 16:20:30|100|Producción||N
503|es_PE|0|0|Y|2006-11-10 00:02:23|100|2009-12-21 16:22:52.535|100|Inventario Uso Interno|Incorpora el uso interno del inventario.|Y
292|es_PE|0|0|Y|2006-11-10 00:02:23|100|2009-12-21 16:25:03.308|100|Transacciones de Materiales (Uso Indirecto)|Transacciones de Materiales (uso indirecto)|Y
534|es_PE|0|0|Y|2006-11-10 00:02:23|100|2009-12-21 16:32:03.394|100|Lista de Materiales|Mantiene la lista de materiales (productos)|Y
263|es_PE|0|0|Y|2006-11-10 00:02:23|100|2009-12-21 16:36:02.274|100|Relación con Socios de Negocio|Gestión de la relación con Clientes y Socios|Y
165|es_PE|0|0|Y|2006-11-10 00:02:23|100|2009-12-21 16:36:08.281|100|Reglas de Socios del Negocio||Y
346|es_PE|0|0|Y|2006-11-10 00:02:23|100|2009-12-21 16:44:36.143|100|Generar Entrega (Manual)|Seleccionar y Generar Entregas|Y
480|es_PE|0|0|Y|2006-11-10 00:02:23|100|2009-12-21 16:45:27.461|100|Tipo de Devolución de Material|Tipo autorización para devoluciones de material|Y
1000065|es_PE|0|0|Y|2009-01-02 18:12:21|100|2010-09-03 12:37:10.851|100|Asignacion de Caja||N
455|es_PE|0|0|Y|2006-11-10 00:02:23|100|2009-12-21 16:46:31.171|100|Devolución de Material|Manajador de autorización para devoluciones de material|Y
217|es_PE|0|0|Y|2006-11-10 00:02:23|100|2009-12-21 16:48:41.96|100|Generar Factura (Manual)|Seleccionar y Generar Facturas|Y
553|es_PE|0|0|Y|2006-11-10 00:02:23|100|2009-12-21 16:49:59.695|100|Facturación Trimestral por Producto|Reportar Facturación por Producto por Trimestre|Y
1000086|es_PE|0|0|Y|2009-12-21 16:50:39|100|2009-12-21 16:50:39|100|Solicitudes de Cotización||N
1000087|es_PE|0|0|Y|2009-12-21 16:51:16|100|2009-12-21 16:51:16|100|Requisición||N
1000088|es_PE|0|0|Y|2009-12-21 16:52:01|100|2009-12-21 16:52:01|100|Orden de Compra||N
1000089|es_PE|0|0|Y|2009-12-21 16:52:23|100|2009-12-21 16:52:23|100|Factura||N
1000074|es_PE|0|0|Y|2009-03-23 21:23:25|100|2010-03-30 11:36:47.09|100|Orden de Taller|Orden de Taller|N
1000077|es_PE|0|0|Y|2009-04-21 19:24:39|100|2010-03-30 11:38:10.688|100|Transferencia de Almacen||N
1000090|es_PE|0|0|Y|2009-12-21 16:52:47|100|2009-12-21 16:52:47|100|PDC||N
466|es_PE|0|0|Y|2006-11-10 00:02:23|100|2009-12-21 16:57:09.695|100|Respuesta de Solicitud de Cotización|Mantenimiento a SPC (RfQ) Respuestas|Y
454|es_PE|0|0|Y|2006-11-10 00:02:23|100|2009-12-21 16:57:15.739|100|Solicitud de Cotización|Mantenimiento a Solicitudes para Cotización|Y
468|es_PE|0|0|Y|2006-11-10 00:02:23|100|2009-12-21 16:59:25.049|100|Solicitud de Cotización Sin Responder|Respuestas RfQ Exepcionales|Y
1000063|es_PE|0|0|Y|2008-12-27 17:45:05|100|2010-07-19 14:45:01.21|100|Eliminar Cliente|Configuraciòn Eliminar cliente|Y
1000040|es_PE|0|0|Y|2007-09-21 16:54:44|100|2010-08-17 18:45:02.009|100|Procesador Flujo de Efectivo|Mantener el procesador del flujo de efectivo y  registrarlo|Y
50009|es_PE|0|0|Y|2007-10-25 12:29:09|100|2010-08-17 18:46:58.262|100|Procesador Solicitud de EMail|Configuración del procesador de solicitud de Email|Y
452|es_PE|0|0|Y|2006-11-10 00:02:23|100|2009-12-21 17:02:24.234|100|Asunto de Solicitud de Cotización|Mantenimiento al asunto SPC (RfQ) y los subscriptores|Y
286|es_PE|0|0|Y|2006-11-10 00:02:23|100|2009-12-21 17:07:14.646|100|Selección de Pagos (Manual)|Selección manual de pagos|Y
1000053|es_PE|0|0|Y|2007-11-08 17:08:47|100|2009-12-21 17:08:05.551|100|Flujo de Caja|Configuraciòn de flujo de caja|Y
510|es_PE|0|0|Y|2006-11-10 00:02:23|100|2009-12-21 17:10:21.584|100|Facturas no Asignadas|Facturas no asignadas a los pagos|Y
345|es_PE|0|0|Y|2006-11-10 00:02:23|100|2009-12-21 17:13:18.823|100|Gestión de Activos||Y
1000091|es_PE|0|0|Y|2009-12-21 17:17:14|100|2009-12-21 17:17:14|100|Configuración de Impuestos||N
409|es_PE|0|0|Y|2006-11-10 00:02:23|100|2009-12-21 17:20:27.385|100|Verifica Tipos de Documento|Verifica tipos de Documento|Y
516|es_PE|0|0|Y|2006-11-10 00:02:23|100|2009-12-21 17:20:54.406|100|Facturas por Lote|Costo de facturas por lote|Y
546|es_PE|0|0|Y|2006-11-10 00:02:23|100|2009-12-21 17:24:37.81|100|Crear Registro de Costeo|Crear Registro de Costeo|Y
1000094|es_PE|0|0|Y|2009-12-21 17:25:07|100|2009-12-21 17:25:07|100|Presupuestos||N
1000070|es_PE|0|0|Y|2009-01-06 11:47:53|100|2009-12-21 17:26:28.714|100|Configuracion Inicial||Y
1000092|es_PE|0|0|Y|2009-12-21 17:19:23|100|2009-12-21 17:32:11.609|100|Configuración Documentos||N
1000071|es_PE|0|0|Y|2009-01-06 11:52:48|100|2009-12-21 17:33:14.037|100|Transacciones||Y
1000139|es_PE|0|0|Y|2010-05-31 16:40:05|100|2016-05-12 09:32:02.897|100|Formato 03.18 - I&B Flujo Efectivo||N
1000079|es_PE|0|0|Y|2009-08-13 00:25:01|100|2009-08-13 00:25:01|100|prodsaldo||N
1000078|es_PE|0|0|Y|2009-07-31 21:50:27|100|2009-07-31 21:50:27|100|POS por producto||N
1000098|es_PE|0|0|Y|2009-12-29 11:46:50|100|2009-12-29 11:58:07.966|100|Grupo de Producto|Mantiene Grupo de Producto|Y
1000100|es_PE|0|0|Y|2009-12-29 12:25:07|100|2009-12-29 14:25:00.971|100|Genérico de un Producto|Mantiene el nombre Genérico de un Producto|Y
426|es_PE|0|0|Y|2006-11-10 00:02:23|100|2010-01-15 16:16:40.845|100|Convertir Lista de Materiales|Drop (expand) Bill of Materials|Y
1000109|es_PE|0|0|Y|2010-01-19 15:08:54|100|2010-01-19 15:10:13.664|100|Importar Letra de Cambio|Importar Letra de Cambio|Y
235|es_PE|0|0|Y|2006-11-10 00:02:23|100|2010-03-19 14:26:46.948|100|Movimiento Bancario|Procesar Movimiento Bancario|Y
1000111|es_PE|0|0|Y|2010-03-29 10:35:21|100|2010-03-29 10:35:30.292|100|Libro Contable||N
1000112|es_PE|0|0|Y|2010-03-29 10:46:36|100|2010-03-29 10:46:48.26|100|Modificar Documento|Modificar Documento|N
1000113|es_PE|0|0|Y|2010-03-30 11:29:31|100|2010-03-30 11:29:39.039|100|Letras|Letras|N
1000114|es_PE|0|0|Y|2010-03-30 11:34:21|100|2010-03-30 11:34:21|100|Ordenes de Trabajo|Ordenes de Trabajo|N
502|es_PE|0|0|Y|2006-11-10 00:02:23|100|2010-06-21 14:53:31.478|100|Mayor Analítico|Balanza de Comprobación para un Periodo o un Rango de Fechas |Y
1000043|es_PE|0|0|Y|2007-09-28 12:21:00|100|2010-07-06 02:34:22.549|100|Categoria de Flujo|""|Y
1000110|es_PE|0|0|Y|2010-01-19 16:18:31|100|2010-08-06 21:10:56.082|100|Generar Letra de Cambio|Generar Letra de Cambio|Y
458|es_PE|0|0|Y|2006-11-10 00:02:23|100|2010-07-19 16:18:37.585|100|Facturas||Y
1000084|es_PE|0|0|Y|2009-12-14 16:27:37|100|2010-07-20 09:15:34.706|100|Letra de Cambio (Cliente)||Y
1000143|es_PE|0|0|Y|2010-07-20 09:16:15|100|2010-07-20 09:23:28.39|100|Letra de Cambio (Proveedor)|""|N
1000144|es_PE|0|0|Y|2010-07-20 20:02:50|100|2010-07-20 20:03:01.362|100|Planilla Bco / Letra||N
486|es_PE|0|0|Y|2006-11-10 00:02:23|100|2010-07-27 16:00:20.239|100|Importar Confirmación|Importa Recibo/Entrega linea de confirmación|Y
1000146|es_PE|0|0|Y|2010-08-06 11:49:08|100|2010-08-06 11:49:16.094|100|Cupón|Coupon|N
565|es_PE|0|0|Y|2006-11-10 00:02:23|100|2010-08-06 20:25:43.353|100|Atributo Grilla|Mantiene los productos con atributos en una tabla Grid |Y
1000147|es_PE|0|0|Y|2010-08-06 11:50:51|100|2010-08-06 21:11:42.475|100|Generar Cupones|Generar Cupones|N
1000149|es_PE|0|0|Y|2010-08-17 11:18:40|100|2010-08-17 11:18:47.804|100|Retenciones|Retenciones|N
1000101|es_PE|0|0|Y|2009-12-29 14:04:31|100|2010-10-07 11:08:05.844|100|Linea de Producto|Mantiene Linea de Producto|Y
446|es_PE|0|0|Y|2006-11-10 00:02:23|100|2010-08-17 18:34:23.213|100|Procesador Alertas|Mantenimiento al procesador de Alertas/ Parámetro y registros del servidor|Y
440|es_PE|0|0|Y|2006-11-10 00:02:23|100|2010-08-17 18:38:00.44|100|Procesador Contabilidad|Mantenimiento al procesador de contabilidad y logs |Y
1000148|es_PE|0|0|Y|2010-08-17 11:16:42|100|2010-08-17 12:06:59.154|100|Spot|Spot|N
439|es_PE|0|0|Y|2006-11-10 00:02:23|100|2010-08-17 18:40:37.061|100|Procesador Flujos de Trabajo|Mantener procesador de flujo de trabajo y logs.|Y
394|es_PE|0|0|Y|2006-11-10 00:02:23|100|2010-10-07 11:16:59.854|100|Info del Socio de Negocio|Documento de informacion para socio de negocio.|Y
1000152|es_PE|0|0|Y|2010-11-03 16:15:39|100|2010-11-03 16:16:05.563|100|Calcular Precios de Vta||Y
1000155|es_PE|0|0|Y|2010-11-26 16:57:33|100|2010-11-26 16:57:33|100|Import Lot||N
1000157|es_PE|0|0|Y|2010-11-29 20:03:43|100|2010-11-29 20:03:43|100|SequenceCheck||N
1000167|es_PE|0|0|Y|2010-12-21 23:17:00|100|2010-12-21 23:19:11.628|100|Reportes||Y
1000117|es_PE|0|0|Y|2010-05-13 17:05:26|100|2016-05-12 09:27:23.202|100|Formato 01.2 - Bancos||N
1000119|es_PE|0|0|Y|2010-05-24 16:22:46|100|2016-05-12 09:38:30.078|100|Formato 14.1 - Registro Ventas||N
1000127|es_PE|0|0|Y|2010-05-31 15:56:41|100|2016-05-12 09:28:56.598|100|Formato 03.6 - I&B Cta 19||N
1000140|es_PE|0|0|Y|2010-05-31 16:40:29|100|2016-05-12 09:32:17.783|100|Formato 03.19 - I&B Patrimonio||N
1000138|es_PE|0|0|Y|2010-05-31 16:38:06|100|2016-05-12 09:31:28.286|100|Formato 03.17 - I&B Comprobación||N
1000129|es_PE|0|0|Y|2010-05-31 15:59:20|100|2016-05-12 09:29:26.797|100|Formato 03.8 - I&B Cta 31||N
1000131|es_PE|0|0|Y|2010-05-31 16:30:49|100|2016-05-12 09:29:55.421|100|Formato 03.10 - I&B Cta 40||N
1000123|es_PE|0|0|Y|2010-05-31 12:03:46|100|2016-05-12 09:28:01.486|100|Formato 03.2 - I&B Cta 10||N
1000134|es_PE|0|0|Y|2010-05-31 16:31:46|100|2016-05-12 09:30:36.621|100|Formato 03.13 - I&B Cta 46||N
1000163|es_PE|0|0|Y|2010-12-16 20:30:05|100|2016-05-14 14:03:58.272|100|Ventas al Credito por Socio||Y
1000142|es_PE|0|0|Y|2010-05-31 16:43:08|100|2016-05-12 09:32:29.829|100|Formato 03.20 - I&B Resultados||N
1000122|es_PE|0|0|Y|2010-05-31 12:03:19|100|2016-05-12 09:27:47.403|100|Formato 03.1 - I&B Balance||N
1000124|es_PE|0|0|Y|2010-05-31 15:55:53|100|2016-05-12 09:28:16.513|100|Formato 03.3 - I&B Cta 12||N
1000137|es_PE|0|0|Y|2010-05-31 16:37:33|100|2016-05-12 09:31:16.925|100|Formato 03.16 - I&B Cta 50||N
1000126|es_PE|0|0|Y|2010-05-31 15:56:25|100|2016-05-12 09:28:42.518|100|Formato 03.5 - I&B Cta 16||N
1000120|es_PE|0|0|Y|2010-05-24 16:52:48|100|2016-05-12 09:36:38.807|100|Formato 05.1 - Diario||N
1000125|es_PE|0|0|Y|2010-05-31 15:56:10|100|2016-05-12 09:28:29.17|100|Formato 03.4 - I&B Cta 14||N
1000165|es_PE|0|0|Y|2010-12-19 16:25:58|100|2016-05-05 11:56:07.378|100|Ventas de Productos TopTen||N
1000132|es_PE|0|0|Y|2010-05-31 16:31:12|100|2016-05-12 09:30:09.679|100|Formato 03.11 - I&B Cta 41||N
1000135|es_PE|0|0|Y|2010-05-31 16:33:35|100|2016-05-12 09:30:53.23|100|Formato 03.14 - I&B Cta 47||N
1000121|es_PE|0|0|Y|2010-05-24 16:53:40|100|2016-05-12 09:37:26.449|100|Formato 06.1 - Mayor||N
1000168|es_PE|0|0|Y|2010-12-21 23:18:06|100|2010-12-21 23:18:06|100|Ventas por Tienda||N
1000104|es_PE|0|0|Y|2010-01-13 16:01:52|100|2016-05-06 11:14:59.697|100|Retiro de Material||Y
1000158|es_PE|0|0|Y|2010-12-06 16:43:22|100|2010-12-06 16:43:22|100|Vendibles||N
1000118|es_PE|0|0|Y|2010-05-24 16:20:20|100|2016-05-12 09:38:05.712|100|Formato 08.1 - Registro Compras||N
1000162|es_PE|0|0|Y|2010-12-16 16:49:36|100|2010-12-16 16:50:13.848|100|Detalle de Vtas - Contado y Credito||N
1000160|es_PE|0|0|Y|2010-12-15 11:08:13|100|2010-12-15 11:08:13|100|Reporte de Vtas por Docuemto||N
1000055|es_PE|0|0|Y|2007-12-21 17:27:42|0|2016-05-14 15:44:48.077|100|Reporte de Ventas - PDV||N
1000159|es_PE|0|0|Y|2010-12-13 15:15:11|100|2010-12-13 15:16:34.854|100|Resumen de Ventas - PDV||N
1000133|es_PE|0|0|Y|2010-05-31 16:31:31|100|2016-05-12 09:30:23.209|100|Formato 03.12 - I&B Cta 42||N
1000166|es_PE|0|0|Y|2010-12-19 18:57:21|100|2010-12-19 18:57:21|100|StorageValidate|StorageValidate|N
1000172|es_PE|0|0|Y|2011-01-12 21:41:25|100|2011-01-12 21:41:44.184|100|Ventas Packs||N
1000174|es_PE|0|0|Y|2011-01-13 12:02:17|100|2011-01-13 12:02:17|100|Pendientes por Cliente||N
1000176|es_PE|0|0|Y|2011-01-13 16:01:09|100|2011-01-13 16:14:57.426|100|Ventas||Y
1000178|es_PE|0|0|Y|2011-01-13 16:17:30|100|2011-01-13 16:17:30|100|Stock||N
1000177|es_PE|0|0|Y|2011-01-13 16:15:38|100|2011-01-13 16:17:49.541|100|Productos||N
1000179|es_PE|0|0|Y|2011-01-13 16:18:47|100|2011-01-13 16:18:47|100|Por Cobrar||N
1000180|es_PE|0|0|Y|2011-01-14 15:44:13|100|2011-01-14 15:44:32.779|100|N/C Distribuidora|N/C Distribuidora|N
496|es_PE|0|0|Y|2006-11-10 00:02:23|100|2011-11-16 13:57:10.02|100|Restaurar Asignación|Reinicia (Borra) Asignación automática de facturas a los pagos     |Y
1000184|es_PE|0|0|Y|2011-01-29 12:24:21|100|2011-01-29 12:24:21|100|Notas de Credito||N
1000227|es_PE|0|0|Y|2011-10-10 09:45:04|100|2011-10-10 09:45:04|100|Planilla por Gasto de Movilidad||N
1000190|es_PE|0|0|Y|2011-03-26 13:32:04|100|2011-03-26 13:32:04|100|Vendedor por Laboratorio Linea||N
1000199|es_PE|0|0|Y|2011-04-27 17:37:10|100|2011-04-27 17:37:10|100|Compras||N
1000203|es_PE|0|0|Y|2011-05-13 22:40:44|100|2011-05-13 22:40:44|100|Transferencia entre Almacenes||N
1000204|es_PE|0|0|Y|2011-05-13 22:41:11|100|2011-05-13 22:41:11|100|Impresora de Almacenes||N
1000212|es_PE|0|0|Y|2011-08-17 12:36:00|100|2011-08-17 12:36:00|100|Productos por Vencer||N
1000183|es_PE|0|0|Y|2011-01-29 12:23:10|100|2011-08-17 15:39:34.417|100|Generador de Notas de Credito - Cliente||Y
1000213|es_PE|0|0|Y|2011-08-26 22:00:37|100|2011-08-26 22:00:37|100|Nota de Credito||N
1000211|es_PE|0|0|Y|2011-08-15 12:53:53|100|2011-08-26 22:01:45.283|100|Nota de Credito - proveedor||N
1000215|es_PE|0|0|Y|2011-08-29 19:05:33|100|2011-08-29 19:05:33|100|Retenciones||N
1000216|es_PE|0|0|Y|2011-08-29 19:06:26|100|2011-08-29 19:06:26|100|Retenciones Recogidas||N
1000218|es_PE|0|0|Y|2011-09-07 12:08:12|100|2011-09-07 12:08:12|100|Letras Pendientes||N
1000219|es_PE|0|0|Y|2011-09-07 12:08:43|100|2011-09-07 12:08:43|100|Letras||N
1000231|es_PE|0|0|Y|2011-11-09 11:33:13|100|2011-11-09 11:33:13|100|Cobertura por lab y precio de compra||N
1000238|es_PE|0|0|Y|2011-12-05 15:20:24|100|2011-12-05 15:20:24|100|Por Pagar||N
1000239|es_PE|0|0|Y|2011-12-05 15:21:45|100|2011-12-05 15:21:45|100|Estado de Cta Proveedor||N
1000173|es_PE|0|0|Y|2011-01-12 23:55:32|100|2016-05-04 16:30:20.024|100|Pendientes por Vendedor||Y
1000200|es_PE|0|0|Y|2011-04-28 16:42:59|100|2016-05-04 21:57:50.498|100|Compras por organizacion||Y
1000205|es_PE|0|0|Y|2011-05-31 16:35:56|100|2011-05-31 16:35:56|100|Vendibles por Linea||N
1000223|es_PE|0|0|Y|2011-09-13 10:09:30|100|2016-05-06 17:08:39.819|100|Cobertura de Laboratorio por Tipo de Vendedor||N
1000220|es_PE|0|0|Y|2011-09-11 16:02:33|100|2016-05-05 16:31:18.252|100|Cobertura de laboratorio Detallada||N
1000221|es_PE|0|0|Y|2011-09-11 16:14:48|100|2016-05-05 16:31:44.551|100|Cobertura de Laboratorio por Clientes||N
1000224|es_PE|0|0|Y|2011-09-13 10:14:17|100|2011-09-13 10:14:17|100|Cobertura de Linea por Tipo de Vendedor||N
1000208|es_PE|0|0|Y|2011-07-14 19:28:41|100|2016-05-05 16:32:01.517|100|Cobertura de Laboratorio por producto||N
1000244|es_PE|0|0|Y|2012-01-13 09:50:22|100|2012-01-13 09:50:27.317|100|Estado De Cuentas Bancario||N
1000189|es_PE|0|0|Y|2011-03-23 18:58:08|100|2016-05-05 16:57:43.205|100|Cobertura de Vendedor por Cliente||N
1000237|es_PE|0|0|Y|2011-12-05 15:19:17|100|2011-12-05 15:19:17|100|Estado de Cta Cliente||N
1000242|es_PE|0|0|Y|2011-12-21 11:05:50|100|2011-12-21 11:05:50|100|Ranking de Vendedores||N
1000164|es_PE|0|0|Y|2010-12-19 16:03:54|100|2011-04-28 19:36:20|100|Ventas por Tipo de Vendedor||N
1000171|es_PE|0|0|Y|2011-01-07 16:34:26|100|2011-04-28 19:36:33.14|100|Ventas Por Tipo de Vendedor y Producto||N
1000210|es_PE|0|0|Y|2011-07-20 17:59:14|100|2011-07-20 17:59:14|100|Pago de Incentivos por Lab||N
1000182|es_PE|0|0|Y|2011-01-28 16:08:23|100|2011-01-28 16:08:23|100|Ventas por Linea Por Tienda||N
1000181|es_PE|0|0|Y|2011-01-25 15:32:08|100|2011-01-25 15:32:08|100|Ventas por Linea||N
1000209|es_PE|0|0|Y|2011-07-20 16:19:38|100|2011-07-20 16:19:38|100|Incentivos por Laboratorio||N
1000233|es_PE|0|0|Y|2011-11-12 13:02:09|100|2011-11-12 13:02:09|100|Cuotas Vendedor por Laboratorio||N
1000243|es_PE|0|0|Y|2011-12-29 12:36:46|100|2011-12-29 12:36:46|100|Ratio de Productos||N
1000234|es_PE|0|0|Y|2011-11-26 13:54:20|100|2011-11-26 13:54:20|100|Vendibles Laboratorios Exclusivos||N
1000226|es_PE|0|0|Y|2011-09-26 09:31:44|100|2011-09-26 09:31:44|100|Vendibles Sin Laboratorios Exclusivos||N
1000235|es_PE|0|0|Y|2011-11-29 10:47:30|100|2011-11-29 10:47:30|100|Compras por Laboratorio||N
1000191|es_PE|0|0|Y|2011-03-30 19:57:09|100|2016-05-05 10:14:17.798|100|Compras por Fechas||N
1000175|es_PE|0|0|Y|2011-01-13 16:00:29|100|2011-01-13 16:16:50.418|100|Stock Por Linea||N
1000222|es_PE|0|0|Y|2011-09-11 16:16:08|100|2016-05-06 17:09:01.745|100|Cobertura de Laboratorio por Departamento||N
1000207|es_PE|0|0|Y|2011-07-14 09:53:27|100|2016-05-05 18:33:35.694|100|Cobertura de Laboratorio por Linea||N
1000256|es_PE|0|0|Y|2012-03-15 17:38:43|100|2012-03-15 17:38:43|100|dbtoxml||N
1000259|es_PE|0|0|Y|2012-10-12 10:21:10|100|2012-10-12 10:21:10|100|System Admin||N
1000260|es_PE|0|0|Y|2016-03-18 13:58:52|100|2016-03-18 13:58:52|100|Stock Picker||N
1000262|es_PE|0|0|Y|2016-05-02 11:40:27|100|2016-05-02 11:40:27|100|Contabilidad||N
1000115|es_PE|0|0|Y|2010-05-13 16:50:04|100|2016-05-02 11:49:42.346|100|Libros Sunat||Y
1000307|es_PE|0|0|Y|2016-05-12 10:34:08|100|2016-05-12 10:34:08|100|Comparativo Ventas Mensual sin IGV||N
1000280|es_PE|0|0|Y|2016-05-10 17:34:31|100|2016-05-10 17:34:37.259|100|Costo Contable||Y
1000254|es_PE|0|0|Y|2012-02-22 09:43:46|100|2012-02-22 09:43:46|100|DAOT Clientes||N
1000281|es_PE|0|0|Y|2016-05-10 17:35:17|100|2016-05-10 17:35:17|100|Cuenta por Libro||N
1000255|es_PE|0|0|Y|2012-02-22 13:41:07|100|2012-02-22 13:41:07|100|DAOT Proveedores||N
1000263|es_PE|0|0|Y|2016-05-03 19:08:38|100|2016-05-03 19:08:38|100|Listados||N
1000264|es_PE|0|0|Y|2016-05-03 19:34:54|100|2016-05-03 19:34:54|100|xendra||N
1000265|es_PE|0|0|Y|2016-05-03 19:35:02|100|2016-05-03 19:35:02|100|jasper||N
1000266|es_PE|0|0|Y|2016-05-03 19:37:01|100|2016-05-03 19:37:01|100|DAOT Proveedores Resumen||N
1000267|es_PE|0|0|Y|2016-05-03 19:37:21|100|2016-05-03 19:37:21|100|DAOT Clientes Resumen||N
1000248|es_PE|0|0|Y|2012-01-18 18:41:16|100|2012-01-18 18:41:16|100|Analisis Cta 6||N
1000283|es_PE|0|0|Y|2016-05-10 17:37:57|100|2016-05-10 17:37:57|100|Resumen de compras por TipDoc||N
1000284|es_PE|0|0|Y|2016-05-10 17:39:24|100|2016-05-10 17:39:24|100|Resumen de Ventas||N
1000268|es_PE|0|0|Y|2016-05-04 10:51:54|100|2016-05-04 10:51:54|100|Hoja de Trabajo|Hoja de Trabajo|N
1000285|es_PE|0|0|Y|2016-05-10 17:40:10|100|2016-05-10 17:40:10|100|Resumen de Ventas por TipDoc||N
1000269|es_PE|0|0|Y|2016-05-04 10:56:11|100|2016-05-04 10:56:55.929|100|Formato 01.1.1 Caja Resumen||Y
1000270|es_PE|0|0|Y|2016-05-04 10:58:09|100|2016-05-04 10:58:09|100|Formato 01.2.1 Bancos Resumen||N
1000286|es_PE|0|0|Y|2016-05-10 17:41:13|100|2016-05-10 17:41:13|100|Cuentas por TipDoc||N
1000287|es_PE|0|0|Y|2016-05-10 17:42:07|100|2016-05-10 17:42:07|100|Cuentas Detalle por TipDoc||N
1000288|es_PE|0|0|Y|2016-05-10 17:43:00|100|2016-05-10 17:43:00|100|Resumen de compras por TipDoc||N
1000271|es_PE|0|0|Y|2016-05-04 11:00:17|100|2016-05-12 09:38:51.847|100|Formato 14.1.2 Registro Ventas Resumen||N
1000128|es_PE|0|0|Y|2010-05-31 15:58:45|100|2016-05-12 09:29:10.415|100|Formato 03.7 - I&B Cta 20 y 21||N
1000304|es_PE|0|0|Y|2016-05-12 10:15:07|100|2016-05-12 10:15:07|100|Cobertura Vendedor por Tipo de venta||N
1000289|es_PE|0|0|Y|2016-05-11 09:40:52|100|2016-05-11 09:40:52|100|Obligaciones por Socio A fecha||N
1000305|es_PE|0|0|Y|2016-05-12 10:26:27|100|2016-05-12 10:26:27|100|Comparativo Ventas sin IGV||N
1000290|es_PE|0|0|Y|2016-05-11 09:50:16|100|2016-05-11 09:50:16|100|Obligaciones por Socio||N
1000308|es_PE|0|0|Y|2016-05-12 10:44:06|100|2016-05-12 10:44:06|100|Ventas Cobranza Vendedor Sin IGV||N
1000277|es_PE|0|0|Y|2016-05-04 11:12:20|100|2016-05-04 11:12:20|100|Ventanas en evaluacion||N
547|es_PE|0|0|Y|2006-11-10 00:02:23|100|2006-11-10 00:13:06|100|Declaración de Impuestos|Define declaración de impuestos a las autoridades|N
1000278|es_PE|0|0|Y|2016-05-04 12:59:18|100|2016-05-04 12:59:18|100|Finanzas||N
1000291|es_PE|0|0|Y|2016-05-11 10:14:16|100|2016-05-11 10:14:16|100|Obligaciones por Mes por Documento||N
1000292|es_PE|0|0|Y|2016-05-11 10:15:10|100|2016-05-11 10:15:10|100|Cobranzas por vendedor||N
1000249|es_PE|0|0|Y|2012-01-25 10:23:03|100|2016-05-04 18:24:00.711|100|ComprasTotales||N
1000252|es_PE|0|0|Y|2012-02-20 18:28:39|100|2012-02-20 18:28:39|100|Ranking Laboratorios||N
1000253|es_PE|0|0|Y|2012-02-21 09:41:36|100|2012-02-21 09:41:36|100|Vendibles Consumo||N
1000293|es_PE|0|0|Y|2016-05-11 10:40:15|100|2016-05-11 10:40:15|100|Cobranzas Detalle por Vendedor||N
1000294|es_PE|0|0|Y|2016-05-11 15:20:31|100|2016-05-11 15:20:31|100|Gerencia||N
1000295|es_PE|0|0|Y|2016-05-11 15:30:14|100|2016-05-11 15:30:14|100|Ranking de Clientes||N
1000296|es_PE|0|0|Y|2016-05-11 15:44:52|100|2016-05-11 15:44:52|100|Cobertura por Laboratorio||N
1000297|es_PE|0|0|Y|2016-05-11 16:09:36|100|2016-05-11 16:09:36|100|Ventas Laboratorio por vendedor||N
1000298|es_PE|0|0|Y|2016-05-11 16:28:05|100|2016-05-11 16:28:05|100|Ventas Vendedor por producto||N
1000299|es_PE|0|0|Y|2016-05-11 18:16:34|100|2016-05-11 18:16:34|100|Ranking de Productos||N
1000300|es_PE|0|0|Y|2016-05-11 18:50:39|100|2016-05-11 18:50:39|100|Ranking de productos Quebrados||N
1000301|es_PE|0|0|Y|2016-05-11 19:22:40|100|2016-05-11 19:22:40|100|Stock Valorizado||N
1000302|es_PE|0|0|Y|2016-05-11 19:23:14|100|2016-05-11 19:23:14|100|Stock Valorizado por Laboratorio||N
1000116|es_PE|0|0|Y|2010-05-13 16:59:33|100|2016-05-12 09:27:05.032|100|Formato 01.1 - Caja||N
1000303|es_PE|0|0|Y|2016-05-11 19:34:41|100|2016-05-11 19:36:01.549|100|Cobertura Vendedor por Laboratorio||Y
1000272|es_PE|0|0|Y|2016-05-04 11:01:53|100|2016-05-12 09:31:48.718|100|Formato 03.17A - I&B Comprobacion||N
1000136|es_PE|0|0|Y|2010-05-31 16:34:21|100|2016-05-12 09:31:05.704|100|Formato 03.15 - I&B Cta 49||N
1000273|es_PE|0|0|Y|2016-05-04 11:03:31|100|2016-05-12 09:36:53.426|100|Formato 05.1.1 - Diario Resumen ID||Y
1000274|es_PE|0|0|Y|2016-05-04 11:04:42|100|2016-05-12 09:36:59.708|100|Formato 05.1.2 - Diario Res Lib 14||Y
1000130|es_PE|0|0|Y|2010-05-31 15:59:51|100|2016-05-12 09:29:40.091|100|Formato 03.9 - I&B Cta 34||N
1000275|es_PE|0|0|Y|2016-05-04 11:05:13|100|2016-05-12 09:37:42.454|100|Formato 06.1.1 - Mayor Resumen ID||Y
1000276|es_PE|0|0|Y|2016-05-04 11:05:42|100|2016-05-12 09:37:47.422|100|Formato 05.1.2 - Diario Res Lib 14||Y
1000306|es_PE|0|0|Y|2016-05-12 10:26:53|100|2016-05-12 10:27:35.966|100|Comparativo Ventas con IGV||Y
1000309|es_PE|0|0|Y|2016-05-12 10:44:29|100|2016-05-12 10:44:29|100|Ventas Cobranza Vendedor Con IGV||N
1000310|es_PE|0|0|Y|2016-05-12 10:50:54|100|2016-05-12 10:50:54|100|Resumen Cobertura por Vendedor||N
1000311|es_PE|0|0|Y|2016-05-12 10:59:30|100|2016-05-12 10:59:30|100|Cobertura Clientes por Vendedor||N
1000312|es_PE|0|0|Y|2016-05-12 11:06:50|100|2016-05-12 11:06:50|100|Detalle Historico Pendiente Vendedor||N
1000313|es_PE|0|0|Y|2016-05-12 11:20:38|100|2016-05-12 11:20:38|100|Historico ventas por laboratorio||N
1000314|es_PE|0|0|Y|2016-05-12 11:28:06|100|2016-05-12 11:28:06|100|Historico Compras y Ventas por Laboratorio||N
1000315|es_PE|0|0|Y|2016-05-12 11:35:53|100|2016-05-12 11:35:53|100|Historico Ventas por Laboratorio Factor 1.5||N
1000282|es_PE|0|0|Y|2016-05-10 17:36:26|100|2016-05-10 17:44:36.608|100|Resumen de Compras||N
1000316|es_PE|0|0|Y|2016-05-12 11:50:55|100|2016-05-12 11:50:55|100|Historico de Ventas por Producto||N
1000317|es_PE|0|0|Y|2016-05-12 12:16:26|100|2016-05-12 12:16:26|100|Historico compras y ventas por laboratorio Factor 1.5||N
1000318|es_PE|0|0|Y|2016-05-12 12:17:20|100|2016-05-12 12:17:20|100|Historico Ventas por Mes||N
1000319|es_PE|0|0|Y|2016-05-12 12:24:34|100|2016-05-12 12:24:34|100|Ventas Acumuladas Lineas exclusivas||N
1000320|es_PE|0|0|Y|2016-05-12 12:31:43|100|2016-05-12 12:31:43|100|4 Estrategicos||N
1000321|es_PE|0|0|Y|2016-05-12 15:23:02|100|2016-05-12 15:23:02|100|DDLA||N
1000322|es_PE|0|0|Y|2016-05-12 15:30:54|100|2016-05-12 15:30:54|100|Ventas por Tipo de Vendedor||N
1000324|es_PE|0|0|Y|2016-05-12 17:33:46|100|2016-05-12 17:33:46|100|Pendientes Letras y Facturas||N
1000325|es_PE|0|0|Y|2016-05-12 17:46:59|100|2016-05-12 17:46:59|100|Ingreso de productos||N
1000326|es_PE|0|0|Y|2016-05-12 18:04:04|100|2016-05-12 18:04:04|100|Ingreso de productos (exportar)||N
1000327|es_PE|0|0|Y|2016-05-12 18:15:38|100|2016-05-12 18:15:38|100|Rebates||N
1000328|es_PE|0|0|Y|2016-05-13 09:55:42|100|2016-05-13 09:55:42|100|Ingreso a Almacen||N
1000329|es_PE|0|0|Y|2016-05-13 10:16:46|100|2016-05-13 10:16:46|100|Productos psicotropicos||N
1000330|es_PE|0|0|Y|2016-05-13 10:38:20|100|2016-05-13 10:38:20|100|Ventas Detalladas||N
1000331|es_PE|0|0|Y|2016-05-13 11:16:48|100|2016-05-13 11:16:48|100|Pendientes por Cliente Dias de Morosidad||N
1000332|es_PE|0|0|Y|2016-05-13 14:37:29|100|2016-05-13 14:37:29|100|Vendible Corporacion||N
1000333|es_PE|0|0|Y|2016-05-13 19:17:25|100|2016-05-13 19:17:25|100|Baja Rotacion||N
1000334|es_PE|0|0|Y|2016-05-13 19:42:10|100|2016-05-13 19:42:10|100|Stock por Laboratorio||N
1000335|es_PE|0|0|Y|2016-05-13 19:55:45|100|2016-05-13 19:55:45|100|Stock no Coincide||N
1000336|es_PE|0|0|Y|2016-05-13 20:09:51|100|2016-05-13 20:09:51|100|Stock por Laboratorio con Precio||N
1000337|es_PE|0|0|Y|2016-05-14 11:54:46|100|2016-05-14 11:54:46|100|Ventas Total Caja||N
1000338|es_PE|0|0|Y|2016-05-14 12:25:41|100|2016-05-14 12:25:41|100|Ventas al Credito||N
1000339|es_PE|0|0|Y|2016-07-21 05:20:09|100|2016-07-21 05:20:09|100|Rule||N
1000340|es_PE|0|0|Y|2016-08-09 07:05:52|100|2016-08-09 07:05:52|100|Procesador Material||N
1000341|es_PE|0|0|Y|2016-08-09 11:31:56|100|2016-08-09 11:31:56|100|Material Policy||N
1000342|es_PE|0|0|Y|2016-08-11 19:15:44|100|2016-08-11 19:15:44|100|Storage Element||N
1000343|es_PE|0|0|Y|2016-12-06 14:55:27|100|2016-12-06 14:55:27|100|Machine Server||N
1000344|es_PE|0|0|Y|2017-05-04 22:49:24|100|2017-05-04 22:49:24|100|Toma de Inventario||N
1000345|es_PE|0|0|Y|2017-12-22 22:59:43|0|2017-12-22 22:59:43|0|laboratorio||N
1000346|es_PE|0|0|Y|2017-12-22 22:59:48|0|2017-12-22 22:59:48|0|Coutas||N
