282|es_PE|0|0|Y|2006-11-10 00:02:23|100|2006-11-10 00:13:15|100|Función a llamar tiene error||Y
371|es_PE|0|0|Y|2006-11-10 00:02:23|100|2006-11-10 00:13:15|100|Solamente facturas pendientes de pago||Y
372|es_PE|0|0|Y|2006-11-10 00:02:23|100|2006-11-10 00:13:15|100|Solamente proveedores||Y
449|es_PE|0|0|Y|2006-11-10 00:02:23|100|2006-11-10 00:13:15|100|Cantidad||Y
450|es_PE|0|0|Y|2006-11-10 00:02:23|100|2006-11-10 00:13:15|100|Entrar consulta||Y
451|es_PE|0|0|Y|2006-11-10 00:02:23|100|2006-11-10 00:13:15|100|Cancelar consulta||Y
452|es_PE|0|0|Y|2006-11-10 00:02:23|100|2006-11-10 00:13:15|100|Entrar consulta||Y
621|es_PE|0|0|Y|2006-11-10 00:02:23|100|2006-11-10 00:13:15|100|¿Imprimir solamente el despacho más reciente? (no: imprime todos los despachos de la orden)||Y
632|es_PE|0|0|Y|2006-11-10 00:02:23|100|2006-11-10 00:13:15|100|El día no está disponible||Y
634|es_PE|0|0|Y|2006-11-10 00:02:23|100|2006-11-10 00:13:15|100|Horizontal||Y
635|es_PE|0|0|Y|2006-11-10 00:02:23|100|2006-11-10 00:13:15|100|Oficio||Y
636|es_PE|0|0|Y|2006-11-10 00:02:23|100|2006-11-10 00:13:15|100|No existe tasa de cambio entre las monedas encontradas||Y
210|es_PE|0|0|Y|2006-11-10 00:02:23|100|2006-11-10 00:13:15|100|Fecha desde||Y
211|es_PE|0|0|Y|2006-11-10 00:02:23|100|2006-11-10 00:13:15|100|Fecha hasta||Y
144|es_PE|0|0|Y|2006-11-10 00:02:23|100|2006-11-10 00:13:15|100|Cantidad hasta||Y
314|es_PE|0|0|Y|2006-11-10 00:02:23|100|2006-11-10 00:13:15|100|Documento debe ser convertido primero||Y
832|es_PE|0|0|Y|2006-11-10 00:02:23|100|2006-11-10 00:13:15|100|Si||Y
833|es_PE|0|0|Y|2006-11-10 00:02:23|100|2006-11-10 00:13:15|100|No||Y
834|es_PE|0|0|Y|2006-11-10 00:02:23|100|2006-11-10 00:13:15|100|Actualiza Solicitud||Y
749|es_PE|0|0|Y|2006-11-10 00:02:23|100|2006-11-10 00:13:15|100|Respuesta||Y
750|es_PE|0|0|Y|2006-11-10 00:02:23|100|2006-11-10 00:13:15|100|Re-enviar||Y
835|es_PE|0|0|Y|2006-11-10 00:02:23|100|2006-11-10 00:13:15|100|Muestra Pestañas Avanzadas|Muestra pestañas con funciones avanzadas como cotajear, asignación, Etc.|Y
836|es_PE|0|0|Y|2006-11-10 00:02:23|100|2006-11-10 00:13:15|100|Estado de la Solicitud Descanso ||Y
838|es_PE|0|0|Y|2006-11-10 00:02:23|100|2006-11-10 00:13:15|100|"Will retrieve high number of records - 
Do you want to continue?"||N
606|es_PE|0|0|Y|2006-11-10 00:02:23|100|2006-11-10 00:13:15|100|Próximo paso del flujo de trabajo||Y
607|es_PE|0|0|Y|2006-11-10 00:02:23|100|2006-11-10 00:13:15|100|Paso previo del flujo de trabajo||Y
608|es_PE|0|0|Y|2006-11-10 00:02:23|100|2006-11-10 00:13:15|100|Volver al comienzo del flujo de trabajo||Y
868|es_PE|0|0|Y|2006-11-10 00:02:23|100|2006-11-10 00:13:15|100|Existing Support Contract|Sign up for Adempiere Support - also supports the product development|N
869|es_PE|0|0|Y|2006-11-10 00:02:23|100|2006-11-10 00:13:15|100|Supported Users|Max Users of Support Contract Purchased|N
756|es_PE|0|0|Y|2006-11-10 00:02:23|100|2006-11-10 00:13:15|100|Periodo Cerrado||Y
828|es_PE|0|0|Y|2006-11-10 00:02:23|100|2006-11-10 00:13:15|100|{0} Linea(s) {1,number,#,##0.00}  - Total: {2,number,#,##0.00}||Y
699|es_PE|0|0|Y|2006-11-10 00:02:23|100|2006-11-10 00:13:15|100|Información de Activo||Y
700|es_PE|0|0|Y|2006-11-10 00:02:23|100|2006-11-10 00:13:15|100|Reinicia||Y
881|es_PE|0|0|Y|2006-11-10 00:02:23|100|2006-11-10 00:02:23|100|No Document Lines found||N
883|es_PE|0|0|Y|2006-11-10 00:02:23|100|2006-11-10 00:02:23|100|Not Valid||N
882|es_PE|0|0|Y|2006-11-10 00:02:23|100|2006-11-10 00:02:23|100|Chat||N
884|es_PE|0|0|Y|2006-11-10 00:02:23|100|2006-11-10 00:02:23|100|Scheduler Result||N
541|es_PE|0|0|Y|2006-11-10 00:02:23|100|2006-11-10 00:13:15|100|Crear objetos en el servidor|Crear completa objetos en el servidor de la aplicación (Usado cuando la línea de comunicación es lenta)|Y
527|es_PE|0|0|Y|2006-11-10 00:02:23|100|2006-11-10 00:13:15|100|Seleccionar archivo||Y
181|es_PE|0|0|Y|2006-11-10 00:02:23|100|2006-11-10 00:13:15|100|Combinación||Y
182|es_PE|0|0|Y|2006-11-10 00:02:23|100|2006-11-10 00:13:15|100|Conexión||Y
183|es_PE|0|0|Y|2006-11-10 00:02:23|100|2006-11-10 00:13:15|100|Contacto||Y
184|es_PE|0|0|Y|2006-11-10 00:02:23|100|2006-11-10 00:13:15|100|Cantidad de control difiere del balance||Y
185|es_PE|0|0|Y|2006-11-10 00:02:23|100|2006-11-10 00:13:15|100|Error en el momento de ejecutar la rutina de conversión de moneda||Y
186|es_PE|0|0|Y|2006-11-10 00:02:23|100|2006-11-10 00:13:15|100|Convertido||Y
187|es_PE|0|0|Y|2006-11-10 00:02:23|100|2006-11-10 00:13:15|100|Copiado||Y
188|es_PE|0|0|Y|2006-11-10 00:02:23|100|2006-11-10 00:13:15|100|Copiar registro||Y
432|es_PE|0|0|Y|2006-11-10 00:02:23|100|2006-11-10 00:13:15|100|Imprimir entregas||Y
433|es_PE|0|0|Y|2006-11-10 00:02:23|100|2006-11-10 00:13:15|100|Impreso||Y
434|es_PE|0|0|Y|2006-11-10 00:02:23|100|2006-11-10 00:13:15|100|Impresora||Y
435|es_PE|0|0|Y|2006-11-10 00:02:23|100|2006-11-10 00:13:15|100|Imprimiendo||Y
149|es_PE|0|0|Y|2006-11-10 00:02:23|100|2006-11-10 00:13:15|100|Anexo||Y
328|es_PE|0|0|Y|2006-11-10 00:02:23|100|2006-11-10 00:13:15|100|Margen||Y
355|es_PE|0|0|Y|2006-11-10 00:02:23|100|2006-11-10 00:13:15|100|Mensaje no fue encontrado||Y
356|es_PE|0|0|Y|2006-11-10 00:02:23|100|2006-11-10 00:13:15|100|Número de líneas||Y
357|es_PE|0|0|Y|2006-11-10 00:02:23|100|2006-11-10 00:13:15|100|Número de pagos||Y
358|es_PE|0|0|Y|2006-11-10 00:02:23|100|2006-11-10 00:13:15|100|No se encontraron registros; entrar datos para un nuevo registro||Y
359|es_PE|0|0|Y|2006-11-10 00:02:23|100|2006-11-10 00:13:15|100|No se encontró información contable válida||Y
360|es_PE|0|0|Y|2006-11-10 00:02:23|100|2006-11-10 00:13:15|100|NO Activa||Y
296|es_PE|0|0|Y|2006-11-10 00:02:23|100|2006-11-10 00:13:15|100|No es posible ignorar los cambios:||Y
297|es_PE|0|0|Y|2006-11-10 00:02:23|100|2006-11-10 00:13:15|100|Cambios ignorados||Y
298|es_PE|0|0|Y|2006-11-10 00:02:23|100|2006-11-10 00:13:15|100|Información||Y
396|es_PE|0|0|Y|2006-11-10 00:02:23|100|2006-11-10 00:13:15|100|Pago creado||Y
397|es_PE|0|0|Y|2006-11-10 00:02:23|100|2006-11-10 00:13:15|100|Descuento de pago||Y
299|es_PE|0|0|Y|2006-11-10 00:02:23|100|2010-08-06 14:01:34.926|100|Información de Cuenta||Y
633|es_PE|0|0|Y|2006-11-10 00:02:23|100|2010-08-06 14:02:12.172|100|Información del Programa||Y
387|es_PE|0|0|Y|2006-11-10 00:02:23|100|2006-11-10 00:13:15|100|Error: Parámetro faltante||Y
398|es_PE|0|0|Y|2006-11-10 00:02:23|100|2006-11-10 00:13:15|100|Un error ocurrió cuando se procesaba el pago||Y
581|es_PE|0|0|Y|2006-11-10 00:02:23|100|2006-11-10 00:13:15|100|No hay documentos de cuenta bancaria (cheques) para este banco. Regla de cuenta y pago||Y
589|es_PE|0|0|Y|2006-11-10 00:02:23|100|2006-11-10 00:13:15|100|¿Imprimir/exportar pagos generados?||Y
590|es_PE|0|0|Y|2006-11-10 00:02:23|100|2006-11-10 00:13:15|100|Definición inicial de compañía||Y
591|es_PE|0|0|Y|2006-11-10 00:02:23|100|2006-11-10 00:13:15|100|Información de transacciones de materiales||Y
592|es_PE|0|0|Y|2006-11-10 00:02:23|100|2006-11-10 00:13:15|100|Llave||Y
593|es_PE|0|0|Y|2006-11-10 00:02:23|100|2006-11-10 00:13:15|100|Valor de preferencia||Y
594|es_PE|0|0|Y|2006-11-10 00:02:23|100|2006-11-10 00:13:15|100|Valor de preferencia borrado||Y
595|es_PE|0|0|Y|2006-11-10 00:02:23|100|2006-11-10 00:13:15|100|Valor de preferencia ajustado||Y
596|es_PE|0|0|Y|2006-11-10 00:02:23|100|2006-11-10 00:13:15|100|Valor de preferencia no fue encontrado||Y
597|es_PE|0|0|Y|2006-11-10 00:02:23|100|2006-11-10 00:13:15|100|Valor de preferencia no fue ajustado||Y
598|es_PE|0|0|Y|2006-11-10 00:02:23|100|2006-11-10 00:13:15|100|Para nivel||Y
599|es_PE|0|0|Y|2006-11-10 00:02:23|100|2006-11-10 00:13:15|100|Ver||Y
600|es_PE|0|0|Y|2006-11-10 00:02:23|100|2006-11-10 00:13:15|100|Gráfico||Y
601|es_PE|0|0|Y|2006-11-10 00:02:23|100|2006-11-10 00:13:15|100|Entrar selección y desplegar criterios/comenzar consulta||Y
602|es_PE|0|0|Y|2006-11-10 00:02:23|100|2006-11-10 00:13:15|100|Entrar consulta||Y
603|es_PE|0|0|Y|2006-11-10 00:02:23|100|2006-11-10 00:13:15|100|Ver resultado||Y
604|es_PE|0|0|Y|2006-11-10 00:02:23|100|2006-11-10 00:13:15|100|No se puede comenzar el flujo de trabajo. La definición no es correcta||Y
605|es_PE|0|0|Y|2006-11-10 00:02:23|100|2006-11-10 00:13:15|100|Salir del flujo de trabajo||Y
747|es_PE|0|0|Y|2006-11-10 00:02:23|100|2006-11-10 00:13:15|100|"Descargados  {0} for {1}

Versión = {2} - Lot = {3} - SerNo = {4}
Guarantee Date = {5,date,short}

Thank you for using Adempiere Customer Asset Management
"||Y
748|es_PE|0|0|Y|2006-11-10 00:02:23|100|2006-11-10 00:13:15|100|Usted esta escribiendo un porcentaje significante de un importe abierto|Deseleccionar automatico escribe-de incorporar manualmente el escribir-de cantidad|Y
751|es_PE|0|0|Y|2006-11-10 00:02:23|100|2006-11-10 00:13:15|100|Usted no tiene actividades||Y
752|es_PE|0|0|Y|2006-11-10 00:02:23|100|2006-11-10 00:13:15|100|Actividades de Flujo de Trabajo||Y
753|es_PE|0|0|Y|2006-11-10 00:02:23|100|2006-11-10 00:13:15|100|Resultado de Flujo de Trabajo||Y
754|es_PE|0|0|Y|2006-11-10 00:02:23|100|2006-11-10 00:13:15|100|No se puede re-envíar||Y
755|es_PE|0|0|Y|2006-11-10 00:02:23|100|2006-11-10 00:13:15|100|Existe flujo de trabajo activo para este registro (completelo primero):||Y
757|es_PE|0|0|Y|2006-11-10 00:02:23|100|2006-11-10 00:13:15|100|Flujo de Trabajo Activo||Y
760|es_PE|0|0|Y|2006-11-10 00:02:23|100|2006-11-10 00:13:15|100|Orden||Y
761|es_PE|0|0|Y|2006-11-10 00:02:23|100|2006-11-10 00:13:15|100|Contador de Documentos||Y
762|es_PE|0|0|Y|2006-11-10 00:02:23|100|2006-11-10 00:13:15|100|Tamaño de Ventana||Y
763|es_PE|0|0|Y|2006-11-10 00:02:23|100|2006-11-10 00:13:15|100|"Fije el tamaño de la ventana para todos los usuarios
"||Y
764|es_PE|0|0|Y|2006-11-10 00:02:23|100|2006-11-10 00:13:15|100|La cuenta usada es documento controlado - no la utilice para polizas de diario.||Y
765|es_PE|0|0|Y|2006-11-10 00:02:23|100|2006-11-10 00:13:15|100|La organización del almacén no es organización del documento||Y
766|es_PE|0|0|Y|2006-11-10 00:02:23|100|2006-11-10 00:13:15|100|Socio de Negocio tiene el credito detenido||Y
767|es_PE|0|0|Y|2006-11-10 00:02:23|100|2006-11-10 00:13:15|100|Socio de Negocio tiene el credito retenido||Y
768|es_PE|0|0|Y|2006-11-10 00:02:23|100|2006-11-10 00:13:15|100|Socio de Negocio con esta orden sobre el credito retenido||Y
769|es_PE|0|0|Y|2006-11-10 00:02:23|100|2006-11-10 00:13:15|100|Socio de Negocio con órdenes Abiertas arriba del Credito Retenido||Y
770|es_PE|0|0|Y|2006-11-10 00:02:23|100|2006-11-10 00:13:15|100|Factura sin importe||Y
771|es_PE|0|0|Y|2006-11-10 00:02:23|100|2006-11-10 00:13:15|100|La vieja contraseña es obligatoria||Y
759|es_PE|0|0|Y|2006-11-10 00:02:23|100|2006-11-10 00:13:15|100|Visualiza detalle (Donde es Usado)||Y
772|es_PE|0|0|Y|2006-11-10 00:02:23|100|2006-11-10 00:13:15|100|Contraseña anterior no coincide||Y
777|es_PE|0|0|Y|2006-11-10 00:02:23|100|2006-11-10 00:13:15|100|Producto||Y
778|es_PE|0|0|Y|2006-11-10 00:02:23|100|2006-11-10 00:13:15|100|Socio de Negocio||Y
786|es_PE|0|0|Y|2006-11-10 00:02:23|100|2006-11-10 00:13:15|100|Plus (suma)||Y
787|es_PE|0|0|Y|2006-11-10 00:02:23|100|2006-11-10 00:13:15|100|Menos (Resta) ||Y
788|es_PE|0|0|Y|2006-11-10 00:02:23|100|2006-11-10 00:13:15|100|"Grupo Atributos del Producto, sin instancia de atributos (Ej. No. de Serie)
"||Y
272|es_PE|0|0|Y|2006-11-10 00:02:23|100|2006-11-10 00:13:15|100|Seleccionar columnas y ordenarlas||Y
789|es_PE|0|0|Y|2006-11-10 00:02:23|100|2006-11-10 00:13:15|100|(Sólo Aviso de Información Muestra la existencia actual del Producto) No. Inventario disponible:||Y
791|es_PE|0|0|Y|2006-11-10 00:02:23|100|2006-11-10 00:13:15|100|"Selecciona UM del producto como la unidad de medida
"||Y
793|es_PE|0|0|Y|2006-11-10 00:02:23|100|2006-11-10 00:13:15|100|Reabastecimiento de Inventario||Y
794|es_PE|0|0|Y|2006-11-10 00:02:23|100|2006-11-10 00:13:15|100|Solicitudes  {0} - Vencidas ||Y
795|es_PE|0|0|Y|2006-11-10 00:02:23|100|2006-11-10 00:13:15|100|Alerta de Inactividad: Solicitud {0}||Y
799|es_PE|0|0|Y|2006-11-10 00:02:23|100|2006-11-10 00:13:15|100|Alerta Sobre Prioridad de la Actividad de Flujo de Trabajo {0}||Y
800|es_PE|0|0|Y|2006-11-10 00:02:23|100|2006-11-10 00:13:15|100|Fallado||Y
803|es_PE|0|0|Y|2006-11-10 00:02:23|100|2006-11-10 00:13:15|100|Selección||Y
804|es_PE|0|0|Y|2006-11-10 00:02:23|100|2006-11-10 00:13:15|100|Despliega||Y
805|es_PE|0|0|Y|2006-11-10 00:02:23|100|2006-11-10 00:13:15|100|Producto no esta en lista de precios||Y
806|es_PE|0|0|Y|2006-11-10 00:02:23|100|2006-11-10 00:13:15|100|Adicionado||Y
536|es_PE|0|0|Y|2006-11-10 00:02:23|100|2006-11-10 00:13:15|100|Enviar email||Y
326|es_PE|0|0|Y|2006-11-10 00:02:23|100|2006-11-10 00:13:15|100|Entrar al sistema||Y
367|es_PE|0|0|Y|2006-11-10 00:02:23|100|2006-11-10 00:13:15|100|Mostrar transacciones antiguas/completas||Y
538|es_PE|0|0|Y|2006-11-10 00:02:23|100|2006-11-10 00:13:15|100|No fue posible encontrar la secuencia del documento:|Revisar definición de documento y reglas de secuencia de documentos|Y
373|es_PE|0|0|Y|2006-11-10 00:02:23|100|2006-11-10 00:13:15|100|Abierto||Y
374|es_PE|0|0|Y|2006-11-10 00:02:23|100|2006-11-10 00:13:15|100|Abierto||Y
375|es_PE|0|0|Y|2006-11-10 00:02:23|100|2006-11-10 00:13:15|100|Opciones||Y
189|es_PE|0|0|Y|2006-11-10 00:02:23|100|2006-11-10 00:13:15|100|Actualizar registro copiado y guardar o ignorar||Y
190|es_PE|0|0|Y|2006-11-10 00:02:23|100|2006-11-10 00:13:15|100|No fue posible copiar:||Y
191|es_PE|0|0|Y|2006-11-10 00:02:23|100|2006-11-10 00:13:15|100|País||Y
192|es_PE|0|0|Y|2006-11-10 00:02:23|100|2006-11-10 00:13:15|100|Crear||Y
216|es_PE|0|0|Y|2006-11-10 00:02:23|100|2006-11-10 00:13:15|100|Registro no fue borrado-un registro dependiente fue encontrado||Y
217|es_PE|0|0|Y|2006-11-10 00:02:23|100|2006-11-10 00:13:15|100|¿Desea borrar éste registro?||Y
218|es_PE|0|0|Y|2006-11-10 00:02:23|100|2006-11-10 00:13:15|100|Borrado||Y
338|es_PE|0|0|Y|2006-11-10 00:02:23|100|2006-11-10 00:13:15|100|Mensaje enviado||Y
242|es_PE|0|0|Y|2006-11-10 00:02:23|100|2006-11-10 00:13:15|100|Salir de la aplicación||Y
243|es_PE|0|0|Y|2006-11-10 00:02:23|100|2006-11-10 00:13:15|100|¿Esta seguro que quiere salir de la aplicación?||Y
443|es_PE|0|0|Y|2006-11-10 00:02:23|100|2006-11-10 00:13:15|100|Error:||Y
444|es_PE|0|0|Y|2006-11-10 00:02:23|100|2006-11-10 00:13:15|100|Información:||Y
445|es_PE|0|0|Y|2006-11-10 00:02:23|100|2006-11-10 00:13:15|100|Prevención:||Y
446|es_PE|0|0|Y|2006-11-10 00:02:23|100|2006-11-10 00:13:15|100|El proceso no pudo ser enviado para ejecución||Y
447|es_PE|0|0|Y|2006-11-10 00:02:23|100|2006-11-10 00:13:15|100|Procesando ... por favor espere ...||Y
228|es_PE|0|0|Y|2006-11-10 00:02:23|100|2006-11-10 00:13:15|100|El documento se está procesando||Y
104|es_PE|0|0|Y|2006-11-10 00:02:23|100|2006-11-10 00:13:15|100|Tres||Y
105|es_PE|0|0|Y|2006-11-10 00:02:23|100|2006-11-10 00:13:15|100|Cuatro||Y
405|es_PE|0|0|Y|2006-11-10 00:02:23|100|2006-11-10 00:13:15|100|No existe período válido para ésta fecha contable|Revisar su definición de calendario|Y
406|es_PE|0|0|Y|2006-11-10 00:02:23|100|2006-11-10 00:13:15|100|Gráfico de torta||Y
499|es_PE|0|0|Y|2006-11-10 00:02:23|100|2006-11-10 00:13:15|100|Guardar la información en un cookie||Y
517|es_PE|0|0|Y|2006-11-10 00:02:23|100|2006-11-10 00:13:15|100|No se pudo localizar el registro||Y
229|es_PE|0|0|Y|2006-11-10 00:02:23|100|2006-11-10 00:13:15|100|Copiar||Y
230|es_PE|0|0|Y|2006-11-10 00:02:23|100|2006-11-10 00:13:15|100|Entrar en detalle||Y
231|es_PE|0|0|Y|2006-11-10 00:02:23|100|2006-11-10 00:13:15|100|TEF||Y
232|es_PE|0|0|Y|2006-11-10 00:02:23|100|2006-11-10 00:13:15|100|Email||Y
233|es_PE|0|0|Y|2006-11-10 00:02:23|100|2006-11-10 00:13:15|100|Email a soporte||Y
234|es_PE|0|0|Y|2006-11-10 00:02:23|100|2006-11-10 00:13:15|100|Editar||Y
235|es_PE|0|0|Y|2006-11-10 00:02:23|100|2006-11-10 00:13:15|100|Editor||Y
236|es_PE|0|0|Y|2006-11-10 00:02:23|100|2006-11-10 00:13:15|100|Finalizar ventana||Y
237|es_PE|0|0|Y|2006-11-10 00:02:23|100|2006-11-10 00:13:15|100|Entrar consulta||Y
408|es_PE|0|0|Y|2006-11-10 00:02:23|100|2006-11-10 00:13:15|100|¿Registrar ahora y crear entradas contables?||Y
409|es_PE|0|0|Y|2006-11-10 00:02:23|100|2006-11-10 00:13:15|100|Registrar: error del servidor||Y
410|es_PE|0|0|Y|2006-11-10 00:02:23|100|2006-11-10 00:13:15|100|Código postal||Y
411|es_PE|0|0|Y|2006-11-10 00:02:23|100|2006-11-10 00:13:15|100|Código postal||Y
412|es_PE|0|0|Y|2006-11-10 00:02:23|100|2006-11-10 00:13:15|100|Error registrando contabilidad||Y
389|es_PE|0|0|Y|2006-11-10 00:02:23|100|2006-11-10 00:13:15|100|Contraseña||Y
390|es_PE|0|0|Y|2006-11-10 00:02:23|100|2006-11-10 00:13:15|100|Pago||Y
391|es_PE|0|0|Y|2006-11-10 00:02:23|100|2006-11-10 00:13:15|100|Asignación de pago||Y
392|es_PE|0|0|Y|2006-11-10 00:02:23|100|2006-11-10 00:13:15|100|Número de cuenta bancaria no es válida||Y
393|es_PE|0|0|Y|2006-11-10 00:02:23|100|2006-11-10 00:13:15|100|Número de cheque bancario no es válido||Y
554|es_PE|0|0|Y|2006-11-10 00:02:23|100|2006-11-10 00:13:15|100|Tema||Y
555|es_PE|0|0|Y|2006-11-10 00:02:23|100|2006-11-10 00:13:15|100|Proceso completado exitosamente||Y
556|es_PE|0|0|Y|2006-11-10 00:02:23|100|2006-11-10 00:13:15|100|Suma||Y
557|es_PE|0|0|Y|2006-11-10 00:02:23|100|2006-11-10 00:13:15|100|Sistema||Y
558|es_PE|0|0|Y|2006-11-10 00:02:23|100|2006-11-10 00:13:15|100|Pestaña||Y
219|es_PE|0|0|Y|2006-11-10 00:02:23|100|2006-11-10 00:13:15|100|Descripción||Y
461|es_PE|0|0|Y|2006-11-10 00:02:23|100|2006-11-10 00:13:15|100|Problemas de acceso al registro||Y
462|es_PE|0|0|Y|2006-11-10 00:02:23|100|2006-11-10 00:13:15|100|Registro encontrado||Y
463|es_PE|0|0|Y|2006-11-10 00:02:23|100|2006-11-10 00:13:15|100|Registro guardado||Y
464|es_PE|0|0|Y|2006-11-10 00:02:23|100|2006-11-10 00:13:15|100|Registros||Y
465|es_PE|0|0|Y|2006-11-10 00:02:23|100|2006-11-10 00:13:15|100|Refrescar||Y
466|es_PE|0|0|Y|2006-11-10 00:02:23|100|2006-11-10 00:13:15|100|Refrescar todos||Y
467|es_PE|0|0|Y|2006-11-10 00:02:23|100|2006-11-10 00:13:15|100|No se pudo refrescar los datos||Y
468|es_PE|0|0|Y|2006-11-10 00:02:23|100|2006-11-10 00:13:15|100|Datos refrescados||Y
469|es_PE|0|0|Y|2006-11-10 00:02:23|100|2006-11-10 00:13:15|100|Refrescando los datos ...||Y
470|es_PE|0|0|Y|2006-11-10 00:02:23|100|2006-11-10 00:13:15|100|Región/Estado||Y
142|es_PE|0|0|Y|2006-11-10 00:02:23|100|2006-11-10 00:13:15|100|Cantidad Pagada||Y
143|es_PE|0|0|Y|2006-11-10 00:02:23|100|2006-11-10 00:13:15|100|Cantidad desde||Y
193|es_PE|0|0|Y|2006-11-10 00:02:23|100|2006-11-10 00:13:15|100|Crear registro nuevo||Y
194|es_PE|0|0|Y|2006-11-10 00:02:23|100|2006-11-10 00:13:15|100|Creado||Y
195|es_PE|0|0|Y|2006-11-10 00:02:23|100|2006-11-10 00:13:15|100|"Fecha de validez de la tarjeta de crédito debe estar en formato ""MMYY"""||Y
196|es_PE|0|0|Y|2006-11-10 00:02:23|100|2006-11-10 00:13:15|100|Fecha de validez de la tarjeta de crédito tiene mes invalido||Y
385|es_PE|0|0|Y|2006-11-10 00:02:23|100|2006-11-10 00:13:15|100|Ancho de página||Y
386|es_PE|0|0|Y|2006-11-10 00:02:23|100|2006-11-10 00:13:15|100|Parámetro||Y
656|es_PE|0|0|Y|2006-11-10 00:02:23|100|2006-11-10 00:13:15|100|Guardar Contraseña|Guarda Contraseña para ingreso rápido al sistema (Esto representa un riesgo de seguridad)|Y
200|es_PE|0|0|Y|2006-11-10 00:02:23|100|2006-11-10 00:13:15|100|Parece que hay un problema con el número de la tarjeta de crédito. ¿Continuar?||Y
807|es_PE|0|0|Y|2006-11-10 00:02:23|100|2006-11-10 00:13:15|100|"Error mientras se crea la disposición de la contabilidad.
Compruebe el registro de errores y el formato del archivo Accounting*.cvs - Ningún duplicado se considera y todas las cuentas por defaut deben ser incluidas (incluso si usted no las utiliza)."||Y
808|es_PE|0|0|Y|2006-11-10 00:02:23|100|2006-11-10 00:13:15|100|Para uso interno del inventario se debe definir un cargo||Y
809|es_PE|0|0|Y|2006-11-10 00:02:23|100|2006-11-10 00:13:15|100|Guarda a un archivo||Y
810|es_PE|0|0|Y|2006-11-10 00:02:23|100|2006-11-10 00:13:15|100|Solamente Errores||Y
811|es_PE|0|0|Y|2006-11-10 00:02:23|100|2006-11-10 00:13:15|100|Nivel de seguimiento|Detalle de la información de seguimiento - INFO es generalmente suficiente|Y
812|es_PE|0|0|Y|2006-11-10 00:02:23|100|2006-11-10 00:13:15|100|Información de seguimiento||Y
773|es_PE|0|0|Y|2006-11-10 00:02:23|100|2006-11-10 00:13:15|100|Ninguna Terminal de PDV definida por el Usuario||Y
774|es_PE|0|0|Y|2006-11-10 00:02:23|100|2006-11-10 00:13:15|100|Seleciona Terminal PDV||Y
792|es_PE|0|0|Y|2006-11-10 00:02:23|100|2006-11-10 00:13:15|100|Cantidad sin confirmar||Y
796|es_PE|0|0|Y|2006-11-10 00:02:23|100|2006-11-10 00:13:15|100|Flujo de trabajo invalido||Y
797|es_PE|0|0|Y|2006-11-10 00:02:23|100|2006-11-10 00:13:15|100|Alerta Inactividad: Actividad de flujo de trabajo {0}||Y
798|es_PE|0|0|Y|2006-11-10 00:02:23|100|2006-11-10 00:13:15|100|Alert Workflow Activity: Max Wait Time Ended {0}||Y
813|es_PE|0|0|Y|2006-11-10 00:02:23|100|2006-11-10 00:13:15|100|Archivo de Seguimiento|Cree el archivo del seguimiento en el directorio de Adempiere ó en el directorio home del usuario|Y
814|es_PE|0|0|Y|2006-11-10 00:02:23|100|2006-11-10 00:13:15|100|Ejectua el proceso en el servidor||Y
815|es_PE|0|0|Y|2006-11-10 00:02:23|100|2006-11-10 00:13:15|100|Crea Nueva Solicitud||Y
816|es_PE|0|0|Y|2006-11-10 00:02:23|100|2006-11-10 00:13:15|100|Muestra todas las Solicitudes||Y
817|es_PE|0|0|Y|2006-11-10 00:02:23|100|2006-11-10 00:13:15|100|Muestra sólo Solicitudes activas||Y
820|es_PE|0|0|Y|2006-11-10 00:02:23|100|2006-11-10 00:13:15|100|No hay documentos archivados para este registro||Y
821|es_PE|0|0|Y|2006-11-10 00:02:23|100|2006-11-10 00:13:15|100|Solicitud - Seguimiento a la Actividad||Y
822|es_PE|0|0|Y|2006-11-10 00:02:23|100|2006-11-10 00:13:15|100|Archiva Documentos y Reportes||Y
823|es_PE|0|0|Y|2006-11-10 00:02:23|100|2006-11-10 00:13:15|100|Documentos Archivados||Y
824|es_PE|0|0|Y|2006-11-10 00:02:23|100|2006-11-10 00:13:15|100|Error de Archivado||Y
825|es_PE|0|0|Y|2006-11-10 00:02:23|100|2006-11-10 00:13:15|100|Todos los Reportes||Y
826|es_PE|0|0|Y|2006-11-10 00:02:23|100|2006-11-10 00:13:15|100|Organización * (0) no permitido||Y
827|es_PE|0|0|Y|2006-11-10 00:02:23|100|2006-11-10 00:13:15|100|Nota de crédito||Y
829|es_PE|0|0|Y|2006-11-10 00:02:23|100|2006-11-10 00:13:15|100|Presione OK para iniciar 'Despues de la Migración, El proceso ........ tomará unos minutos||Y
831|es_PE|0|0|Y|2006-11-10 00:02:23|100|2006-11-10 00:13:15|100|Recurso asignado no puede ser Borrado.  Este debe ser usando en una Orden ó Factura, borrar la Orden/Factura con la asignación.||Y
340|es_PE|0|0|Y|2006-11-10 00:02:23|100|2006-11-10 00:13:15|100|(De) Seleccionar matriz de datos||Y
177|es_PE|0|0|Y|2006-11-10 00:02:23|100|2006-11-10 00:13:15|100|Ciudad||Y
178|es_PE|0|0|Y|2006-11-10 00:02:23|100|2006-11-10 00:13:15|100|Compañía||Y
179|es_PE|0|0|Y|2006-11-10 00:02:23|100|2006-11-10 00:13:15|100|Servicios compartidos||Y
154|es_PE|0|0|Y|2006-11-10 00:02:23|100|2006-11-10 00:13:15|100|Calculo automático||Y
155|es_PE|0|0|Y|2006-11-10 00:02:23|100|2006-11-10 00:13:15|100|Guardar automáticamente|Guarda automáticamente los datos|Y
156|es_PE|0|0|Y|2006-11-10 00:02:23|100|2006-11-10 00:13:15|100|Entrada automática al sistema|Entra al sistema con nombre de usuario actual automáticamente|Y
157|es_PE|0|0|Y|2006-11-10 00:02:23|100|2006-11-10 00:13:15|100|Selecciones disponibles||Y
127|es_PE|0|0|Y|2006-11-10 00:02:23|100|2006-11-10 00:13:15|100|Accorto Online||Y
128|es_PE|0|0|Y|2006-11-10 00:02:23|100|2006-11-10 00:13:15|100|Combinación Contable||Y
129|es_PE|0|0|Y|2006-11-10 00:02:23|100|2006-11-10 00:13:15|100|Crear nueva cuenta ó actualizar alias||Y
130|es_PE|0|0|Y|2006-11-10 00:02:23|100|2006-11-10 00:13:15|100|Cuenta no actualizada||Y
131|es_PE|0|0|Y|2006-11-10 00:02:23|100|2006-11-10 00:13:15|100|Ver Cuentas||Y
132|es_PE|0|0|Y|2006-11-10 00:02:23|100|2006-11-10 00:13:15|100|Esta acción no es permitida en este contexto||Y
133|es_PE|0|0|Y|2006-11-10 00:02:23|100|2006-11-10 00:13:15|100|Ésta acción no es soportada||Y
701|es_PE|0|0|Y|2006-11-10 00:02:23|100|2006-11-10 00:13:15|100|Atributos de Producto||Y
709|es_PE|0|0|Y|2006-11-10 00:02:23|100|2006-11-10 00:13:15|100|Dialogo de Acceso a Registros||Y
697|es_PE|0|0|Y|2006-11-10 00:02:23|100|2006-11-10 00:13:15|100|Ningun producto con Atributos Seleccionados||Y
702|es_PE|0|0|Y|2006-11-10 00:02:23|100|2006-11-10 00:13:15|100|Instancia de Atributos del Producto||Y
734|es_PE|0|0|Y|2006-11-10 00:02:23|100|2006-11-10 00:13:15|100|Medio||Y
735|es_PE|0|0|Y|2006-11-10 00:02:23|100|2006-11-10 00:13:15|100|Mínimo||Y
736|es_PE|0|0|Y|2006-11-10 00:02:23|100|2006-11-10 00:13:15|100|Máximo||Y
737|es_PE|0|0|Y|2006-11-10 00:02:23|100|2006-11-10 00:13:15|100|Variación||Y
738|es_PE|0|0|Y|2006-11-10 00:02:23|100|2006-11-10 00:13:15|100|Desviación Std.||Y
732|es_PE|0|0|Y|2006-11-10 00:02:23|100|2006-11-10 00:13:15|100|Sistema no Cargado para Replicación (Ver  Log)||Y
439|es_PE|0|0|Y|2006-11-10 00:02:23|100|2006-11-10 00:13:15|100|Proceso falló||Y
440|es_PE|0|0|Y|2006-11-10 00:02:23|100|2006-11-10 00:13:15|100|No se puede comenzar el proceso- no existe el nombre del procedimiento||Y
441|es_PE|0|0|Y|2006-11-10 00:02:23|100|2006-11-10 00:13:15|100|El proceso finalizó exitosamente||Y
442|es_PE|0|0|Y|2006-11-10 00:02:23|100|2006-11-10 00:13:15|100|El proceso falló durante la ejecución||Y
283|es_PE|0|0|Y|2006-11-10 00:02:23|100|2006-11-10 00:13:15|100|Generar||Y
284|es_PE|0|0|Y|2006-11-10 00:02:23|100|2006-11-10 00:13:15|100|Ir||Y
368|es_PE|0|0|Y|2006-11-10 00:02:23|100|2006-11-10 00:13:15|100|Valor anterior||Y
369|es_PE|0|0|Y|2006-11-10 00:02:23|100|2006-11-10 00:13:15|100|En línea||Y
502|es_PE|0|0|Y|2006-11-10 00:02:23|100|2006-11-10 00:13:15|100|No se pudo guardar el registro - Requiere datos únicos:|Por favor cambie la información|Y
504|es_PE|0|0|Y|2006-11-10 00:02:23|100|2006-11-10 00:13:15|100|No fue guardado||Y
505|es_PE|0|0|Y|2006-11-10 00:02:23|100|2006-11-10 00:13:15|100|El registro no pudo ser registrado||Y
506|es_PE|0|0|Y|2006-11-10 00:02:23|100|2006-11-10 00:13:15|100|Registro guardado||Y
507|es_PE|0|0|Y|2006-11-10 00:02:23|100|2006-11-10 00:13:15|100|Esquema||Y
508|es_PE|0|0|Y|2006-11-10 00:02:23|100|2006-11-10 00:13:15|100|Script||Y
509|es_PE|0|0|Y|2006-11-10 00:02:23|100|2006-11-10 00:13:15|100|Editor de script||Y
510|es_PE|0|0|Y|2006-11-10 00:02:23|100|2006-11-10 00:13:15|100|Error de script||Y
511|es_PE|0|0|Y|2006-11-10 00:02:23|100|2006-11-10 00:13:15|100|Ayuda de script||Y
512|es_PE|0|0|Y|2006-11-10 00:02:23|100|2006-11-10 00:13:15|100|Resultado||Y
513|es_PE|0|0|Y|2006-11-10 00:02:23|100|2006-11-10 00:13:15|100|Variable resultado||Y
514|es_PE|0|0|Y|2006-11-10 00:02:23|100|2006-11-10 00:13:15|100|Variables disponibles||Y
515|es_PE|0|0|Y|2006-11-10 00:02:23|100|2006-11-10 00:13:15|100|Buscar registros||Y
516|es_PE|0|0|Y|2006-11-10 00:02:23|100|2006-11-10 00:13:15|100|Criterio de búsqueda||Y
310|es_PE|0|0|Y|2006-11-10 00:02:23|100|2006-11-10 00:13:15|100|Seleccionar entregas para generación de facturas||Y
540|es_PE|0|0|Y|2006-11-10 00:02:23|100|2006-11-10 00:13:15|100|No fue posible encontrar secuencia para:||Y
453|es_PE|0|0|Y|2006-11-10 00:02:23|100|2006-11-10 00:13:15|100|Entrar criterios de la consulta||Y
454|es_PE|0|0|Y|2006-11-10 00:02:23|100|2006-11-10 00:13:15|100|Ejecutar consulta||Y
455|es_PE|0|0|Y|2006-11-10 00:02:23|100|2006-11-10 00:13:15|100|Incluir en la consulta||Y
456|es_PE|0|0|Y|2006-11-10 00:02:23|100|2006-11-10 00:13:15|100|No se encontraron registros con estos criterios. ¿Desea cambiar los criterios de la consulta?||Y
457|es_PE|0|0|Y|2006-11-10 00:02:23|100|2006-11-10 00:13:15|100|El registro de solo de lectura||Y
458|es_PE|0|0|Y|2006-11-10 00:02:23|100|2006-11-10 00:13:15|100|Volver a registrar contablemente||Y
459|es_PE|0|0|Y|2006-11-10 00:02:23|100|2006-11-10 00:13:15|100|Volver a registrar el documento, recrea la contabilidad para este documento||Y
460|es_PE|0|0|Y|2006-11-10 00:02:23|100|2006-11-10 00:13:15|100|Registro||Y
423|es_PE|0|0|Y|2006-11-10 00:02:23|100|2006-11-10 00:13:15|100|Versión de la lista de precios||Y
424|es_PE|0|0|Y|2006-11-10 00:02:23|100|2006-11-10 00:13:15|100|No se encontró una versión de lista de precio que fuera válida y estuviera activa||Y
425|es_PE|0|0|Y|2006-11-10 00:02:23|100|2006-11-10 00:13:15|100|Imprimir||Y
426|es_PE|0|0|Y|2006-11-10 00:02:23|100|2006-11-10 00:13:15|100|Personalizar Informe||Y
427|es_PE|0|0|Y|2006-11-10 00:02:23|100|2006-11-10 00:13:15|100|Definido (desplegado)||Y
428|es_PE|0|0|Y|2006-11-10 00:02:23|100|2006-11-10 00:13:15|100|Imprimir facturas||Y
429|es_PE|0|0|Y|2006-11-10 00:02:23|100|2006-11-10 00:13:15|100|¿Imprimir solamente la factura más reciente? (no: imprimir todas las facturas de una orden)||Y
545|es_PE|0|0|Y|2006-11-10 00:02:23|100|2006-11-10 00:13:15|100|Despliegue de un solo registro||Y
546|es_PE|0|0|Y|2006-11-10 00:02:23|100|2006-11-10 00:13:15|100|Ordenado por||Y
547|es_PE|0|0|Y|2006-11-10 00:02:23|100|2006-11-10 00:13:15|100|Ordenado||Y
548|es_PE|0|0|Y|2006-11-10 00:02:23|100|2006-11-10 00:13:15|100|Estándar||Y
549|es_PE|0|0|Y|2006-11-10 00:02:23|100|2006-11-10 00:13:15|100|Comenzar||Y
431|es_PE|0|0|Y|2006-11-10 00:02:23|100|2006-11-10 00:13:15|100|Configurar página||Y
377|es_PE|0|0|Y|2006-11-10 00:02:23|100|2006-11-10 00:13:15|100|{0} Línea(s) - {1,number,#,##0.00} -  Total: {2,number,#,##0.00}  {3} =  {4,number,#,##0.00}||Y
378|es_PE|0|0|Y|2006-11-10 00:02:23|100|2006-11-10 00:13:15|100|Organización||Y
379|es_PE|0|0|Y|2006-11-10 00:02:23|100|2006-11-10 00:13:15|100|Otro proceso para éste registro está activo; pruebe más tarde||Y
380|es_PE|0|0|Y|2006-11-10 00:02:23|100|2006-11-10 00:13:15|100|Página||Y
381|es_PE|0|0|Y|2006-11-10 00:02:23|100|2006-11-10 00:13:15|100|Cambio de página||Y
382|es_PE|0|0|Y|2006-11-10 00:02:23|100|2006-11-10 00:13:15|100|Página  {P} de {N}||Y
383|es_PE|0|0|Y|2006-11-10 00:02:23|100|2006-11-10 00:13:15|100|Dos páginas||Y
384|es_PE|0|0|Y|2006-11-10 00:02:23|100|2006-11-10 00:13:15|100|Página entera||Y
277|es_PE|0|0|Y|2006-11-10 00:02:23|100|2006-11-10 00:13:15|100|No se encontraron registros||Y
278|es_PE|0|0|Y|2006-11-10 00:02:23|100|2006-11-10 00:13:15|100|Primer registro||Y
279|es_PE|0|0|Y|2006-11-10 00:02:23|100|2006-11-10 00:13:15|100|Primera pagina||Y
280|es_PE|0|0|Y|2006-11-10 00:02:23|100|2006-11-10 00:13:15|100|Desde||Y
281|es_PE|0|0|Y|2006-11-10 00:02:23|100|2006-11-10 00:13:15|100|Función a llamar no se encontró||Y
327|es_PE|0|0|Y|2006-11-10 00:02:23|100|2006-11-10 00:13:15|100|Entrar al sistema con éxito||Y
394|es_PE|0|0|Y|2006-11-10 00:02:23|100|2006-11-10 00:13:15|100|Número de ruta bancaria no es válida||Y
489|es_PE|0|0|Y|2006-11-10 00:02:23|100|2006-11-10 00:13:15|100|El rol y la compañía/organización son inconsistentes||Y
490|es_PE|0|0|Y|2006-11-10 00:02:23|100|2006-11-10 00:13:15|100|Crédito disponible||Y
491|es_PE|0|0|Y|2006-11-10 00:02:23|100|2006-11-10 00:13:15|100|El producto está reservado ó fue ya enviado y facturado. La cantidad se ajusta a cero. Detalles:||Y
492|es_PE|0|0|Y|2006-11-10 00:02:23|100|2006-11-10 00:13:15|100|Entrada en un campo de llave no era única - un registro con ese valor ya existía   Detalles:||Y
493|es_PE|0|0|Y|2006-11-10 00:02:23|100|2006-11-10 00:13:15|100|El registro es usado por otros registros Detalles:||Y
494|es_PE|0|0|Y|2006-11-10 00:02:23|100|2006-11-10 00:13:15|100|El mismo Socio del Negocio||Y
495|es_PE|0|0|Y|2006-11-10 00:02:23|100|2006-11-10 00:13:15|100|El mismo Producto||Y
496|es_PE|0|0|Y|2006-11-10 00:02:23|100|2006-11-10 00:13:15|100|La misma Cantidad||Y
370|es_PE|0|0|Y|2006-11-10 00:02:23|100|2006-11-10 00:13:15|100|Clientes solamente||Y
401|es_PE|0|0|Y|2006-11-10 00:02:23|100|2006-11-10 00:13:15|100|Pago fue procesado exitosamente||Y
535|es_PE|0|0|Y|2006-11-10 00:02:23|100|2006-11-10 00:13:15|100|Enviar email||Y
677|es_PE|0|0|Y|2006-11-10 00:02:23|100|2006-11-10 00:13:15|100|Cargo no puede ser seleccionado, si tienen un producto seleccionado, una carga necesita tener su propia línea|El cambio no puede ser seleccionado, si hay una selección existente del producto (cualquier-o).  Una carga necesita tener su propia línea.|Y
274|es_PE|0|0|Y|2006-11-10 00:02:23|100|2006-11-10 00:13:15|100|Personalizar Encontrar||Y
678|es_PE|0|0|Y|2006-11-10 00:02:23|100|2006-11-10 00:13:15|100|Tipo de documento y tipo de factura (CP / CC) inconsistente|Tipo de documento de pago y tipo de factura (AP/AR) inconsistente|Y
679|es_PE|0|0|Y|2006-11-10 00:02:23|100|2006-11-10 00:13:15|100|(Re) Seleccionar Factura||Y
680|es_PE|0|0|Y|2006-11-10 00:02:23|100|2006-11-10 00:13:15|100|"Fallo Pagos en Línea
"||Y
688|es_PE|0|0|Y|2006-11-10 00:02:23|100|2006-11-10 00:13:15|100|Error de Carga||Y
689|es_PE|0|0|Y|2006-11-10 00:02:23|100|2006-11-10 00:13:15|100|Mezclar Desde||Y
690|es_PE|0|0|Y|2006-11-10 00:02:23|100|2006-11-10 00:13:15|100|Mezclar A||Y
691|es_PE|0|0|Y|2006-11-10 00:02:23|100|2006-11-10 00:13:15|100|"¿Mezclar Entidad Desde para Entidad A ?
** Transacción NO se puede Deshacer -- Usted Necesita Tener un Respaldo **"||Y
692|es_PE|0|0|Y|2006-11-10 00:02:23|100|2006-11-10 00:13:15|100|Mezclar Sucesos||Y
693|es_PE|0|0|Y|2006-11-10 00:02:23|100|2006-11-10 00:13:15|100|Error de Mezclado - Por Favor Revisar.||Y
694|es_PE|0|0|Y|2006-11-10 00:02:23|100|2006-11-10 00:13:15|100|Error en la disposición de lenguaje|Comprueba la disposición de lenguaje|Y
695|es_PE|0|0|Y|2006-11-10 00:02:23|100|2006-11-10 00:13:15|100|Ningún grupo de Atributos definidos para el producto||Y
696|es_PE|0|0|Y|2006-11-10 00:02:23|100|2006-11-10 00:13:15|100|No hay producto para información del atributo||Y
698|es_PE|0|0|Y|2006-11-10 00:02:23|100|2006-11-10 00:13:15|100|Contexto||Y
703|es_PE|0|0|Y|2006-11-10 00:02:23|100|2006-11-10 00:13:15|100|SQL Statement||Y
704|es_PE|0|0|Y|2006-11-10 00:02:23|100|2006-11-10 00:13:15|100|Bloquea Registros Privados||Y
705|es_PE|0|0|Y|2006-11-10 00:02:23|100|2006-11-10 00:13:15|100|Información de Atributos del Producto||Y
706|es_PE|0|0|Y|2006-11-10 00:02:23|100|2006-11-10 00:13:15|100|Usted no puede reportar esta información|"Usted no tiene privilegios
"|Y
707|es_PE|0|0|Y|2006-11-10 00:02:23|100|2006-11-10 00:13:15|100|Usted no puede exportar esta información|Usted no tiene privilegios|Y
1000000|es_PE|0|0|Y|2007-11-14 12:25:57|100|2007-11-14 12:26:11|100|Codigo||Y
1000001|es_PE|0|0|Y|2007-11-14 12:26:31|100|2007-11-14 12:26:39|100|Descripcion||Y
1000002|es_PE|0|0|Y|2007-11-14 12:27:03|100|2007-11-14 12:27:27|100|Precio Unitario||Y
1000003|es_PE|0|0|Y|2007-11-14 12:27:41|100|2007-11-14 12:28:11|100|Cantidad||Y
1000004|es_PE|0|0|Y|2007-11-14 12:28:38|100|2007-11-14 12:28:42|100|Total||Y
1000005|es_PE|0|0|Y|2007-11-14 12:29:28|100|2007-11-14 12:29:54|100|Configuracion no encontrada.||Y
1000006|es_PE|0|0|Y|2007-11-14 12:30:22|100|2007-11-14 12:30:30|100|Error de PDC:||Y
1000007|es_PE|0|0|Y|2007-11-14 12:30:49|100|2007-11-14 12:30:49|100|Terminal:||N
1000008|es_PE|0|0|Y|2007-11-14 12:31:29|100|2007-11-14 12:31:36|100|Socio de Negocio:||Y
1000009|es_PE|0|0|Y|2007-11-14 12:31:57|100|2007-11-14 12:32:03|100|Almacen:||Y
1000010|es_PE|0|0|Y|2007-11-14 12:32:20|100|2007-11-14 12:32:25|100|Ubicacion:||Y
1000011|es_PE|0|0|Y|2007-11-14 12:32:47|100|2007-11-14 12:32:58|100|Fecha Documento:||Y
1000012|es_PE|0|0|Y|2007-11-14 12:33:30|100|2007-11-14 12:33:40|100|Agregar [ENT]||Y
1000013|es_PE|0|0|Y|2007-11-14 12:34:19|100|2007-11-14 12:34:22|100|Borrar [DEL]||Y
1000014|es_PE|0|0|Y|2007-11-14 12:38:31|100|2007-11-14 12:38:42|100|Cantidad [INI]||Y
1000015|es_PE|0|0|Y|2007-11-14 12:39:39|100|2007-11-14 12:39:51|100|Buscar [F11]||Y
1000016|es_PE|0|0|Y|2007-11-14 12:40:28|100|2007-11-14 12:45:25|100|Finalizar [FIN]||Y
1000017|es_PE|0|0|Y|2007-11-14 12:46:06|100|2007-11-14 12:46:13|100|Arriba||Y
1000018|es_PE|0|0|Y|2007-11-14 12:46:31|100|2007-11-14 12:46:36|100|Abajo||Y
1000019|es_PE|0|0|Y|2007-11-14 12:47:32|100|2007-11-14 12:47:43|100|Calc [F10]||Y
1000020|es_PE|0|0|Y|2007-11-14 12:48:31|100|2007-11-14 12:48:43|100|Importe [REPAG]||Y
1000021|es_PE|0|0|Y|2007-11-14 12:50:53|100|2007-11-14 12:51:04|100|Precio [AVPAG]||Y
1000022|es_PE|0|0|Y|2007-11-14 12:51:25|100|2007-11-14 12:51:36|100|Salir [ESC]||Y
1000023|es_PE|0|0|Y|2007-11-14 12:52:44|100|2007-11-14 12:53:00|100|Subtotal:||Y
1000024|es_PE|0|0|Y|2007-11-14 12:53:49|100|2007-11-14 12:54:11|100|Impuestos:||Y
1000025|es_PE|0|0|Y|2007-11-14 12:54:31|100|2007-11-14 12:54:38|100|Total:||Y
1000026|es_PE|0|0|Y|2007-11-14 12:55:06|100|2007-11-14 12:57:34|100|Producto no existe.||Y
1000027|es_PE|0|0|Y|2007-11-14 12:58:05|100|2007-11-14 12:58:23|100|Error actualizando precio.||Y
1000028|es_PE|0|0|Y|2007-11-14 12:58:56|100|2007-11-14 12:59:02|100|Precio no valido.||Y
1000029|es_PE|0|0|Y|2007-11-14 12:59:50|100|2007-11-14 12:59:59|100|Error actualizando total.||Y
1000030|es_PE|0|0|Y|2007-11-14 13:00:24|100|2007-11-14 13:00:30|100|Total no valido.||Y
1000031|es_PE|0|0|Y|2007-11-14 13:00:56|100|2007-11-14 13:01:05|100|Error actualizando cantidad.||Y
1000032|es_PE|0|0|Y|2007-11-14 13:01:39|100|2007-11-14 13:01:44|100|Cantidad no valida.||Y
1000033|es_PE|0|0|Y|2007-11-14 13:02:14|100|2007-11-14 13:02:32|100|Error calculando totales.||Y
1000034|es_PE|0|0|Y|2007-11-19 16:25:26|0|2007-11-19 16:25:31|0|Anular||Y
1000035|es_PE|0|0|Y|2007-11-19 16:25:55|0|2007-11-19 16:26:02|0|Numero Factura:||Y
1000036|es_PE|0|0|Y|2007-11-19 16:26:21|0|2007-11-19 16:26:29|0|Numero Guia Remision:||Y
1000037|es_PE|0|0|Y|2007-11-19 16:26:40|0|2007-11-19 16:26:45|0|Continuar||Y
1000038|es_PE|0|0|Y|2007-11-19 16:26:57|0|2007-11-19 16:27:01|0|Cancelar||Y
1000039|es_PE|0|0|Y|2007-11-19 16:27:18|0|2007-11-19 16:27:23|0|Finalizado.||Y
1000040|es_PE|0|0|Y|2007-11-19 16:27:33|0|2007-11-19 16:27:38|0|Reiniciar||Y
1000041|es_PE|0|0|Y|2007-11-19 16:30:44|0|2007-11-19 16:30:53|0|No hay lineas de documento.||Y
1000042|es_PE|0|0|Y|2007-11-19 16:31:17|0|2007-11-19 16:31:27|0|Error guardando cabecera de la Orden.||Y
1000044|es_PE|0|0|Y|2007-11-19 16:32:11|0|2007-11-19 16:32:50|0|Error guardando linea de la orden.||Y
1000045|es_PE|0|0|Y|2007-11-19 16:33:11|0|2007-11-19 16:33:20|0|No se pudo completar la orden.||Y
1000046|es_PE|0|0|Y|2007-11-19 16:34:11|0|2007-11-19 16:34:23|0|No se pudo guardar la orden despues de completarla.||Y
1000047|es_PE|0|0|Y|2007-11-19 16:35:17|0|2007-11-19 16:35:26|0|No se pudo guardar recibo de material.||Y
537|es_PE|0|0|Y|2006-11-10 00:02:23|100|2006-11-10 00:13:15|100|Secuencia||Y
244|es_PE|0|0|Y|2006-11-10 00:02:23|100|2006-11-10 00:13:15|100|Expandir todos||Y
245|es_PE|0|0|Y|2006-11-10 00:02:23|100|2006-11-10 00:13:15|100|Expandir árbol||Y
246|es_PE|0|0|Y|2006-11-10 00:02:23|100|2006-11-10 00:13:15|100|Gasto||Y
247|es_PE|0|0|Y|2006-11-10 00:02:23|100|2006-11-10 00:13:15|100|Expira (MMYY)||Y
867|es_PE|0|0|Y|2006-11-10 00:02:23|100|2006-11-10 00:13:15|100|System Name|Name your Adempiere System installation, e.g. Joe Block, Inc.|N
248|es_PE|0|0|Y|2006-11-10 00:02:23|100|2006-11-10 00:13:15|100|Exportar registros||Y
249|es_PE|0|0|Y|2006-11-10 00:02:23|100|2006-11-10 00:13:15|100|Exportar a Excel||Y
250|es_PE|0|0|Y|2006-11-10 00:02:23|100|2006-11-10 00:13:15|100|Exportar registros||Y
251|es_PE|0|0|Y|2006-11-10 00:02:23|100|2006-11-10 00:13:15|100|Proceso falló:||Y
252|es_PE|0|0|Y|2006-11-10 00:02:23|100|2006-11-10 00:13:15|100|Campo||Y
253|es_PE|0|0|Y|2006-11-10 00:02:23|100|2006-11-10 00:13:15|100|Archivo||Y
254|es_PE|0|0|Y|2006-11-10 00:02:23|100|2006-11-10 00:13:15|100|Archivo CSV de Excel||Y
255|es_PE|0|0|Y|2006-11-10 00:02:23|100|2006-11-10 00:13:15|100|No es posible crear el archivo||Y
256|es_PE|0|0|Y|2006-11-10 00:02:23|100|2006-11-10 00:13:15|100|Archivo HTML||Y
520|es_PE|0|0|Y|2006-11-10 00:02:23|100|2006-11-10 00:13:15|100|No existe nada para buscar aquí||Y
521|es_PE|0|0|Y|2006-11-10 00:02:23|100|2006-11-10 00:13:15|100|Seleccione registro y retorne||Y
522|es_PE|0|0|Y|2006-11-10 00:02:23|100|2006-11-10 00:13:15|100|Error de consulta - probablemente criterios cerrados fueron entrados||Y
523|es_PE|0|0|Y|2006-11-10 00:02:23|100|2006-11-10 00:13:15|100|Filas encontradas- entrar criterios (opcionalmente con %)||Y
524|es_PE|0|0|Y|2006-11-10 00:02:23|100|2006-11-10 00:13:15|100|Seleccionar||Y
416|es_PE|0|0|Y|2006-11-10 00:02:23|100|2006-11-10 00:13:15|100|Error registrando contabilidad: Cuenta invalida|Cuenta ya no está activa; Reactive la cuenta ó escoja nueva|Y
673|es_PE|0|0|Y|2006-11-10 00:02:23|100|2006-11-10 00:13:15|100|Enviar||Y
674|es_PE|0|0|Y|2006-11-10 00:02:23|100|2006-11-10 00:13:15|100|Usted tiene que restringir la selección||Y
661|es_PE|0|0|Y|2006-11-10 00:02:23|100|2006-11-10 00:13:15|100|Errores||Y
662|es_PE|0|0|Y|2006-11-10 00:02:23|100|2006-11-10 00:13:15|100|Compra||Y
503|es_PE|0|0|Y|2006-11-10 00:02:23|100|2006-11-10 00:13:15|100|Registro no fue guardado. La fila no se encontró||Y
539|es_PE|0|0|Y|2006-11-10 00:02:23|100|2006-11-10 00:13:15|100|No fue posible encontrar la siguiente secuencia para la identificación de tabla|Revise con su administrador del sistema|Y
631|es_PE|0|0|Y|2006-11-10 00:02:23|100|2006-11-10 00:13:15|100|Tiempo no está disponible||Y
717|es_PE|0|0|Y|2006-11-10 00:02:23|100|2006-11-10 00:13:15|100|Editar Registro||Y
727|es_PE|0|0|Y|2006-11-10 00:02:23|100|2006-11-10 00:13:15|100|Izquierda||Y
743|es_PE|0|0|Y|2006-11-10 00:02:23|100|2006-11-10 00:13:15|100|pcsv - Punto y coma separa el valor de archivo (ssv)||Y
802|es_PE|0|0|Y|2006-11-10 00:02:23|100|2006-11-10 00:13:15|100|Diario de CG desbalanceado y balanceo suspendido no activado|Jornada desbalanceada y suspender el balance no permitido|Y
497|es_PE|0|0|Y|2006-11-10 00:02:23|100|2006-11-10 00:13:15|100|Guardar cambios||Y
498|es_PE|0|0|Y|2006-11-10 00:02:23|100|2006-11-10 00:13:15|100|¿Desea guardar los cambios?||Y
257|es_PE|0|0|Y|2006-11-10 00:02:23|100|2006-11-10 00:13:15|100|Cargador de archivo para importar||Y
258|es_PE|0|0|Y|2006-11-10 00:02:23|100|2006-11-10 00:13:15|100|Seleccionar Archivos a Cargar||Y
259|es_PE|0|0|Y|2006-11-10 00:02:23|100|2006-11-10 00:13:15|100|Seleccionar el archivo para importar||Y
260|es_PE|0|0|Y|2006-11-10 00:02:23|100|2006-11-10 00:13:15|100|No hay formato para importar||Y
261|es_PE|0|0|Y|2006-11-10 00:02:23|100|2006-11-10 00:13:15|100|Filas de archivo/Importadas||Y
262|es_PE|0|0|Y|2006-11-10 00:02:23|100|2006-11-10 00:13:15|100|Extensión invalida de archivo||Y
263|es_PE|0|0|Y|2006-11-10 00:02:23|100|2006-11-10 00:13:15|100|Archivo PDF Acrobat||Y
264|es_PE|0|0|Y|2006-11-10 00:02:23|100|2006-11-10 00:13:15|100|Archivo Postscript PS||Y
265|es_PE|0|0|Y|2006-11-10 00:02:23|100|2006-11-10 00:13:15|100|Archivo RTF||Y
266|es_PE|0|0|Y|2006-11-10 00:02:23|100|2006-11-10 00:13:15|100|Archivo de texto||Y
267|es_PE|0|0|Y|2006-11-10 00:02:23|100|2006-11-10 00:13:15|100|Error al escribir en archivo||Y
268|es_PE|0|0|Y|2006-11-10 00:02:23|100|2006-11-10 00:13:15|100|Archivo XML||Y
269|es_PE|0|0|Y|2006-11-10 00:02:23|100|2006-11-10 00:13:15|100|Llenar campos obligatorios:||Y
270|es_PE|0|0|Y|2006-11-10 00:02:23|100|2006-11-10 00:13:15|100|Encontrar registro||Y
271|es_PE|0|0|Y|2006-11-10 00:02:23|100|2006-11-10 00:13:15|100|Columnas disponibles||Y
180|es_PE|0|0|Y|2006-11-10 00:02:23|100|2006-11-10 00:13:15|100|Cerrar ventana||Y
543|es_PE|0|0|Y|2006-11-10 00:02:23|100|2006-11-10 00:13:15|100|Mostrar las pestañas de contabilidad|Muestra la información contable|Y
544|es_PE|0|0|Y|2006-11-10 00:02:23|100|2006-11-10 00:13:15|100|Mostrar las pestañas de traducción|Muestra la información de traducción|Y
300|es_PE|0|0|Y|2006-11-10 00:02:23|100|2006-11-10 00:13:15|100|Información de Socio de Negocio||Y
302|es_PE|0|0|Y|2006-11-10 00:02:23|100|2006-11-10 00:13:15|100|Información de Factura||Y
306|es_PE|0|0|Y|2006-11-10 00:02:23|100|2006-11-10 00:13:15|100|Insertado||Y
307|es_PE|0|0|Y|2006-11-10 00:02:23|100|2006-11-10 00:13:15|100|Generar facturas (manual)||Y
308|es_PE|0|0|Y|2006-11-10 00:02:23|100|2006-11-10 00:13:15|100|Generar facturas||Y
309|es_PE|0|0|Y|2006-11-10 00:02:23|100|2006-11-10 00:13:15|100|Facturas son generadas dependiendo de la regla de facturación seleccionada en la orden||Y
341|es_PE|0|0|Y|2006-11-10 00:02:23|100|2006-11-10 00:13:15|100|Multimoneda||Y
304|es_PE|0|0|Y|2006-11-10 00:02:23|100|2010-08-06 14:02:25.924|100|Información de Pago||Y
301|es_PE|0|0|Y|2006-11-10 00:02:23|100|2010-08-06 14:02:39.539|100|Información de Entrega/Recibo||Y
303|es_PE|0|0|Y|2006-11-10 00:02:23|100|2010-08-06 14:04:59.316|100|Información de Orden||Y
342|es_PE|0|0|Y|2006-11-10 00:02:23|100|2006-11-10 00:13:15|100|No||Y
343|es_PE|0|0|Y|2006-11-10 00:02:23|100|2006-11-10 00:13:15|100|Nombre||Y
344|es_PE|0|0|Y|2006-11-10 00:02:23|100|2006-11-10 00:13:15|100|Navegar||Y
321|es_PE|0|0|Y|2006-11-10 00:02:23|100|2006-11-10 00:13:15|100|Carga||Y
850|es_PE|0|0|Y|2006-11-10 00:02:23|100|2006-11-10 00:13:15|100|You subscribed to this Interest Area. To unsubscribe, log in, go to Interest Area and click Un-subscribe.||N
851|es_PE|0|0|Y|2006-11-10 00:02:23|100|2006-11-10 00:13:15|100|Force||N
852|es_PE|0|0|Y|2006-11-10 00:02:23|100|2006-11-10 00:13:15|100|Query returned more records then allowed in role - requery||N
853|es_PE|0|0|Y|2006-11-10 00:02:23|100|2006-11-10 00:13:15|100|"Registro Nuevo Automático
"|Cuando No existe registro, automáticamente crea un Registro Nuevo|Y
854|es_PE|0|0|Y|2006-11-10 00:02:23|100|2006-11-10 00:13:15|100|Force Posting - Overwrite Locking||N
855|es_PE|0|0|Y|2006-11-10 00:02:23|100|2006-11-10 00:13:15|100|Alternative||N
856|es_PE|0|0|Y|2006-11-10 00:02:23|100|2006-11-10 00:13:15|100|Unconfirmed Move||N
857|es_PE|0|0|Y|2006-11-10 00:02:23|100|2006-11-10 00:13:15|100|Connection Profile changed - You need to re-login to be effective.||N
858|es_PE|0|0|Y|2006-11-10 00:02:23|100|2006-11-10 00:13:15|100|Workflow &Activities||N
859|es_PE|0|0|Y|2006-11-10 00:02:23|100|2006-11-10 00:13:15|100|&Flujo de Trabajo||Y
861|es_PE|0|0|Y|2006-11-10 00:02:23|100|2006-11-10 00:13:15|100|Please select the parent tab first:||N
862|es_PE|0|0|Y|2006-11-10 00:02:23|100|2006-11-10 00:13:15|100|Please select the parent tab before selecting a dependent tab||N
863|es_PE|0|0|Y|2006-11-10 00:02:23|100|2006-11-10 00:13:15|100|&OK||Y
779|es_PE|0|0|Y|2006-11-10 00:02:23|100|2006-11-10 00:13:15|100|Comprobación||Y
780|es_PE|0|0|Y|2006-11-10 00:02:23|100|2006-11-10 00:13:15|100|Efectivo Dado||Y
781|es_PE|0|0|Y|2006-11-10 00:02:23|100|2006-11-10 00:13:15|100|Devolución||Y
782|es_PE|0|0|Y|2006-11-10 00:02:23|100|2006-11-10 00:13:15|100|Efectivo||Y
783|es_PE|0|0|Y|2006-11-10 00:02:23|100|2006-11-10 00:13:15|100|Explicación MM/AA||Y
784|es_PE|0|0|Y|2006-11-10 00:02:23|100|2006-11-10 00:13:15|100|Línea Actual||Y
785|es_PE|0|0|Y|2006-11-10 00:02:23|100|2006-11-10 00:13:15|100|Salida||Y
837|es_PE|0|0|Y|2006-11-10 00:02:23|100|2006-11-10 00:13:15|100|Document Status changed - Requery Record||N
839|es_PE|0|0|Y|2006-11-10 00:02:23|100|2006-11-10 00:13:15|100|Create new node||N
840|es_PE|0|0|Y|2006-11-10 00:02:23|100|2006-11-10 00:13:15|100|Delete Node||N
841|es_PE|0|0|Y|2006-11-10 00:02:23|100|2006-11-10 00:13:15|100|Add Line||N
609|es_PE|0|0|Y|2006-11-10 00:02:23|100|2006-11-10 00:13:15|100|Favor actualizar su navegador de internet; si la selección de pagos dependientes permanece vacío después de cambiar el rol||Y
610|es_PE|0|0|Y|2006-11-10 00:02:23|100|2006-11-10 00:13:15|100|Base de datos actual no está disponible||Y
611|es_PE|0|0|Y|2006-11-10 00:02:23|100|2006-11-10 00:13:15|100|Esperando por pago (si se requiere se puede cerrar la orden)||Y
612|es_PE|0|0|Y|2006-11-10 00:02:23|100|2006-11-10 00:13:15|100|Almacén||Y
613|es_PE|0|0|Y|2006-11-10 00:02:23|100|2006-11-10 00:13:15|100|Información del registro||Y
614|es_PE|0|0|Y|2006-11-10 00:02:23|100|2006-11-10 00:13:15|100|Ventana||Y
643|es_PE|0|0|Y|2006-11-10 00:02:23|100|2006-11-10 00:13:15|100|No hay formato de impresión de documentos definido||Y
644|es_PE|0|0|Y|2006-11-10 00:02:23|100|2006-11-10 00:13:15|100|Traducir formato de impresión|Si no se tiene documentos en multilenguaje habilitado; es posible traducir el Informe aquí|Y
645|es_PE|0|0|Y|2006-11-10 00:02:23|100|2006-11-10 00:13:15|100|Traducir||Y
646|es_PE|0|0|Y|2006-11-10 00:02:23|100|2006-11-10 00:13:15|100|Nuevo Informe||Y
647|es_PE|0|0|Y|2006-11-10 00:02:23|100|2006-11-10 00:13:15|100|Promedio||Y
648|es_PE|0|0|Y|2006-11-10 00:02:23|100|2006-11-10 00:13:15|100|Recuento||Y
649|es_PE|0|0|Y|2006-11-10 00:02:23|100|2006-11-10 00:13:15|100|Copia de la pantalla||Y
650|es_PE|0|0|Y|2006-11-10 00:02:23|100|2006-11-10 00:13:15|100|Error de versión de la base de datos|El programa asume base de datos versión {0}; pero la base de datos tiene version {1}. Pare y migre la base de datos inmediatamente|Y
652|es_PE|0|0|Y|2006-11-10 00:02:23|100|2006-11-10 00:13:15|100|Todos||Y
653|es_PE|0|0|Y|2006-11-10 00:02:23|100|2006-11-10 00:13:15|100|Año||Y
654|es_PE|0|0|Y|2006-11-10 00:02:23|100|2006-11-10 00:13:15|100|¿Que tan atrás en la historia?|Muestra registros históricos pasados|Y
659|es_PE|0|0|Y|2006-11-10 00:02:23|100|2006-11-10 00:13:15|100|Cantidad absoluta||Y
660|es_PE|0|0|Y|2006-11-10 00:02:23|100|2006-11-10 00:13:15|100|Importar||Y
663|es_PE|0|0|Y|2006-11-10 00:02:23|100|2006-11-10 00:13:15|100|El Servidor de Aplicaciones no se encuentra||Y
664|es_PE|0|0|Y|2006-11-10 00:02:23|100|2006-11-10 00:13:15|100|Opcional||Y
665|es_PE|0|0|Y|2006-11-10 00:02:23|100|2006-11-10 00:13:15|100|Carga de Cuentas|Formato: Accounting__.csv|Y
666|es_PE|0|0|Y|2006-11-10 00:02:23|100|2006-11-10 00:13:15|100|Ningún impuesto exento encontrado (Defina el impuesto Exento)||Y
667|es_PE|0|0|Y|2006-11-10 00:02:23|100|2006-11-10 00:13:15|100|No hay conección con la base de datos||Y
668|es_PE|0|0|Y|2006-11-10 00:02:23|100|2006-11-10 00:13:15|100|Generando Entregas||Y
670|es_PE|0|0|Y|2006-11-10 00:02:23|100|2006-11-10 00:13:15|100|Selecciona Ordenes para Generar Entregas||Y
671|es_PE|0|0|Y|2006-11-10 00:02:23|100|2006-11-10 00:13:15|100|"Los envíos se generan dependiendo la selección de la ""regla de entrega"" de la orden"||Y
672|es_PE|0|0|Y|2006-11-10 00:02:23|100|2006-11-10 00:13:15|100|Embarque||Y
675|es_PE|0|0|Y|2006-11-10 00:02:23|100|2006-11-10 00:13:15|100|Principio del Balance||Y
676|es_PE|0|0|Y|2006-11-10 00:02:23|100|2006-11-10 00:13:15|100|Argumentos Inválidos - Verifique Parámetros||Y
708|es_PE|0|0|Y|2006-11-10 00:02:23|100|2006-11-10 00:13:15|100|Datos Clientes||Y
710|es_PE|0|0|Y|2006-11-10 00:02:23|100|2006-11-10 00:13:15|100|Info Rol||Y
711|es_PE|0|0|Y|2006-11-10 00:02:23|100|2006-11-10 00:13:15|100|Incluir||Y
712|es_PE|0|0|Y|2006-11-10 00:02:23|100|2006-11-10 00:13:15|100|Excluir||Y
713|es_PE|0|0|Y|2006-11-10 00:02:23|100|2006-11-10 00:13:15|100|Mantenimiento del Diccionario|Solamente para Mantenimiento del diccionario Interno de Compire - NO SELECCIONAR|Y
658|es_PE|0|0|Y|2006-11-10 00:02:23|100|2010-08-06 14:05:24.027|100|Información de Recursos||Y
714|es_PE|0|0|Y|2006-11-10 00:02:23|100|2006-11-10 00:13:15|100|No Traducido||Y
715|es_PE|0|0|Y|2006-11-10 00:02:23|100|2006-11-10 00:13:15|100|Seleccionar registro existente||Y
716|es_PE|0|0|Y|2006-11-10 00:02:23|100|2006-11-10 00:13:15|100|Nuevo registro||Y
718|es_PE|0|0|Y|2006-11-10 00:02:23|100|2006-11-10 00:13:15|100|Mostrar Todos||Y
719|es_PE|0|0|Y|2006-11-10 00:02:23|100|2006-11-10 00:13:15|100|"Documento sin línea MANDATORIA de grupo de atributos de instancia - Primero Completelo
"||Y
720|es_PE|0|0|Y|2006-11-10 00:02:23|100|2006-11-10 00:13:15|100|Seleccionar registro existente||Y
721|es_PE|0|0|Y|2006-11-10 00:02:23|100|2006-11-10 00:13:15|100|Tamaño||Y
722|es_PE|0|0|Y|2006-11-10 00:02:23|100|2006-11-10 00:13:15|100|Negrita||Y
723|es_PE|0|0|Y|2006-11-10 00:02:23|100|2006-11-10 00:13:15|100|Italic||Y
724|es_PE|0|0|Y|2006-11-10 00:02:23|100|2006-11-10 00:13:15|100|Subrayado||Y
725|es_PE|0|0|Y|2006-11-10 00:02:23|100|2006-11-10 00:13:15|100|Grupo de Fuentes||Y
726|es_PE|0|0|Y|2006-11-10 00:02:23|100|2006-11-10 00:13:15|100|Estilo de Fuente||Y
728|es_PE|0|0|Y|2006-11-10 00:02:23|100|2006-11-10 00:13:15|100|Centrado||Y
729|es_PE|0|0|Y|2006-11-10 00:02:23|100|2006-11-10 00:13:15|100|Derecha||Y
730|es_PE|0|0|Y|2006-11-10 00:02:23|100|2006-11-10 00:13:15|100|Alinear||Y
731|es_PE|0|0|Y|2006-11-10 00:02:23|100|2006-11-10 00:13:15|100|Fuente||Y
739|es_PE|0|0|Y|2006-11-10 00:02:23|100|2006-11-10 00:13:15|100|Correr Total||Y
741|es_PE|0|0|Y|2006-11-10 00:02:23|100|2006-11-10 00:13:15|100|Total VM Memoria {0,number,integer} kB - Libre {1,number,integer} kB||Y
744|es_PE|0|0|Y|2006-11-10 00:02:23|100|2006-11-10 00:13:15|100|Guarda Anexo en el Disco||Y
345|es_PE|0|0|Y|2006-11-10 00:02:23|100|2006-11-10 00:13:15|100|Navegar ó actualizar registro||Y
501|es_PE|0|0|Y|2006-11-10 00:02:23|100|2006-11-10 00:13:15|100|No se pudieron guardar los cambios - los datos fueron cambiados después de la consulta|Sistema volverá a consultar registro|Y
562|es_PE|0|0|Y|2006-11-10 00:02:23|100|2006-11-10 00:13:15|100|No se pudo encontrar el impuesto||Y
563|es_PE|0|0|Y|2006-11-10 00:02:23|100|2006-11-10 00:13:15|100|Prueba||Y
158|es_PE|0|0|Y|2006-11-10 00:02:23|100|2006-11-10 00:13:15|100|Socio de Negocio no fue encontrado||Y
159|es_PE|0|0|Y|2006-11-10 00:02:23|100|2006-11-10 00:13:15|100|Socio de Negocio no fue guardado||Y
160|es_PE|0|0|Y|2006-11-10 00:02:23|100|2006-11-10 00:13:15|100|Añadir a la barra||Y
161|es_PE|0|0|Y|2006-11-10 00:02:23|100|2006-11-10 00:13:15|100|Tabla de Barra||Y
162|es_PE|0|0|Y|2006-11-10 00:02:23|100|2006-11-10 00:13:15|100|Remover de la Barra||Y
163|es_PE|0|0|Y|2006-11-10 00:02:23|100|2006-11-10 00:13:15|100|Socio de Negocio||Y
164|es_PE|0|0|Y|2006-11-10 00:02:23|100|2006-11-10 00:13:15|100|Calculadora||Y
165|es_PE|0|0|Y|2006-11-10 00:02:23|100|2006-11-10 00:13:15|100|Calendario||Y
166|es_PE|0|0|Y|2006-11-10 00:02:23|100|2006-11-10 00:13:15|100|Cancelar||Y
399|es_PE|0|0|Y|2006-11-10 00:02:23|100|2006-11-10 00:13:15|100|No existe procesador de pago para éste tipo de pago|Cree procesador de pago para usted|Y
400|es_PE|0|0|Y|2006-11-10 00:02:23|100|2006-11-10 00:13:15|100|Proceso de pago falló||Y
430|es_PE|0|0|Y|2006-11-10 00:02:23|100|2006-11-10 00:13:15|100|Imprimir pantalla||Y
106|es_PE|0|0|Y|2006-11-10 00:02:23|100|2006-11-10 00:13:15|100|Cinco||Y
107|es_PE|0|0|Y|2006-11-10 00:02:23|100|2006-11-10 00:13:15|100|Seis||Y
108|es_PE|0|0|Y|2006-11-10 00:02:23|100|2006-11-10 00:13:15|100|Siete||Y
109|es_PE|0|0|Y|2006-11-10 00:02:23|100|2006-11-10 00:13:15|100|Ocho||Y
110|es_PE|0|0|Y|2006-11-10 00:02:23|100|2006-11-10 00:13:15|100|Nueve||Y
111|es_PE|0|0|Y|2006-11-10 00:02:23|100|2006-11-10 00:13:15|100|Acerca de||Y
112|es_PE|0|0|Y|2006-11-10 00:02:23|100|2006-11-10 00:13:15|100|Acceso||Y
113|es_PE|0|0|Y|2006-11-10 00:02:23|100|2006-11-10 00:13:15|100|No se puede cambiar el registro|Usted no tiene los privilegios requeridos|Y
114|es_PE|0|0|Y|2006-11-10 00:02:23|100|2006-11-10 00:13:15|100|No se puede borrar este registro|Usted no tiene los privilegios requeridos|Y
115|es_PE|0|0|Y|2006-11-10 00:02:23|100|2006-11-10 00:13:15|100|No se puede insertar un registro|Usted no tiene los privilegios requeridos|Y
116|es_PE|0|0|Y|2006-11-10 00:02:23|100|2006-11-10 00:13:15|100|No se puede actualizar este registro|Usted no tiene los privilegios requeridos|Y
117|es_PE|0|0|Y|2006-11-10 00:02:23|100|2006-11-10 00:13:15|100|Datos de Compañía y Organización||Y
484|es_PE|0|0|Y|2006-11-10 00:02:23|100|2006-11-10 00:13:15|100|Alerta: Solicitud {0} está pendiente||Y
485|es_PE|0|0|Y|2006-11-10 00:02:23|100|2006-11-10 00:13:15|100|Escalada Solicitud {0} a {1}||Y
363|es_PE|0|0|Y|2006-11-10 00:02:23|100|2006-11-10 00:13:15|100|No cotejado||Y
364|es_PE|0|0|Y|2006-11-10 00:02:23|100|2006-11-10 00:13:15|100|No único||Y
365|es_PE|0|0|Y|2006-11-10 00:02:23|100|2006-11-10 00:13:15|100|Número de filas x columnas||Y
366|es_PE|0|0|Y|2006-11-10 00:02:23|100|2006-11-10 00:13:15|100|OK||Y
134|es_PE|0|0|Y|2006-11-10 00:02:23|100|2006-11-10 00:13:15|100|Dirección||Y
481|es_PE|0|0|Y|2006-11-10 00:02:23|100|2006-11-10 00:13:15|100|No fue posible enviar Email: no existe dirección del destinatario - revise información de contacto||Y
482|es_PE|0|0|Y|2006-11-10 00:02:23|100|2006-11-10 00:13:15|100|Email enviado||Y
483|es_PE|0|0|Y|2006-11-10 00:02:23|100|2006-11-10 00:13:15|100|Solicitud {0} fue transferida por {1} de {2} a {3}||Y
530|es_PE|0|0|Y|2006-11-10 00:02:23|100|2006-11-10 00:13:15|100|Seleccionar programa||Y
531|es_PE|0|0|Y|2006-11-10 00:02:23|100|2006-11-10 00:13:15|100|Seleccionar columnas para ventana seleccionada||Y
622|es_PE|0|0|Y|2006-11-10 00:02:23|100|2006-11-10 00:13:15|100|Asignación de recursos||Y
623|es_PE|0|0|Y|2006-11-10 00:02:23|100|2006-11-10 00:13:15|100|{0} Línea(s) - Total: {1,number,#,##0.00} {2}||Y
624|es_PE|0|0|Y|2006-11-10 00:02:23|100|2006-11-10 00:13:15|100|Semana||Y
625|es_PE|0|0|Y|2006-11-10 00:02:23|100|2006-11-10 00:13:15|100|Día||Y
626|es_PE|0|0|Y|2006-11-10 00:02:23|100|2006-11-10 00:13:15|100|Mes||Y
1000048|es_PE|0|0|Y|2007-11-19 16:35:54|0|2007-11-19 16:36:32|0|No se pudo guardar una linea de recibo de material.||Y
1000049|es_PE|0|0|Y|2007-11-19 16:36:50|0|2007-11-19 16:37:05|0|No se pudo completar el recibo de material.||Y
1000050|es_PE|0|0|Y|2007-11-19 16:41:15|0|2007-11-19 16:43:50|0|No se pudo guardar el recibo de material despues de completarlo.||Y
241|es_PE|0|0|Y|2006-11-10 00:02:23|100|2006-11-10 00:13:15|100|Ejecutar consulta||Y
204|es_PE|0|0|Y|2006-11-10 00:02:23|100|2006-11-10 00:13:15|100|Definición actual||Y
320|es_PE|0|0|Y|2006-11-10 00:02:23|100|2006-11-10 00:13:15|100|Nivel||Y
205|es_PE|0|0|Y|2006-11-10 00:02:23|100|2006-11-10 00:13:15|100|Personalizar||Y
206|es_PE|0|0|Y|2006-11-10 00:02:23|100|2006-11-10 00:13:15|100|Error de la base de datos||Y
207|es_PE|0|0|Y|2006-11-10 00:02:23|100|2006-11-10 00:13:15|100|Datos refrescados desde la base de datos||Y
208|es_PE|0|0|Y|2006-11-10 00:02:23|100|2006-11-10 00:13:15|100|Base de datos||Y
209|es_PE|0|0|Y|2006-11-10 00:02:23|100|2006-11-10 00:13:15|100|Fecha||Y
388|es_PE|0|0|Y|2006-11-10 00:02:23|100|2006-11-10 00:13:15|100|Registro padre||Y
479|es_PE|0|0|Y|2006-11-10 00:02:23|100|2006-11-10 00:13:15|100|No fue posible enviar Email: no existe dirección del originador - por favor revise usuario||Y
322|es_PE|0|0|Y|2006-11-10 00:02:23|100|2006-11-10 00:13:15|100|Cargando ...||Y
323|es_PE|0|0|Y|2006-11-10 00:02:23|100|2006-11-10 00:13:15|100|Localización/Dirección||Y
324|es_PE|0|0|Y|2006-11-10 00:02:23|100|2006-11-10 00:13:15|100|Entre nueva Localización/Dirección||Y
325|es_PE|0|0|Y|2006-11-10 00:02:23|100|2006-11-10 00:13:15|100|Actualizar Localización/Dirección||Y
580|es_PE|0|0|Y|2006-11-10 00:02:23|100|2006-11-10 00:13:15|100|Para algunos pagos; no hubo suficiente espacio para todas las línea de envío. ¿Desea imprimir avisos de envío separados?||Y
101|es_PE|0|0|Y|2006-11-10 00:02:23|100|2006-11-10 00:13:15|100|Cero||Y
102|es_PE|0|0|Y|2006-11-10 00:02:23|100|2006-11-10 00:13:15|100|Uno||Y
103|es_PE|0|0|Y|2006-11-10 00:02:23|100|2006-11-10 00:13:15|100|Dos||Y
628|es_PE|0|0|Y|2006-11-10 00:02:23|100|2006-11-10 00:13:15|100|Los recursos no están disponibles ó no están activos||Y
168|es_PE|0|0|Y|2006-11-10 00:02:23|100|2006-11-10 00:13:15|100|No es posible cambiar el tipo de documento||Y
169|es_PE|0|0|Y|2006-11-10 00:02:23|100|2006-11-10 00:13:15|100|No es posible borrar este registro; por favor desactivelo.||Y
50007|es_PE|0|0|Y|2007-02-12 00:00:00|0|2007-02-12 00:00:00|0|Charset|Charset used for import / export|N
50008|es_PE|0|0|Y|2007-02-26 00:00:00|0|2007-02-26 00:00:00|0|Implementation Vendor||N
50009|es_PE|0|0|Y|2007-02-26 00:00:00|0|2007-02-26 00:00:00|0|Implementation Version||N
50010|es_PE|0|0|Y|2007-02-26 12:30:00|100|2007-02-26 12:30:00|100|If you change the attachment storage method, the old attachments are no longer available to your client.||N
50011|es_PE|0|0|Y|2007-02-26 12:30:00|100|2007-02-26 12:30:00|100|Make sure to copy the attachments to the new path!||N
407|es_PE|0|0|Y|2006-11-10 00:02:23|100|2006-11-10 00:13:15|100|Documento debe estar completo ó cerrado para ver la contabilidad||Y
417|es_PE|0|0|Y|2006-11-10 00:02:23|100|2006-11-10 00:13:15|100|Error registrando contabilidad: período cerrado|(Re) abra Período ó cambie la fecha contable|Y
418|es_PE|0|0|Y|2006-11-10 00:02:23|100|2006-11-10 00:13:15|100|Preferencia||Y
419|es_PE|0|0|Y|2006-11-10 00:02:23|100|2006-11-10 00:13:15|100|Preferencias||Y
561|es_PE|0|0|Y|2006-11-10 00:02:23|100|2006-11-10 00:13:15|100|Criterios para el impuesto no fueron encontrados||Y
170|es_PE|0|0|Y|2006-11-10 00:02:23|100|2006-11-10 00:13:15|100|No es posible borrar transacciones que han sido completas||Y
171|es_PE|0|0|Y|2006-11-10 00:02:23|100|2006-11-10 00:13:15|100|Cambio del libro de efectivo predeterminado fue ignorado. Por favor cambie el libro de efectivo solo después de completar la transacción||Y
167|es_PE|0|0|Y|2006-11-10 00:02:23|100|2006-11-10 00:13:15|100|Cancelar Consulta||Y
518|es_PE|0|0|Y|2006-11-10 00:02:23|100|2006-11-10 00:13:15|100|Búsqueda difusa||Y
629|es_PE|0|0|Y|2006-11-10 00:02:23|100|2006-11-10 00:13:15|100|El recurso no está disponible||Y
630|es_PE|0|0|Y|2006-11-10 00:02:23|100|2006-11-10 00:13:15|100|No es día laboral||Y
201|es_PE|0|0|Y|2006-11-10 00:02:23|100|2006-11-10 00:13:15|100|El código de validación de la tarjeta de crédito no es correcto|Los cuatro digitos de validación están impresos en las tarjetas AMEX a la derecha encima del número de tarjeta. En otras tarjetas es un número impreso sobre el campo de la firma a continuación del número de tarjeta.|Y
202|es_PE|0|0|Y|2006-11-10 00:02:23|100|2006-11-10 00:13:15|100|Aviso: limite de crédito excedido||Y
203|es_PE|0|0|Y|2006-11-10 00:02:23|100|2006-11-10 00:13:15|100|Conversión de moneda||Y
339|es_PE|0|0|Y|2006-11-10 00:02:23|100|2006-11-10 00:13:15|100|Mensajes||Y
655|es_PE|0|0|Y|2006-11-10 00:02:23|100|2006-11-10 00:13:15|100|Para ser cotejadas||Y
569|es_PE|0|0|Y|2006-11-10 00:02:23|100|2006-11-10 00:13:15|100|Transacción||Y
570|es_PE|0|0|Y|2006-11-10 00:02:23|100|2006-11-10 00:13:15|100|Tema de interfase de usuario|Ventana-Metal-Adempiere|Y
571|es_PE|0|0|Y|2006-11-10 00:02:23|100|2006-11-10 00:13:15|100|Por debajo del precio límite||Y
572|es_PE|0|0|Y|2006-11-10 00:02:23|100|2006-11-10 00:13:15|100|Actualizar||Y
573|es_PE|0|0|Y|2006-11-10 00:02:23|100|2006-11-10 00:13:15|100|Actualizar datos para registro copiado y guardar o ignorar||Y
574|es_PE|0|0|Y|2006-11-10 00:02:23|100|2006-11-10 00:13:15|100|Actualizado||Y
575|es_PE|0|0|Y|2006-11-10 00:02:23|100|2006-11-10 00:13:15|100|Usuario||Y
576|es_PE|0|0|Y|2006-11-10 00:02:23|100|2006-11-10 00:13:15|100|Interfase de usuario||Y
577|es_PE|0|0|Y|2006-11-10 00:02:23|100|2006-11-10 00:13:15|100|Mensaje definido por el usuario||Y
436|es_PE|0|0|Y|2006-11-10 00:02:23|100|2006-11-10 00:13:15|100|¿Esta la impresión correcta?||Y
238|es_PE|0|0|Y|2006-11-10 00:02:23|100|2006-11-10 00:13:15|100|Entrar texto para búsqueda||Y
239|es_PE|0|0|Y|2006-11-10 00:02:23|100|2006-11-10 00:13:15|100|Ambiente||Y
240|es_PE|0|0|Y|2006-11-10 00:02:23|100|2006-11-10 00:13:15|100|Error:||Y
740|es_PE|0|0|Y|2006-11-10 00:02:23|100|2006-11-10 00:13:15|100|Seleccionar Producto||Y
745|es_PE|0|0|Y|2006-11-10 00:02:23|100|2006-11-10 00:13:15|100|"¿Usted desea borrar el anexo?
"||Y
746|es_PE|0|0|Y|2006-11-10 00:02:23|100|2006-11-10 00:13:15|100|jpg - JPEG Archivos Graficos||Y
198|es_PE|0|0|Y|2006-11-10 00:02:23|100|2006-11-10 00:13:15|100|Tarjeta de crédito está expirada||Y
315|es_PE|0|0|Y|2006-11-10 00:02:23|100|2006-11-10 00:13:15|100|Inserte el Artículo primero||Y
312|es_PE|0|0|Y|2006-11-10 00:02:23|100|2006-11-10 00:13:15|100|Factura||Y
316|es_PE|0|0|Y|2006-11-10 00:02:23|100|2006-11-10 00:13:15|100|Mueva el Artículo||Y
317|es_PE|0|0|Y|2006-11-10 00:02:23|100|2006-11-10 00:13:15|100|Último registro||Y
318|es_PE|0|0|Y|2006-11-10 00:02:23|100|2006-11-10 00:13:15|100|Última página||Y
319|es_PE|0|0|Y|2006-11-10 00:02:23|100|2006-11-10 00:13:15|100|Longitud||Y
414|es_PE|0|0|Y|2006-11-10 00:02:23|100|2006-11-10 00:13:15|100|Error registrando contabilidad: fuente no balanceada||Y
415|es_PE|0|0|Y|2006-11-10 00:02:23|100|2006-11-10 00:13:15|100|Error registrando contabilidad: moneda fuente no se puede convertir|Definir tasa de cambio de la moneda fuente hacia las monedas contables|Y
615|es_PE|0|0|Y|2006-11-10 00:02:23|100|2006-11-10 00:13:15|100|Dar de baja||Y
616|es_PE|0|0|Y|2006-11-10 00:02:23|100|2006-11-10 00:13:15|100|Si||Y
617|es_PE|0|0|Y|2006-11-10 00:02:23|100|2006-11-10 00:13:15|100|Si||Y
618|es_PE|0|0|Y|2006-11-10 00:02:23|100|2006-11-10 00:13:15|100|Acercar||Y
500|es_PE|0|0|Y|2006-11-10 00:02:23|100|2006-11-10 00:13:15|100|No se pudieron guardar los cambios||Y
472|es_PE|0|0|Y|2006-11-10 00:02:23|100|2006-11-10 00:13:15|100|Aviso de envío||Y
448|es_PE|0|0|Y|2006-11-10 00:02:23|100|2006-11-10 00:13:15|100|Disponible||Y
285|es_PE|0|0|Y|2006-11-10 00:02:23|100|2006-11-10 00:13:15|100|Ir a página||Y
286|es_PE|0|0|Y|2006-11-10 00:02:23|100|2006-11-10 00:13:15|100|Columna para el nombre (eje X)||Y
287|es_PE|0|0|Y|2006-11-10 00:02:23|100|2006-11-10 00:13:15|100|Saludo||Y
288|es_PE|0|0|Y|2006-11-10 00:02:23|100|2006-11-10 00:13:15|100|Resumir||Y
289|es_PE|0|0|Y|2006-11-10 00:02:23|100|2006-11-10 00:13:15|100|Agrupado por||Y
290|es_PE|0|0|Y|2006-11-10 00:02:23|100|2006-11-10 00:13:15|100|Encabezamiento||Y
291|es_PE|0|0|Y|2006-11-10 00:02:23|100|2006-11-10 00:13:15|100|Ayuda||Y
292|es_PE|0|0|Y|2006-11-10 00:02:23|100|2006-11-10 00:13:15|100|Registros históricos||Y
293|es_PE|0|0|Y|2006-11-10 00:02:23|100|2006-11-10 00:13:15|100|Menú||Y
294|es_PE|0|0|Y|2006-11-10 00:02:23|100|2006-11-10 00:13:15|100|Huesped||Y
295|es_PE|0|0|Y|2006-11-10 00:02:23|100|2006-11-10 00:13:15|100|Ignorar cambios||Y
842|es_PE|0|0|Y|2006-11-10 00:02:23|100|2006-11-10 00:13:15|100|Delete Line||N
844|es_PE|0|0|Y|2006-11-10 00:02:23|100|2006-11-10 00:13:15|100|Available to Promise||N
860|es_PE|0|0|Y|2006-11-10 00:02:23|100|2006-11-10 00:13:15|100|&Lookup||N
864|es_PE|0|0|Y|2006-11-10 00:02:23|100|2006-11-10 00:13:15|100|&Documento No.||Y
865|es_PE|0|0|Y|2006-11-10 00:02:23|100|2006-11-10 00:13:15|100|Caché de Ventana|Definición del Caché de Ventana en Compañía|Y
866|es_PE|0|0|Y|2006-11-10 00:02:23|100|2006-11-10 00:13:15|100|&Desempeño||Y
870|es_PE|0|0|Y|2006-11-10 00:02:23|100|2006-11-10 00:02:23|100|Insufficient Inventory Available:||N
871|es_PE|0|0|Y|2006-11-10 00:02:23|100|2006-11-10 00:02:23|100|Document Processed||N
872|es_PE|0|0|Y|2006-11-10 00:02:23|100|2006-11-10 00:02:23|100|Not reserved||N
873|es_PE|0|0|Y|2006-11-10 00:02:23|100|2006-11-10 00:02:23|100|Process started ... still running (requery later)||N
874|es_PE|0|0|Y|2006-11-10 00:02:23|100|2006-11-10 00:02:23|100|Start as Background Process||N
876|es_PE|0|0|Y|2006-11-10 00:02:23|100|2006-11-10 00:02:23|100|Mode||N
877|es_PE|0|0|Y|2006-11-10 00:02:23|100|2006-11-10 00:02:23|100|View||N
878|es_PE|0|0|Y|2006-11-10 00:02:23|100|2006-11-10 00:02:23|100|Create PO||N
879|es_PE|0|0|Y|2006-11-10 00:02:23|100|2006-11-10 00:02:23|100|Price update||N
880|es_PE|0|0|Y|2006-11-10 00:02:23|100|2006-11-10 00:02:23|100|URL not valid or cannot be displayed.||N
758|es_PE|0|0|Y|2006-11-10 00:02:23|100|2006-11-10 00:13:15|100|No hay objeto para acercar en esta tabla||Y
775|es_PE|0|0|Y|2006-11-10 00:02:23|100|2006-11-10 00:13:15|100|Registro||Y
776|es_PE|0|0|Y|2006-11-10 00:02:23|100|2006-11-10 00:13:15|100|Sumario||Y
790|es_PE|0|0|Y|2006-11-10 00:02:23|100|2006-11-10 00:13:15|100|La UM del producto necesita ser menor a UM Conversión|"La UM de producto necesita ser la UM más pequeña
El multiplicador debe ser>= 1 y siempre resultado en una UM válido."|Y
830|es_PE|0|0|Y|2006-11-10 00:02:23|100|2006-11-10 00:13:15|100|Invalido:||Y
438|es_PE|0|0|Y|2006-11-10 00:02:23|100|2006-11-10 00:13:15|100|Proceso cancelado||Y
123|es_PE|0|0|Y|2006-11-10 00:02:23|100|2006-11-10 00:13:15|100|No es posible actualizar esta información con su rol actual||Y
404|es_PE|0|0|Y|2006-11-10 00:02:23|100|2006-11-10 00:13:15|100|Período calendario no fue encontrado|Revisar definición de calendario y esquema contable como asignación de esquema contable a compañía u organización.|Y
529|es_PE|0|0|Y|2006-11-10 00:02:23|100|2006-11-10 00:13:15|100|Seleccionar ítem del menú||Y
118|es_PE|0|0|Y|2006-11-10 00:02:23|100|2006-11-10 00:13:15|100|No se pueden borrar registros de este archivo por razones de auditoría|"Desactiva el indicador ""Activo"""|Y
119|es_PE|0|0|Y|2006-11-10 00:02:23|100|2006-11-10 00:13:15|100|Datos de la Organización||Y
220|es_PE|0|0|Y|2006-11-10 00:02:23|100|2006-11-10 00:13:15|100|Registro detallado||Y
221|es_PE|0|0|Y|2006-11-10 00:02:23|100|2006-11-10 00:13:15|100|Diferencia||Y
222|es_PE|0|0|Y|2006-11-10 00:02:23|100|2006-11-10 00:13:15|100|Descuentos||Y
223|es_PE|0|0|Y|2006-11-10 00:02:23|100|2006-11-10 00:13:15|100|Fecha de descuento||Y
224|es_PE|0|0|Y|2006-11-10 00:02:23|100|2006-11-10 00:13:15|100|Descuento de categorías invalido (encima ó debajo de 100)||Y
225|es_PE|0|0|Y|2006-11-10 00:02:23|100|2006-11-10 00:13:15|100|Desplegar información de documento||Y
226|es_PE|0|0|Y|2006-11-10 00:02:23|100|2006-11-10 00:13:15|100|Desplegar cantidad||Y
227|es_PE|0|0|Y|2006-11-10 00:02:23|100|2006-11-10 00:13:15|100|Desplegar información fuente||Y
311|es_PE|0|0|Y|2006-11-10 00:02:23|100|2006-11-10 00:13:15|100|Uno ó más productos está más de una vez en la lista de conteo. Líneas desactivada||Y
150|es_PE|0|0|Y|2006-11-10 00:02:23|100|2006-11-10 00:13:15|100|¿Desea borrar este anexo?||Y
151|es_PE|0|0|Y|2006-11-10 00:02:23|100|2006-11-10 00:13:15|100|Seleccione un archivo para anexar a esta entidad||Y
152|es_PE|0|0|Y|2006-11-10 00:02:23|100|2006-11-10 00:13:15|100|Anexo no fue encontrado||Y
153|es_PE|0|0|Y|2006-11-10 00:02:23|100|2006-11-10 00:13:15|100|No se puede anexar archivos a esta entidad|Los anexos requiere una llave única y esta entidad probablemente está asociada con dos llaves ó es una entidad sin una llave númerica única|Y
420|es_PE|0|0|Y|2006-11-10 00:02:23|100|2006-11-10 00:13:15|100|Registro previo||Y
421|es_PE|0|0|Y|2006-11-10 00:02:23|100|2006-11-10 00:13:15|100|Página previa||Y
422|es_PE|0|0|Y|2006-11-10 00:02:23|100|2006-11-10 00:13:15|100|Historia de precios||Y
559|es_PE|0|0|Y|2006-11-10 00:02:23|100|2006-11-10 00:13:15|100|No se puede ejecutar la tarea:||Y
560|es_PE|0|0|Y|2006-11-10 00:02:23|100|2006-11-10 00:13:15|100|Tareas||Y
651|es_PE|0|0|Y|2006-11-10 00:02:23|100|2006-11-10 00:13:15|100|Siempre ver borrador de la impresión|No imprime en forma directa - inclusive los documentos|Y
637|es_PE|0|0|Y|2006-11-10 00:02:23|100|2006-11-10 00:13:15|100|Operador||Y
638|es_PE|0|0|Y|2006-11-10 00:02:23|100|2006-11-10 00:13:15|100|Consultar valor||Y
639|es_PE|0|0|Y|2006-11-10 00:02:23|100|2006-11-10 00:13:15|100|Para consultar valor||Y
640|es_PE|0|0|Y|2006-11-10 00:02:23|100|2006-11-10 00:13:15|100|Error de validación||Y
124|es_PE|0|0|Y|2006-11-10 00:02:23|100|2006-11-10 00:13:15|100|No se puede ver esta información con su rol actual||Y
125|es_PE|0|0|Y|2006-11-10 00:02:23|100|2006-11-10 00:13:15|100|© Jorg Janke - Adempiere; Inc. 1999-2002|http://www.adempiere.org|Y
126|es_PE|0|0|Y|2006-11-10 00:02:23|100|2006-11-10 00:13:15|100|40 Old Tannery Rd Monroe CT 06460 USA|Phone (203) 445-8182|Y
275|es_PE|0|0|Y|2006-11-10 00:02:23|100|2006-11-10 00:13:15|100|Seleccionar una fila ó entrar criterio de búsqueda||Y
276|es_PE|0|0|Y|2006-11-10 00:02:23|100|2006-11-10 00:13:15|100|Entrar criterios de la consulta con signo % para palabras parciales (sensible a mayúsculas/minúsculas)||Y
376|es_PE|0|0|Y|2006-11-10 00:02:23|100|2006-11-10 00:13:15|100|Ordenar por||Y
528|es_PE|0|0|Y|2006-11-10 00:02:23|100|2006-11-10 00:13:15|100|Buscar y seleccionar una entrada||Y
197|es_PE|0|0|Y|2006-11-10 00:02:23|100|2006-11-10 00:13:15|100|Fecha de validez de la tarjeta de crédito tiene año invalido||Y
473|es_PE|0|0|Y|2006-11-10 00:02:23|100|2006-11-10 00:13:15|100|Informe||Y
474|es_PE|0|0|Y|2006-11-10 00:02:23|100|2006-11-10 00:13:15|100|Informe de encontrar||Y
475|es_PE|0|0|Y|2006-11-10 00:02:23|100|2006-11-10 00:13:15|100|Guardar Informe como archivo PDF; CSV; HTML ó TXT||Y
476|es_PE|0|0|Y|2006-11-10 00:02:23|100|2006-11-10 00:13:15|100|Informes||Y
477|es_PE|0|0|Y|2006-11-10 00:02:23|100|2006-11-10 00:13:15|100|No fue posible enviar Email||Y
478|es_PE|0|0|Y|2006-11-10 00:02:23|100|2006-11-10 00:13:15|100|Email desde {0} a {1}||Y
413|es_PE|0|0|Y|2006-11-10 00:02:23|100|2006-11-10 00:13:15|100|Error registrando contabilidad||Y
273|es_PE|0|0|Y|2006-11-10 00:02:23|100|2006-11-10 00:13:15|100|Columnas seleccionadas||Y
480|es_PE|0|0|Y|2006-11-10 00:02:23|100|2006-11-10 00:13:15|100|No fue posible enviar Email:no se encontró servidor SMTP; por favor revise información de la compañía||Y
550|es_PE|0|0|Y|2006-11-10 00:02:23|100|2006-11-10 00:13:15|100|¿Desea comenzar el proceso?||Y
551|es_PE|0|0|Y|2006-11-10 00:02:23|100|2006-11-10 00:13:15|100|¿Comenzar Informe seleccionado?||Y
552|es_PE|0|0|Y|2006-11-10 00:02:23|100|2006-11-10 00:13:15|100|Comenzar Informes||Y
553|es_PE|0|0|Y|2006-11-10 00:02:23|100|2006-11-10 00:13:15|100|Comenzar búsqueda ...||Y
329|es_PE|0|0|Y|2006-11-10 00:02:23|100|2006-11-10 00:13:15|100|Cotejar desde||Y
330|es_PE|0|0|Y|2006-11-10 00:02:23|100|2006-11-10 00:13:15|100|Modo de búsqueda||Y
395|es_PE|0|0|Y|2006-11-10 00:02:23|100|2006-11-10 00:13:15|100|Entrar el pago después de completar la transacción||Y
135|es_PE|0|0|Y|2006-11-10 00:02:23|100|2006-11-10 00:13:15|100|Avanzado||Y
136|es_PE|0|0|Y|2006-11-10 00:02:23|100|2006-11-10 00:13:15|100|Alias||Y
137|es_PE|0|0|Y|2006-11-10 00:02:23|100|2006-11-10 00:13:15|100|Todos los registros||Y
138|es_PE|0|0|Y|2006-11-10 00:02:23|100|2006-11-10 00:13:15|100|Es preferible seleccionar un par factura pago que estén ya cotejados y procesarlo uno cada vez||Y
139|es_PE|0|0|Y|2006-11-10 00:02:23|100|2006-11-10 00:13:15|100|Registro no puede ser cambiado||Y
140|es_PE|0|0|Y|2006-11-10 00:02:23|100|2006-11-10 00:13:15|100|Cantidad||Y
141|es_PE|0|0|Y|2006-11-10 00:02:23|100|2006-11-10 00:13:15|100|Cantidad adeudada||Y
818|es_PE|0|0|Y|2006-11-10 00:02:23|100|2006-11-10 00:13:15|100|Documentos||Y
819|es_PE|0|0|Y|2006-11-10 00:02:23|100|2006-11-10 00:13:15|100|Reportes||Y
361|es_PE|0|0|Y|2006-11-10 00:02:23|100|2006-11-10 00:13:15|100|No hay suficiente en el inventario:||Y
362|es_PE|0|0|Y|2006-11-10 00:02:23|100|2006-11-10 00:13:15|100|* No se encontró *||Y
582|es_PE|0|0|Y|2006-11-10 00:02:23|100|2006-11-10 00:13:15|100|No existen pagos disponibles para imprimir/exportar||Y
583|es_PE|0|0|Y|2006-11-10 00:02:23|100|2006-11-10 00:13:15|100|¿Desea imprimir el aviso de envío?||Y
584|es_PE|0|0|Y|2006-11-10 00:02:23|100|2006-11-10 00:13:15|100|Generar pagos TEF||Y
585|es_PE|0|0|Y|2006-11-10 00:02:23|100|2006-11-10 00:13:15|100|¿Esta la impresión del pago correcta?||Y
586|es_PE|0|0|Y|2006-11-10 00:02:23|100|2006-11-10 00:13:15|100|Selección de pago (manual)||Y
587|es_PE|0|0|Y|2006-11-10 00:02:23|100|2006-11-10 00:13:15|100|¿Generar pagos desde la selección de pagos?||Y
588|es_PE|0|0|Y|2006-11-10 00:02:23|100|2006-11-10 00:13:15|100|No hay cuenta bancaria con documento (cheque)||Y
843|es_PE|0|0|Y|2006-11-10 00:02:23|100|2006-11-10 00:13:15|100|Not Approved||N
845|es_PE|0|0|Y|2006-11-10 00:02:23|100|2006-11-10 00:13:15|100|Insufficient Qty on Hand||N
846|es_PE|0|0|Y|2006-11-10 00:02:23|100|2006-11-10 00:13:15|100|Payment is allocated (Charge, Invoice, Order)||N
847|es_PE|0|0|Y|2006-11-10 00:02:23|100|2006-11-10 00:13:15|100|"Nivel de Costeo Definido en Nivel de Compañía - Usted no puede especificar Organización o Atributo.
"||Y
848|es_PE|0|0|Y|2006-11-10 00:02:23|100|2006-11-10 00:13:15|100|You cannot delete this record (it is used)||N
849|es_PE|0|0|Y|2006-11-10 00:02:23|100|2006-11-10 00:13:15|100|El registro ya existe||Y
402|es_PE|0|0|Y|2006-11-10 00:02:23|100|2006-11-10 00:13:15|100|El monto es cero. Entre el pago después de completar la transacción||Y
885|es_PE|0|0|Y|2006-12-12 01:35:31|0|2006-12-12 01:35:31|0|Bank account for business partner not found||N
886|es_PE|0|0|Y|2006-12-12 01:35:31|0|2006-12-12 01:35:31|0|User EMail address was not verified - Please verify EMail||N
887|es_PE|0|0|Y|2006-12-12 01:35:31|0|2006-12-12 01:35:31|0|User Subscription not found||N
888|es_PE|0|0|Y|2006-12-12 01:35:31|0|2006-12-12 01:35:31|0|Select &All||N
50000|es_PE|0|0|Y|2006-12-12 01:35:31|0|2006-12-12 01:35:31|0|Close All Windows||N
50001|es_PE|0|0|Y|2006-12-12 01:35:31|0|2006-12-12 01:35:31|0|Close Other Windows||N
50002|es_PE|0|0|Y|2006-12-12 01:35:31|0|2006-12-12 01:35:31|0|Validate Connection on Startup||N
50003|es_PE|0|0|Y|2006-12-12 01:35:31|0|2006-12-12 01:35:31|0|Single Instance per Window||N
50004|es_PE|0|0|Y|2006-12-12 01:35:31|0|2006-12-12 01:35:31|0|Open Window Maximized||N
50005|es_PE|0|0|Y|2006-12-12 01:35:31|0|2006-12-12 01:35:31|0|Delete Selected Items||N
50006|es_PE|0|0|Y|2006-12-12 01:35:31|0|2006-12-12 01:35:31|0|Save Parent Tab First||N
403|es_PE|0|0|Y|2006-11-10 00:02:23|100|2006-11-10 00:13:15|100|El próximo período calendario no fue encontrado|Defina períodos futuros|Y
313|es_PE|0|0|Y|2006-11-10 00:02:23|100|2006-11-10 00:13:15|100|Recibo (Entrega) ya existe para esta factura||Y
641|es_PE|0|0|Y|2006-11-10 00:02:23|100|2006-11-10 00:13:15|100|Filas de datos||Y
642|es_PE|0|0|Y|2006-11-10 00:02:23|100|2006-11-10 00:13:15|100|Columnas de datos||Y
331|es_PE|0|0|Y|2006-11-10 00:02:23|100|2006-11-10 00:13:15|100|Cotejar hasta||Y
332|es_PE|0|0|Y|2006-11-10 00:02:23|100|2006-11-10 00:13:15|100|Cotejado||Y
333|es_PE|0|0|Y|2006-11-10 00:02:23|100|2006-11-10 00:13:15|100|Cotejada||Y
334|es_PE|0|0|Y|2006-11-10 00:02:23|100|2006-11-10 00:13:15|100|Menú||Y
335|es_PE|0|0|Y|2006-11-10 00:02:23|100|2006-11-10 00:13:15|100|Ir a menú||Y
336|es_PE|0|0|Y|2006-11-10 00:02:23|100|2006-11-10 00:13:15|100|El menú no puede cargarse:||Y
337|es_PE|0|0|Y|2006-11-10 00:02:23|100|2006-11-10 00:13:15|100|Mensaje no enviado. Problema:||Y
120|es_PE|0|0|Y|2006-11-10 00:02:23|100|2006-11-10 00:13:15|100|Datos compartidos||Y
121|es_PE|0|0|Y|2006-11-10 00:02:23|100|2006-11-10 00:13:15|100|Datos del Sistema||Y
122|es_PE|0|0|Y|2006-11-10 00:02:23|100|2006-11-10 00:13:15|100|Datos del Sistema y Compañía||Y
542|es_PE|0|0|Y|2006-11-10 00:02:23|100|2006-11-10 00:13:15|100|Documentos deben ser completados primero||Y
564|es_PE|0|0|Y|2006-11-10 00:02:23|100|2006-11-10 00:13:15|100|Se excedió el tiempo configurado- intente revisar los resultados más tarde||Y
565|es_PE|0|0|Y|2006-11-10 00:02:23|100|2006-11-10 00:13:15|100|Abierto||Y
566|es_PE|0|0|Y|2006-11-10 00:02:23|100|2006-11-10 00:13:15|100|Hoy||Y
567|es_PE|0|0|Y|2006-11-10 00:02:23|100|2006-11-10 00:13:15|100|Herramientas||Y
568|es_PE|0|0|Y|2006-11-10 00:02:23|100|2006-11-10 00:13:15|100|Totales||Y
145|es_PE|0|0|Y|2006-11-10 00:02:23|100|2006-11-10 00:13:15|100|Aplicación||Y
146|es_PE|0|0|Y|2006-11-10 00:02:23|100|2006-11-10 00:13:15|100|Aplicado||Y
147|es_PE|0|0|Y|2006-11-10 00:02:23|100|2006-11-10 00:13:15|100|En el primer registro||Y
148|es_PE|0|0|Y|2006-11-10 00:02:23|100|2006-11-10 00:13:15|100|En en último registro||Y
578|es_PE|0|0|Y|2006-11-10 00:02:23|100|2006-11-10 00:13:15|100|Usuario y clave son inconsistentes||Y
579|es_PE|0|0|Y|2006-11-10 00:02:23|100|2006-11-10 00:13:15|100|Exportar/imprimir pago||Y
199|es_PE|0|0|Y|2006-11-10 00:02:23|100|2006-11-10 00:13:15|100|Número de la tarjeta de crédito no es válido||Y
212|es_PE|0|0|Y|2006-11-10 00:02:23|100|2006-11-10 00:13:15|100|Nivel de depuración||Y
213|es_PE|0|0|Y|2006-11-10 00:02:23|100|2006-11-10 00:13:15|100|Error predeterminado||Y
214|es_PE|0|0|Y|2006-11-10 00:02:23|100|2006-11-10 00:13:15|100|Borrar registro||Y
215|es_PE|0|0|Y|2006-11-10 00:02:23|100|2006-11-10 00:13:15|100|No es posible borrar registro||Y
471|es_PE|0|0|Y|2006-11-10 00:02:23|100|2006-11-10 00:13:15|100|Remanente||Y
486|es_PE|0|0|Y|2006-11-10 00:02:23|100|2006-11-10 00:13:15|100|Entrar la información requerida||Y
487|es_PE|0|0|Y|2006-11-10 00:02:23|100|2006-11-10 00:13:15|100|Ingresos||Y
488|es_PE|0|0|Y|2006-11-10 00:02:23|100|2006-11-10 00:13:15|100|Reversar por documento||Y
619|es_PE|0|0|Y|2006-11-10 00:02:23|100|2006-11-10 00:13:15|100|Acercamiento del documento||Y
620|es_PE|0|0|Y|2006-11-10 00:02:23|100|2006-11-10 00:13:15|100|Definición inicial de compañía||Y
525|es_PE|0|0|Y|2006-11-10 00:02:23|100|2006-11-10 00:13:15|100|Opciones disponibles||Y
526|es_PE|0|0|Y|2006-11-10 00:02:23|100|2006-11-10 00:13:15|100|Seleccionar documento||Y
172|es_PE|0|0|Y|2006-11-10 00:02:23|100|2006-11-10 00:13:15|100|Cargo creado||Y
173|es_PE|0|0|Y|2006-11-10 00:02:23|100|2006-11-10 00:13:15|100|Crear cargo desde cuenta contable||Y
174|es_PE|0|0|Y|2006-11-10 00:02:23|100|2006-11-10 00:13:15|100|Generar cargos||Y
175|es_PE|0|0|Y|2006-11-10 00:02:23|100|2006-11-10 00:13:15|100|Crear cuenta y cargo||Y
176|es_PE|0|0|Y|2006-11-10 00:02:23|100|2006-11-10 00:13:15|100|Cargo no fue creado||Y
519|es_PE|0|0|Y|2006-11-10 00:02:23|100|2006-11-10 00:13:15|100|Búsqueda para nombres que suenan en forma similar||Y
437|es_PE|0|0|Y|2006-11-10 00:02:23|100|2006-11-10 00:13:15|100|Proceso||Y
346|es_PE|0|0|Y|2006-11-10 00:02:23|100|2006-11-10 00:13:15|100|<Consulta Activa> Navegar ó actualizar registro||Y
347|es_PE|0|0|Y|2006-11-10 00:02:23|100|2006-11-10 00:13:15|100|Registro nuevo||Y
348|es_PE|0|0|Y|2006-11-10 00:02:23|100|2006-11-10 00:13:15|100|Entrar datos para nuevo registro y guardar ó ignorar||Y
349|es_PE|0|0|Y|2006-11-10 00:02:23|100|2006-11-10 00:13:15|100|No fue posible adicionar el nuevo registro:||Y
350|es_PE|0|0|Y|2006-11-10 00:02:23|100|2006-11-10 00:13:15|100|Nuevo valor||Y
351|es_PE|0|0|Y|2006-11-10 00:02:23|100|2006-11-10 00:13:15|100|Próximo registro||Y
352|es_PE|0|0|Y|2006-11-10 00:02:23|100|2006-11-10 00:13:15|100|Próxima página||Y
353|es_PE|0|0|Y|2006-11-10 00:02:23|100|2006-11-10 00:13:15|100|No se encontró el próximo número secuencial|Contacte el Administrador del Sistema|Y
354|es_PE|0|0|Y|2006-11-10 00:02:23|100|2006-11-10 00:13:15|100|No||Y
532|es_PE|0|0|Y|2006-11-10 00:02:23|100|2006-11-10 00:13:15|100|Mover columnas deseadas hacia el cuadro seleccionado y ponga secuencia a su orden||Y
533|es_PE|0|0|Y|2006-11-10 00:02:23|100|2006-11-10 00:13:15|100|Opciones seleccionadas||Y
534|es_PE|0|0|Y|2006-11-10 00:02:23|100|2006-11-10 00:13:15|100|Seleccionado||Y
1000051|es_PE|0|0|Y|2007-11-19 16:44:06|0|2007-11-19 16:44:18|0|No se pudo guardar la cabecera de la factura.||Y
1000052|es_PE|0|0|Y|2007-11-19 16:44:38|0|2007-11-19 16:44:50|0|No se pudo guardar una linea de la factura.||Y
1000053|es_PE|0|0|Y|2007-11-19 16:46:25|0|2007-11-19 16:46:33|0|No se pudo completar la factura.||Y
1000054|es_PE|0|0|Y|2007-11-19 16:47:49|0|2007-11-19 16:47:59|0|No se pudo guardar la factura despues de completarla.||Y
1000055|es_PE|0|0|Y|2007-11-19 16:48:16|0|2007-11-19 16:48:36|0|No se pudo aplicar los cambios.||Y
1000056|es_PE|0|0|Y|2007-11-19 16:50:48|0|2007-11-19 16:50:57|0|Recibo de Materiales no encontrado.||Y
1000057|es_PE|0|0|Y|2007-11-19 16:53:59|0|2007-11-19 16:54:09|0|Error anulando Recibo de Materiales.||Y
1000058|es_PE|0|0|Y|2007-11-19 16:54:22|0|2007-11-19 16:54:29|0|Error anulando Factura.||Y
1000059|es_PE|0|0|Y|2007-11-19 16:54:44|0|2007-11-19 16:54:50|0|Error anulando Orden.||Y
1000060|es_PE|0|0|Y|2007-11-19 16:58:47|0|2007-11-19 16:58:56|0|Por favor complete los campos requeridos.||Y
1000061|es_PE|0|0|Y|2007-11-28 12:09:36|0|2007-11-28 12:09:42|0|Tipo Documento:||Y
1000062|es_PE|0|0|Y|2007-12-19 16:19:37|0|2007-12-19 16:20:08|0|La moneda de la Lista de Precios no es la misma que la de la configuracion. Por favor corrija esto.||Y
1000063|es_PE|0|0|Y|2007-12-19 18:37:34|0|2007-12-19 18:37:47|0|El producto no existe o no esta en la lista de precios.||Y
1000064|es_PE|0|0|Y|2009-03-04 14:25:54|100|2009-03-04 14:25:54|100|Ha ingresado incorrectamente los datos.||N
1000065|es_PE|0|0|Y|2010-01-18 09:39:29|100|2010-01-18 09:39:40.226|100|Informacion de Cotizaciones||Y
1000066|es_PE|0|0|Y|2010-01-18 09:43:56|100|2010-01-18 09:44:09.956|100|Generacion de Letras de Cambio||Y
1000067|es_PE|0|0|Y|2010-01-18 09:44:28|100|2010-01-18 09:44:48.089|100|Estado de Generacion de Letras de Cambio||Y
1000069|es_PE|0|0|Y|2010-03-29 11:48:52|100|2010-03-29 11:49:02.239|100|Número de Letra de Cambio||N
1000089|es_PE|0|0|Y|2010-08-18 16:18:18|100|2010-08-18 16:18:22.349|100|Completar||N
1000072|es_PE|0|0|Y|2010-08-06 13:53:00|100|2010-08-06 13:53:06.868|100|Días||N
1000073|es_PE|0|0|Y|2010-08-06 13:53:21|100|2010-08-06 13:55:39.91|100|F. de Vencimiento||N
1000071|es_PE|0|0|Y|2010-08-06 13:49:41|100|2010-08-06 13:56:05.049|100|F. de Emisión||N
1000074|es_PE|0|0|Y|2010-08-06 13:56:40|100|2010-08-06 13:56:54.077|100|Días Vencim.||N
1000075|es_PE|0|0|Y|2010-08-06 13:57:43|100|2010-08-06 13:57:55.514|100|Previo||N
1000076|es_PE|0|0|Y|2010-08-06 13:59:02|100|2010-08-06 13:59:10.55|100|Aplicar Letra de Cambio||N
657|es_PE|0|0|Y|2006-11-10 00:02:23|100|2010-08-06 14:01:44.542|100|Información de Diario de Efectivo||Y
305|es_PE|0|0|Y|2006-11-10 00:02:23|100|2010-08-06 14:01:52.721|100|Información de Producto||Y
627|es_PE|0|0|Y|2006-11-10 00:02:23|100|2010-08-06 14:02:54.072|100|Información de Recursos||Y
1000077|es_PE|0|0|Y|2010-08-06 14:03:11|100|2010-08-06 14:03:23.168|100|Información de Flujo de Caja||N
875|es_PE|0|0|Y|2006-11-10 00:02:23|100|2010-08-06 20:26:29.737|100|Atributo Grilla||N
1000090|es_PE|0|0|Y|2010-08-18 16:18:28|100|2010-08-18 16:18:34.184|100|Cantidad Confirmada||N
1000078|es_PE|0|0|Y|2010-08-06 20:39:25|100|2010-08-06 20:40:46.956|100|Información de Letra de Cambio||N
1000079|es_PE|0|0|Y|2010-08-06 21:29:47|100|2010-08-06 21:29:55.978|100|Generación de Cupón||N
1000080|es_PE|0|0|Y|2010-08-06 21:30:11|100|2010-08-06 21:30:22.819|100|Cupones Generados||N
1000081|es_PE|0|0|Y|2010-08-17 17:10:10|100|2010-08-17 17:10:22.86|100|Del Mismo Almacén||N
1000091|es_PE|0|0|Y|2010-08-18 17:45:15|100|2010-08-18 17:45:27.636|100|Gran Total||N
1000092|es_PE|0|0|Y|2010-08-18 17:45:46|100|2010-08-18 17:45:53.953|100|Versión Lista de Precios||N
1000084|es_PE|0|0|Y|2010-08-17 17:28:59|100|2010-08-17 17:28:59|100|XendraSys||N
1000085|es_PE|0|0|Y|2010-08-18 16:05:06|100|2010-08-18 16:05:21.417|100|Mostrar Todas las Ventanas||N
1000086|es_PE|0|0|Y|2010-08-18 16:05:47|100|2010-08-18 16:05:47|100|QueryName||N
1000087|es_PE|0|0|Y|2010-08-18 16:06:07|100|2010-08-18 16:06:07|100|PrintPreview||N
1000083|es_PE|0|0|Y|2010-08-17 17:27:15|100|2010-08-17 17:27:26.882|100|Impresora Ticket||N
1000082|es_PE|0|0|Y|2010-08-17 17:26:23|100|2010-08-17 17:26:48.433|100|POS||N
1000088|es_PE|0|0|Y|2010-08-18 16:15:35|100|2010-08-18 16:15:45.653|100|Punto de Venta||N
1000093|es_PE|0|0|Y|2010-08-18 17:46:03|100|2010-08-18 17:46:09.731|100|Tipo de Moneda||N
1000094|es_PE|0|0|Y|2010-08-18 17:48:02|100|2010-08-18 17:48:06.952|100|Grupo||N
1000095|es_PE|0|0|Y|2010-08-18 18:01:43|100|2010-08-18 18:01:48.697|100|Anular||N
1000096|es_PE|0|0|Y|2010-08-24 17:00:46|100|2010-08-24 17:00:52.907|100|Es Replicador||N
801|es_PE|0|0|Y|2006-11-10 00:02:23|100|2010-11-28 11:50:30.141|100|** A N U L A D O ||Y
1000103|es_PE|0|0|Y|2010-11-29 19:49:10|100|2010-11-29 19:49:26.332|100|P.Convert.||Y
1000104|es_PE|0|0|Y|2010-11-29 19:50:43|100|2010-11-29 19:50:53.807|100|Consolidar||Y
1000105|es_PE|0|0|Y|2010-11-29 19:51:37|100|2010-11-29 19:51:48.812|100|Calc.1||Y
1000101|es_PE|0|0|Y|2010-11-29 19:28:29|100|2010-11-29 19:29:41.473|100|D.Adicional|""|Y
1000098|es_PE|0|0|Y|2010-11-29 19:23:34|100|2010-11-29 19:30:02.053|100|P.Límite|""|Y
1000097|es_PE|0|0|Y|2010-11-29 19:22:23|100|2010-11-29 19:30:08.428|100|Mg.Ganancia|""|Y
1000099|es_PE|0|0|Y|2010-11-29 19:25:13|100|2010-11-29 19:30:22.517|100|Flete|""|Y
1000100|es_PE|0|0|Y|2010-11-29 19:27:27|100|2010-11-29 19:30:37.733|100|N.Precio|""|Y
1000102|es_PE|0|0|Y|2010-11-29 19:47:54|100|2010-11-29 19:48:12.473|100|P.Caja||Y
1000106|es_PE|0|0|Y|2010-11-29 19:52:03|100|2010-11-29 19:52:10.669|100|Calc.2||Y
1000107|es_PE|0|0|Y|2010-11-29 19:53:00|100|2010-11-29 19:53:14.821|100|N.P.Caja||Y
1000109|es_PE|0|0|Y|2017-12-29 10:28:00|100|2017-12-29 10:56:38.334|100|Clientes Varios||N
1000110|es_PE|0|0|Y|2017-12-29 11:05:01|100|2017-12-29 11:05:43.061|100|Varios||N
