181|es_PE|0|0|Y|2006-11-10 00:02:24|100|2006-11-10 00:13:27|100|Sincronizar Columnas|Cambiar definición de tabla de la base de datos desde el diccionario de la aplicación|Cuando se selecciona; la definición de la columna en la base de datos es actualizada basado en las entradas de la definición de la columna en el diccionario de la aplicación. Note que no todas las entradas son soportadas por la base de datos y pueden generar error.|Y
247|es_PE|0|0|Y|2006-11-10 00:02:24|100|2006-11-10 00:13:27|100|Carga de Estado de cuentas|Carga de Estado de cuentas|Carge el estado de cuenta en la tabla de la importación. Los parametros usados dependen del cargador real.|Y
255|es_PE|0|0|Y|2006-11-10 00:02:24|100|2006-11-10 00:13:27|100|Reabrir Orden|Abra la orden previamente cerrada||Y
256|es_PE|0|0|Y|2006-11-10 00:02:24|100|2006-11-10 00:13:27|100|Conciliación de Estado de Cuenta Bancario|Estado de la cuenta del banco, información a los socios de negocio, a las facturas y a los pagos.||Y
257|es_PE|0|0|Y|2006-11-10 00:02:24|100|2006-11-10 00:13:27|100|Crea Pago|Cree el pago del estado de la información del estado de cuenta||Y
269|es_PE|0|0|Y|2006-11-10 00:02:24|100|2006-11-10 00:13:27|100|Cierra SPC (RfQ)|Cierra SPC (RfQ) y respuestas|Cierra SPC (RfQ) y todas sus respuestas|Y
282|es_PE|0|0|Y|2006-11-10 00:02:24|100|2006-11-10 00:13:27|100|Crear Paquete|||Y
283|es_PE|0|0|Y|2006-11-10 00:02:24|100|2006-11-10 00:13:27|100|Proceso ADM (RMA)|||Y
284|es_PE|0|0|Y|2006-11-10 00:02:24|100|2006-11-10 00:13:27|100|Detalle de Confirmaciones Abiertas|Detalle de Confirmaciones de entregas/Recibos abiertas |Informe de lines de confirmación abiertas.|Y
285|es_PE|0|0|Y|2006-11-10 00:02:24|100|2006-11-10 00:13:27|100|Confirmaciones Abiertas|Confirmaciones de entregas/Recibos abiertas |El reporte de listas de confirmaciones abiertas|Y
148|es_PE|0|0|Y|2006-11-10 00:02:24|100|2006-11-10 00:13:27|100|Asignación de Pago|Pago-Factura-Asignación||Y
286|es_PE|0|0|Y|2006-11-10 00:02:24|100|2006-11-10 00:13:27|100|Procesa Confirmación|Confirmación de proceso del Movimiento de Inventario||Y
287|es_PE|0|0|Y|2006-11-10 00:02:24|100|2006-11-10 00:13:27|100|Imprime detalle de Formato|Formato de la impresión con los detalles del artículo|Formato de la impresión con los detalles del artículo|Y
261|es_PE|0|0|Y|2006-11-10 00:02:24|100|2006-11-10 00:13:27|100|Crea e Invita|Crea SPC (RfQ) e invita a los proveedores|Cree (faltando) las respuestas de SPC (RfQ) y envíe opcionalmente email Invitación/Remitente a los proveedores  para responder a SPC (RfQ)|Y
339|es_PE|0|0|Y|2006-11-10 00:02:24|100|2006-11-10 00:13:27|100|Reportar o Actualizar Surtimiento|Reportar Surtimiento a Adempiere||Y
340|es_PE|0|0|Y|2006-11-10 00:02:24|100|2006-11-10 00:13:27|100|Producto Facturado Mensualmente|Reporte de Factura por Producto por Més  |Cantidad Facturada por Producto y Més.|Y
198|es_PE|0|0|Y|2006-11-10 00:02:24|100|2006-11-10 00:13:27|100|Importa lote de líneas de Informe|Importa lote de líneas de información ||Y
206|es_PE|0|0|Y|2006-11-10 00:02:24|100|2006-11-10 00:13:27|100|Importa Ordenes|Importa Ordenes|Los parámetros son valores prefijados para los valores nulos del expediente de la importación, ellos no sobreescriben ningunos datos.|Y
197|es_PE|0|0|Y|2006-11-10 00:02:24|100|2006-11-10 00:13:27|100|Importa Cuentas|Importa Cuentas Naturales|Cuentas de la importación y su actualización de jerarquía y opcional a cuentas por default. la actualización a cuentas considera los cambios el segmento natural de la cuenta usada, ejm. la cuenta 01-240 se convierte en 01-300). Si usted crea una nueva combinación, seguirá existiendo cuenta anterior (ejm. 01-240), si no es substituido. ¡Si usted selecciona esto, cerciórese de que por default duplique una cuenta natural y TENGA Una RESERVA!!|Y
199|es_PE|0|0|Y|2006-11-10 00:02:24|100|2006-11-10 00:13:27|100|Generar Entrega (Manual)|||Y
201|es_PE|0|0|Y|2006-11-10 00:02:24|100|2006-11-10 00:13:27|100|Entrega de Activos|Entrega de Activos a Clientes electrónicamente||Y
262|es_PE|0|0|Y|2006-11-10 00:02:24|100|2006-11-10 00:13:27|100|Invitación y Recordatorio|Email Invitación y recordatorio al provedor para contestar la SPC (RfQ)|Envía Invitación/Recordatorio al proveedor para la respuesta de SPC (RfQ) por email|Y
115|es_PE|0|0|Y|2006-11-10 00:02:24|100|2006-11-10 00:13:27|100|Selección de Proveedor|Productos con más de un proveedor|Selección del proveedor es iniciado cuando hay un producto que es suministrado por más de un proveedor. Permite la selección de un proveedor específico para una orden de compra|Y
120|es_PE|0|0|Y|2006-11-10 00:02:24|100|2006-11-10 00:13:27|100|Transacciones de Ordenes|Reporte de transacciones de Orden de ventas||Y
121|es_PE|0|0|Y|2006-11-10 00:02:24|100|2006-11-10 00:13:27|100|Órdenes Abiertas|||Y
189|es_PE|0|0|Y|2006-11-10 00:02:24|100|2006-11-10 00:13:27|100|Copiar Columnas|Copiar columnas de un reporte desde otro conjunto de columnas|Copiar columnas al final de éste conjunto de columnas|Y
190|es_PE|0|0|Y|2006-11-10 00:02:24|100|2006-11-10 00:13:27|100|Copiar Líneas|Copiar líneas de reporte desde otro conjunto de líneas|Copiar líneas al final de éste conjunto de líneas|Y
124|es_PE|0|0|Y|2006-11-10 00:02:24|100|2006-11-10 00:13:27|100|Resumen de Transacciones de Producto|Resumen de transacciones de producto|El reporte muestra un resumen de transacciones para productos almacenados|Y
127|es_PE|0|0|Y|2006-11-10 00:02:24|100|2006-11-10 00:13:27|100|Transacciones de Facturas|||Y
128|es_PE|0|0|Y|2006-11-10 00:02:24|100|2006-11-10 00:13:27|100|Factura Diaria|||Y
129|es_PE|0|0|Y|2006-11-10 00:02:24|100|2006-11-10 00:13:27|100|Factura Mensual|||Y
130|es_PE|0|0|Y|2006-11-10 00:02:24|100|2006-11-10 00:13:27|100|Factura Semanal|||Y
138|es_PE|0|0|Y|2006-11-10 00:02:24|100|2006-11-10 00:13:27|100|Factura Trimestral a Clientes por Producto|||Y
139|es_PE|0|0|Y|2006-11-10 00:02:24|100|2006-11-10 00:13:27|100|Factura Trimestral a Clientes por Proveedor|||Y
151|es_PE|0|0|Y|2006-11-10 00:02:24|100|2006-11-10 00:13:27|100|Resumen de Facturas|||Y
152|es_PE|0|0|Y|2006-11-10 00:02:24|100|2006-11-10 00:13:27|100|Detalles de Facturas|||Y
159|es_PE|0|0|Y|2006-11-10 00:02:24|100|2006-11-10 00:13:27|100|Carta de Morosidad|||Y
161|es_PE|0|0|Y|2006-11-10 00:02:24|100|2006-11-10 00:13:27|100|Valor de Transacción de Producto|Valor de transacciones de producto|El reporte muestra transacciones de producto valorizadas|Y
170|es_PE|0|0|Y|2006-11-10 00:02:24|100|2006-11-10 00:13:27|100|Detalle de Diario de Caja|Información de detalle de asientos de caja||Y
188|es_PE|0|0|Y|2006-11-10 00:02:24|100|2006-11-10 00:13:27|100|Procesar Lote|||Y
183|es_PE|0|0|Y|2006-11-10 00:02:24|100|2006-11-10 00:13:27|100|Reporte de Costo del Producto|Reporte de costo de producto||Y
100|es_PE|0|0|Y|2006-11-10 00:02:24|100|2006-11-10 00:13:27|100|Crear Períodos|Crear 12 períodos de calendario estándar (Ene-Dic)||Y
140|es_PE|0|0|Y|2006-11-10 00:02:24|100|2006-11-10 00:13:27|100|Copiar Cuentas|Copiar y sobreescribir las cuentas a productos de esta categoría|El proceso de copiar cuentas tomará las cuentas definidas para una categoría de producto y las copiará a cualquier producto que que haga referencia a esta categoría. Si una cuenta existe a nivel de producto sera sobreescrita|Y
307|es_PE|0|0|Y|2006-11-10 00:02:24|100|2006-11-10 00:13:27|100|Replica Cambios|Replica Cambios|Usted puede replicar ciertos cambios.|Y
308|es_PE|0|0|Y|2006-11-10 00:02:24|100|2006-11-10 00:13:27|100|Replica Costumización|If you identified customizations in the Change Log, you can reapply them|"The migration ""resets"" the system to the current/original setting.  If selected in the Change Log, you can save the customization and re-apply them.  Please note that you need to check, if your customization has no negative side effect in the new release."|Y
131|es_PE|0|0|Y|2006-11-10 00:02:24|100|2006-11-10 00:13:27|100|Factura Semanal de Producto|||Y
133|es_PE|0|0|Y|2006-11-10 00:02:24|100|2006-11-10 00:13:27|100|Factura Mensual de Proveedor|||Y
278|es_PE|0|0|Y|2006-11-10 00:02:24|100|2006-11-10 00:13:27|100|Manejador de Actividades|Manejador de Actividades||Y
335|es_PE|0|0|Y|2006-11-10 00:02:24|100|2006-11-10 00:13:27|100| Crear Registro de Costeo|Crear Registro de Costeo|Los registro de costeo se cran cuando los necesita mediante proceso por lotes. Usted puede forzar la creación de la información de costeo aqui. |Y
343|es_PE|0|0|Y|2006-11-10 00:02:24|100|2006-11-10 00:02:24|100|Import Payments|Import Payments|The Parameters are default values for null import record values, they do not overwrite any data.|N
338|es_PE|0|0|Y|2006-11-10 00:02:24|100|2006-11-10 00:13:27|100|Crear CG/ Predeterminado |Copia valores de Elementos de Cuenta cotejados desde esquema contable existente|"Crear CG y predeterminar cuentas para este Esquema Contable y copia valores de elementos de cuenta cotejados.
"|Y
331|es_PE|0|0|Y|2006-11-10 00:02:24|100|2006-11-10 00:13:27|100|Detalle Costo de Producto|Reportar Detalle Costo de Producto Facturado|"El Reporte Costo de Producto Facturado lista los productos con asignación de costo facturado individualmente.
"|Y
332|es_PE|0|0|Y|2006-11-10 00:02:24|100|2006-11-10 00:13:27|100|Distribución de Costos|Distribución de Costos a Productos |"Distribución de Costos a Productos basados en selecciones - Bas de Distribución (Cantidad,Costo Actual línea, Peso)
y Recibi/Línea o directamente para el producto. "|Y
217|es_PE|0|0|Y|2006-11-10 00:02:24|100|2006-11-10 00:13:27|100|Impresión del Proyecto|** Especial **||Y
108|es_PE|0|0|Y|2006-11-10 00:02:24|100|2006-11-10 00:13:27|100|Copiar Cuentas|Copiar y sobreescribir todas las cuentas a los valores preestablecidos del sistema (PELIGROSO!!!)||Y
112|es_PE|0|0|Y|2006-11-10 00:02:24|100|2006-11-10 00:13:27|100|Copiar Cuentas|Copiar y sobreescribir las cuentas para los socios del negocio de este grupo||Y
333|es_PE|0|0|Y|2006-11-10 00:02:24|100|2006-11-10 00:13:27|100|Detalle de Orden|Reportar Detalle de la Orden |El reporte incluye información detallada de la orden incluyendo ventas perdidas. El reporte puede ser usado paara Ventas y Compras.  |Y
209|es_PE|0|0|Y|2006-11-10 00:02:24|100|2006-11-10 00:13:27|100|Envía Texto Mail|Envie los Email a los suscriptores activos de un grupo de socios de negocio o área de interés.|"Seleccione el área de interés, a que suscriptores usted envía el texto de correo del usuario seleccionado. Alternativamente, usted puede enviar correos a los contactos de un grupo de socio de negocio.<br>
El usuario para enviar emails de necesidades para tener valida la información del Email. Si usted no selecciona un usuario, el mail se envia de la solicitud del cliente."|Y
205|es_PE|0|0|Y|2006-11-10 00:02:24|100|2006-11-10 00:13:27|100|Reinicia Cache |Reinicia el Cache del sitema ** Cerrar todas las ventanas antes de iniciar **|Para aumentar funcionamiento, Adempiere reasigna los datos usados. Este proceso despeja el cache local.|Y
208|es_PE|0|0|Y|2006-11-10 00:02:24|100|2006-11-10 00:13:27|100|Inicia Replicación con un Host Remoto|Inicia Replicación con un Host Remoto||Y
214|es_PE|0|0|Y|2006-11-10 00:02:24|100|2006-11-10 00:13:27|100|Copia Detalles|Copia líneas de Poliza de diario de otra poliza de diario||Y
207|es_PE|0|0|Y|2006-11-10 00:02:24|100|2006-11-10 00:13:27|100|Importación de Factura|Importación de Factura|Los parámetros son valores prefijados para los valores nulos del expediente de la importación, ellos no sobreescriben ningunos datos.|Y
233|es_PE|0|0|Y|2006-11-10 00:02:24|100|2006-11-10 00:13:27|100|Verifica tipos de Documento|Verifica tipos de Documento|"Comprueba que hay un tipo de documento para toda la base del documento<br>
Cra los controles que faltan del periodo para el tipo de documento (Usted debe tener que abrirlos)"|Y
344|es_PE|0|0|Y|2006-11-10 00:02:24|100|2006-11-10 00:02:24|100|Validate|Validate Staging Area||N
345|es_PE|0|0|Y|2006-11-10 00:02:24|100|2006-11-10 00:02:24|100|Deploy Web Project|Deploy Web Project|The process deploys the media to the media server(s) and then copies the stage to the container.|N
347|es_PE|0|0|Y|2006-11-10 00:02:24|100|2006-11-10 00:02:24|100|Validate|Validate Template||N
348|es_PE|0|0|Y|2006-11-10 00:02:24|100|2006-11-10 00:02:24|100|Register Extension|Register your extension with Adempiere|You can register the four character extension with Adempiere. This makes sure that your extension can be automatically distributed and implemented.  You will also be able to certify extensions.  Contact Adempiere for details.|N
350|es_PE|0|0|Y|2006-11-10 00:02:24|100|2006-11-10 00:02:24|100|Rebuild Index||Be carefull, this process will reindex all tables and records which are marked to get indexed. Depending on the number of documents this could take a long time. This should only be run if you have removed stop words, if this is mentioned to be run after migration.|N
352|es_PE|0|0|Y|2006-11-10 00:02:24|100|2006-11-10 00:02:24|100|Media Direct Deploy|||N
132|es_PE|0|0|Y|2006-11-10 00:02:24|100|2006-11-10 00:13:27|100|Factura Mensual de Producto|||Y
145|es_PE|0|0|Y|2006-11-10 00:02:24|100|2006-11-10 00:13:27|100|Saldos Abiertos|Saldos Abiertos||Y
318|es_PE|0|0|Y|2006-11-10 00:02:24|100|2006-11-10 00:13:27|100|Detalles del Pago|Reporte de Detalles de Pagos|Mecanografie los pagos ajustados (Positivo de los recibos, negativa de los pagos) con cantidades asignadas y disponibles|Y
319|es_PE|0|0|Y|2006-11-10 00:02:24|100|2006-11-10 00:13:27|100|Saldos de Socio de Negocio|Saldos de Socio de Negocio|Abre las listas de informe de facturas y pagos.|Y
228|es_PE|0|0|Y|2006-11-10 00:02:24|100|2006-11-10 00:13:27|100|Líneas del proyecto no publicadas|Las listas proyectan las líneas de una orden de trabajo o de un proyecto del activo, que no se publican al proyecto||Y
291|es_PE|0|0|Y|2006-11-10 00:02:24|100|2006-11-10 00:13:27|100|Impresión de Inventario Físico|** Especial ** No Cambie **||Y
117|es_PE|0|0|Y|2006-11-10 00:02:24|100|2006-11-10 00:13:27|100|Imprimir Entrega/nota de envío|** Especial **||Y
212|es_PE|0|0|Y|2006-11-10 00:02:24|100|2006-11-10 00:13:27|100|Copiar Desde|Copia Lineas/Fases/Tareas desde otro Proyecto||Y
229|es_PE|0|0|Y|2006-11-10 00:02:24|100|2006-11-10 00:13:27|100|Posición del Proyecto no Publicada|Proyecte las líneas con las ordenes de compra generadas de una orden de trabajo o de un proyecto del activo, que no se publican al proyecto.||Y
242|es_PE|0|0|Y|2006-11-10 00:02:24|100|2006-11-10 00:13:27|100|Validar|Validar Programa de Pagos||Y
243|es_PE|0|0|Y|2006-11-10 00:02:24|100|2006-11-10 00:13:27|100|Validar|Validar Programa de Pagos||Y
249|es_PE|0|0|Y|2006-11-10 00:02:24|100|2006-11-10 00:13:27|100|Importar Tarifa de Conversión|Importar Tarifa de Conversión||Y
250|es_PE|0|0|Y|2006-11-10 00:02:24|100|2006-11-10 00:13:27|100|Registrarce Ahora!!!|Los registros nos ayudan a mejorar servicio de la base de usuario de Adempiere.|"No pondremos los datos a disposición de terceros ni utilizaremos la información para propósitos estadísticos.  
Nos ayudará, si usted permitirá publicar su uso en Adempiere. Nos pondremos en contacto directamente antes de que publiquemos cualquier información."|Y
270|es_PE|0|0|Y|2006-11-10 00:02:24|100|2006-11-10 00:13:27|100|Requisiciones Abiertas|Detalle de la información de Ordenes Abiertas.||Y
244|es_PE|0|0|Y|2006-11-10 00:02:24|100|2006-11-10 00:13:27|100|Almacén de Organización|Active y verifique la propiedad de la organizacion del almacén.|El proceso permite que usted cambie o que verifique la propiedad de la organización de un almacén y de sus entidades dependientes, (Localización, Almacenaje).|Y
245|es_PE|0|0|Y|2006-11-10 00:02:24|100|2006-11-10 00:13:27|100|Organización del Producto|Determinado y verifique la propiedad de la organización de productos|"El proceso permite que usted cambie o que verifique la propiedad de la organización de productos y de sus entidades independientes. (LDM, Sustituto, Llenado, Comprado, Info de Socio de Negocio, Costos). <br>
Seleccione cualquier categoria de producto o un producto en especifico."|Y
246|es_PE|0|0|Y|2006-11-10 00:02:24|100|2006-11-10 00:13:27|100|Organización del Socio de Negocio|Seleccione y verifique la propiedad de la organización de los socios de negocio.|"El proceso permite que usted cambie o que verifique la propiedad de la organización, de productos y de sus entidades dependientes. (Localización, Contacto/Usuario, cuenta bancaria, Retenido). <br>
Seleccione cualquier grupo de socio de negocio o un socio de negocio especifico."|Y
258|es_PE|0|0|Y|2006-11-10 00:02:24|100|2006-11-10 00:13:27|100|Comprobar Secuencia|Compruebe la secuencia del sistema y del documento.|Compruebe que la secuencia del documento y del sistema estén correctas. Arranque este proceso, si usted consigue mensajes de error del articulo con valores identicos de validación.|Y
271|es_PE|0|0|Y|2006-11-10 00:02:24|100|2006-11-10 00:13:27|100|Crea Ordenes|Crea Oden Basada en las líneas de la lista de distribución de los productos.|"Observe al hacer el redondeo, la cantidad total de orden(es) es probable ser más alto a la cantidad incorporada.
"|Y
273|es_PE|0|0|Y|2006-11-10 00:02:24|100|2006-11-10 00:13:27|100|Proceso de Solicitudes|||Y
276|es_PE|0|0|Y|2006-11-10 00:02:24|100|2006-11-10 00:13:27|100|Imprime Respuesta SPC (RfQ)|** Especial ** No Cambie **||Y
320|es_PE|0|0|Y|2006-11-10 00:02:24|100|2006-11-10 00:13:27|100|Detalle de la Función de la Comision.|Reporte del Detalle de la Función de la Comision.|Función de la Comisión, Cantidad de detalles con orden / Detalles de la Factura.|Y
334|es_PE|0|0|Y|2006-11-10 00:02:24|100|2006-11-10 00:13:27|100|Detalle Socio del Negocio|Reporte Detalle Socio del Negocio |Los detalles de Lista de Reporte de Socio del Negocio, Dirección, Contacto para cualquier Socio del Negocio Activo con una dirección y  Contacto.|Y
342|es_PE|0|0|Y|2006-11-10 00:02:24|100|2006-11-10 00:13:27|100|Validar Soporte |Validar Contrato de Soporte|"El proceso se conecta al servidor de  Servicios de Soporte Adempiere y vsñifs el contrato de soporte. Para contratar soporte por favor ingrese a www.e-evolution.com.mx
"|Y
274|es_PE|0|0|Y|2006-11-10 00:02:24|100|2006-11-10 00:13:27|100|Entrega Activo del Mes |Sumario de Entrega de Activos por mes|Informe de activos y las entregas por mes para los registros seleccionados|Y
275|es_PE|0|0|Y|2006-11-10 00:02:24|100|2006-11-10 00:13:27|100|Valida tipo de documento|||Y
290|es_PE|0|0|Y|2006-11-10 00:02:24|100|2006-11-10 00:13:27|100|Impresión del movimiento de inventario|** Especial ** No Cambie **||Y
230|es_PE|0|0|Y|2006-11-10 00:02:24|100|2006-11-10 00:13:27|100|Obtener Precio|Obtener Precio para una Linea de Proyecto Basado en una lista de Precios del Proyecto||Y
219|es_PE|0|0|Y|2006-11-10 00:02:24|100|2006-11-10 00:13:27|100|Importa Inventario|Importa Inventario Fisico|Los parámetros son valores prefijados para los valores nulos del registro de la importación, ellos no sobreescriben ningunos datos.|Y
221|es_PE|0|0|Y|2006-11-10 00:02:24|100|2006-11-10 00:13:27|100|Importar Extractos de Cuentas|Importa Estado de Cuenta|Los parámetros son valores por defaul para los valores nulos del expediente de la importación, ellos no sobreescriben ningunos datos.|Y
231|es_PE|0|0|Y|2006-11-10 00:02:24|100|2006-11-10 00:13:27|100|Convertir Cotización|Convierte una Propuesta o Cotización abierta a Orden|Usted puede convertir una Propuesta o una Cotización a cualquier otro tipo de documento de Orden. Utilizaría este proceso, si usted desea mantener la Propuesta o la Cotización. El estado del documento necesita estar en proceso.|Y
232|es_PE|0|0|Y|2006-11-10 00:02:24|100|2006-11-10 00:13:27|100|Recalcule Precio Orden/Factura|Recalcule el precio basado en la última versión de la lista de precios de una orden o factura abierta||Y
234|es_PE|0|0|Y|2006-11-10 00:02:24|100|2006-11-10 00:13:27|100|Margen del Proyecto (Orden de Trabajo)|El proyecto de la orden de trabajo alinea (rédito previsto) contra las ediciones del proyecto (costos)|"El informe del margen del proyecto para las ordenes de trabajo compara las lineas de proyecto (rédito previsto) contra las ediciones del proyecto (esfuerzo y los costos reales). La cantidad del margen es calculada restando los costos (edición) del redito (línea). 
Los costos estan en el actual esquema contable - Las líneas estan en la actual lista de precios del proyecto."|Y
186|es_PE|0|0|Y|2006-11-10 00:02:24|100|2006-11-10 00:13:27|100|Crear Orden de Venta desde Gastos|Crear Orden de Venta para Cliente desde Gastos||Y
187|es_PE|0|0|Y|2006-11-10 00:02:24|100|2006-11-10 00:13:27|100|Crear Facturas de Gastos de CXP|Crear facturas de CXP desde gastos a ser reembolsados a empleados||Y
113|es_PE|0|0|Y|2006-11-10 00:02:24|100|2006-11-10 00:13:27|100|Copiar Pestañas||Copiar todas las pestañas y campos de la ventana|Y
114|es_PE|0|0|Y|2006-11-10 00:02:24|100|2006-11-10 00:13:27|100|Copiar Pestañas||Copiar campos a la pestaña|Y
191|es_PE|0|0|Y|2006-11-10 00:02:24|100|2006-11-10 00:13:27|100|Establecer Formato de Impresión|Establecer para todos los formatos de impresión con el mismo paisaje/retrato.||Y
192|es_PE|0|0|Y|2006-11-10 00:02:24|100|2006-11-10 00:13:27|100|Copiar/Crear|Copiar de un formato existente o crear uno de tabla||Y
116|es_PE|0|0|Y|2006-11-10 00:02:24|100|2006-11-10 00:13:27|100|Imprimir Factura|** Especial **||Y
237|es_PE|0|0|Y|2006-11-10 00:02:24|100|2006-11-10 00:13:27|100|Detalle de Transacciones|Reporte de Detalles de Transacciónes|El reporte muestra detalles de transacciones (recibos, envios, inventario, movimiento, ...) incluyendo el caso del producto (Lote, No. de serie) Información.|Y
239|es_PE|0|0|Y|2006-11-10 00:02:24|100|2006-11-10 00:13:27|100|Clic's Mensuales|Clic's por mes|El informe demuestra la cuenta de tecleo del anuncio por mes.|Y
240|es_PE|0|0|Y|2006-11-10 00:02:24|100|2006-11-10 00:13:27|100|Clic's sin procesar|Clic's sin procesar|El informe demuestra los tecleos, que no podrían ser procesados (URL no emparejado a la cuenta del tecleo)|Y
235|es_PE|0|0|Y|2006-11-10 00:02:24|100|2006-11-10 00:13:27|100|Verifica Árbol|Verifique la corrección y lo completo del árbol||Y
241|es_PE|0|0|Y|2006-11-10 00:02:24|100|2006-11-10 00:13:27|100|Eliminar Noticias|Eliminar todas las Noticias||Y
238|es_PE|0|0|Y|2006-11-10 00:02:24|100|2006-11-10 00:13:27|100|Antiguedad|Reporte Antiguedad|El informe de la antiguedad permite que usted reporte sobre los item´s abiertos (facturas). Seleccione los cubos de la antiguedad, que usted desea tener en su informe.|Y
105|es_PE|0|0|Y|2006-11-10 00:02:24|100|2006-11-10 00:13:27|100|Crear Lista de Conteo Físico|Crear lista de conteo físico del inventario|Las líneas de conteo físico del inventario son generadas. Se puede adicionar o borrar líneas|Y
106|es_PE|0|0|Y|2006-11-10 00:02:24|100|2006-11-10 00:13:27|100|Actualizar Cantidad|La cantidad en libros es actualizada con la cantidad real en libros|(vacio)|Y
107|es_PE|0|0|Y|2006-11-10 00:02:24|100|2006-11-10 00:13:27|100|Procesar Conteo Físico|Procesar conteo físico y actualizar el inventario||Y
109|es_PE|0|0|Y|2006-11-10 00:02:24|100|2006-11-10 00:13:27|100|Procesar Entrega|Procesar Entrega (actualiza el inventario)|Procesar Entrega, moverá productos del inventario y marca los ítems como Entregados. |Y
110|es_PE|0|0|Y|2006-11-10 00:02:24|100|2006-11-10 00:13:27|100|Imprimir Orden|** Especial **||Y
111|es_PE|0|0|Y|2006-11-10 00:02:24|100|2006-11-10 00:13:27|100|Procesar Factura|||Y
218|es_PE|0|0|Y|2006-11-10 00:02:24|100|2006-11-10 00:13:27|100|Reporte Ciclo del Proyecto|Reporte del Proyecto basado en un Ciclo de Proyecto|El ciclo del proyecto reporte las fases comunes del proyecto de un ciclo por pasos/fases. Toda la información del informe es cargada de acuerdo al peso relativo del paso del ciclo y convertida a la moneda del ciclo del proyecto (por ejemplo para el reporte de las ventas).<p > los proyectos debe tener un tipo, una fase y una moneda definidos. La fase se debe asignar a un paso del ciclo.|Y
220|es_PE|0|0|Y|2006-11-10 00:02:24|100|2006-11-10 00:13:27|100|Importa Polizas|Importa Contabilidad General Lote/Poliza/Linea|Los parámetros son valores prefijados para los valores nulos del expediente de la importación, ellos no sobreescriben ningunos datos.|Y
222|es_PE|0|0|Y|2006-11-10 00:02:24|100|2006-11-10 00:13:27|100|Activos del Cliente|Divulgue los activos del cliente con cuenta de la entrega||Y
223|es_PE|0|0|Y|2006-11-10 00:02:24|100|2006-11-10 00:13:27|100|Entrega de Activo|Reporte de entrega de Activos ||Y
224|es_PE|0|0|Y|2006-11-10 00:02:24|100|2006-11-10 00:13:27|100|Edición del Proyecto|Publique el material para proyectar el recibo o la localización manual del inventario.|"Seleccione un proyecto cualquiera
<br>- Recibo de Material 
<br>- Reporte del Costo
<br<- Inventory Location and Project Line not issued yet
<br>- Inventory Location, Product and Quantity
The default Movement Date is today's date."|Y
288|es_PE|0|0|Y|2006-11-10 00:02:24|100|2006-11-10 00:13:27|100|Reinicia Contraseña|Reinicia contraseñas para el usuario|Puede cambiar la contraseña del usuario y la configuración del correo electrónico. No necesita conocer la contraseña o introducirla si es Administrador.|Y
289|es_PE|0|0|Y|2006-11-10 00:02:24|100|2006-11-10 00:13:27|100|Crear Cálculo de Morosidad|Crea Cartas de Morosidad basado en criterios dados.||Y
251|es_PE|0|0|Y|2006-11-10 00:02:24|100|2006-11-10 00:13:27|100|Impuesto de Factura|Impuesto conciliado de la Factura|Las listas de informe facturan líneas del impuesto con la información de impuesto del socio de negocios.|Y
265|es_PE|0|0|Y|2006-11-10 00:02:24|100|2006-11-10 00:13:27|100|Valuación de Respuestas |Valuación de las respuestas a la SPC (RfQ) completas|"Las respuestas invalidas estan valuadas por 999 en la Cantidad.  Las respuestas de la cantidad estan valuadas entre sí y la mejor respuesta a la SPC (RfQ) es actualizada. Las líneas de respuesta son marcadas como ganador seleccionado, donde esta seleccionada la cantidad de compra.

Entonces las valuaciones de todas las respuestas de cantidad se adicionan a la valuación total de la respuesta .  La respuesta con el valor total más bajo se marca como ganador seleccioado."|Y
330|es_PE|0|0|Y|2006-11-10 00:02:24|100|2006-11-10 00:13:27|100|Sumario Costo de Producto|Reporte Sumario Costo de Producto |El Reporte Costo de Producto lista los Costos de Producto Sumarisados para el Producto. |Y
321|es_PE|0|0|Y|2006-11-10 00:02:24|100|2006-11-10 00:13:27|100|Sincroniza la traducción del documento|Sincroniza la traducción del documento|Si el cliente actual no permite se hagan los documentos multilenguajes, las traducciones para los documentos se sincronizan con el expediente principal (es decir copia el contenido del expediente principal a los expedientes de la traducción).  Este proceso es necesario en un ambiente monolenguaje ya que allí no se mantiene la terminologia en la traducción de registros.Esto se aplica a las traducciones definidas del documento de cliente, ej. para UM, los términos del pago, información de producto, etc.|Y
322|es_PE|0|0|Y|2006-11-10 00:02:24|100|2006-11-10 00:13:27|100|Referencia de Material|Remisión material de las transacciones (Recurso/usado)|Las exhibiciones del informe, ej. donde se utilizan los recibos materiales o el cliente que son los envíos de recursos|Y
323|es_PE|0|0|Y|2006-11-10 00:02:24|100|2006-11-10 00:13:27|100|Crea las facturas|||Y
324|es_PE|0|0|Y|2006-11-10 00:02:24|100|2006-11-10 00:13:27|100|Factura de solucitud|Crear factura para solicitud|Cree la factura para el tipo de la solicitud con el grupo opcional de categoria de solicitud, para el socio de negocio. Si el producto usado para facturar no se define, el producto definido en el parámetro se utiliza.|Y
325|es_PE|0|0|Y|2006-11-10 00:02:24|100|2006-11-10 00:13:27|100|Limpieza General del Almacén|Limpieza General del Almacenaje de Inventario|Cree los movimientos de inventario para el almacenaje desequilibrado de la localización de inventario (ej. Dentro de un almacén el movimiento de inventario y las localizaciones de cantidad a la mano son negativas)|Y
119|es_PE|0|0|Y|2006-11-10 00:02:24|100|2006-11-10 00:13:27|100|Generar Facturas|Generar e imprimir facturas||Y
304|es_PE|0|0|Y|2006-11-10 00:02:24|100|2006-11-10 00:13:27|100|Valida Flujo de Trabajo|Valida cuando el Flujo de Trabajo es correcto|(Comprobación limitada)|Y
310|es_PE|0|0|Y|2006-11-10 00:02:24|100|2006-11-10 00:13:27|100|Balanza de Comprobación |Balanza de Comprobación para un Periodo o un Rango de Fechas |"Seleccione un período (Campo vacío toma período actual) ó indique un rango de fechas, 


Si se selecciona una cuenta, el balance es calculado en base al  tipo de cuenta y el calendario contable (Ejm. Ingresos/Gastos considerados desde el principio del año). Si no se selecciona ninguna cuenta, el balance es la suma de todas las transacciones antes de la selección de cuenta o el primer día del período seleccionado."|Y
118|es_PE|0|0|Y|2006-11-10 00:02:24|100|2006-11-10 00:13:27|100|Generar Entregas|||Y
312|es_PE|0|0|Y|2006-11-10 00:02:24|100|2006-11-10 00:13:27|100|Imprime Carta de Morosidad|Imprime Carta de Morosidad o la envía como PDF|(Re) Imprime Carta de Morosidad o envia como PDF anexado a un mail para el Contacto del socio de Negocio.|Y
200|es_PE|0|0|Y|2006-11-10 00:02:24|100|2006-11-10 00:13:27|100|Imprime Facturas|Imprima las facturas en papel o para enviar en PDF||Y
313|es_PE|0|0|Y|2006-11-10 00:02:24|100|2006-11-10 00:13:27|100|Impresión del Pago|** Especial ** No Cambie **||Y
327|es_PE|0|0|Y|2006-11-10 00:02:24|100|2006-11-10 00:13:27|100|Probar EMail|Probar Conexión a EMail |Probar conexión a Email basados en información definida. Un Email es enviado desde el usuario de la solicitud a el usuario de la solicitud. También son probadas las configriraciones del portal Web.|Y
329|es_PE|0|0|Y|2006-11-10 00:02:24|100|2006-11-10 00:13:27|100|Costo de Producto|Reportar Costo de Producto|El Reporte Costo de Producto lista el Costo de Producto para el Producto, tipo de costo y elemento de costo. |Y
315|es_PE|0|0|Y|2006-11-10 00:02:24|100|2006-11-10 00:13:27|100|Proceso de Órdenes en Lote|Proceso de Órdenes en Lote|Basado en el criterio de selección, Las órdenes son procesadas usando la acción del documento seleccionado.  Asegúrese que la acción del documento sea valida en los documentos.|Y
316|es_PE|0|0|Y|2006-11-10 00:02:24|100|2006-11-10 00:13:27|100|Asignación de Facturas|Facturas no asignadas a los pagos|Reporte de Facturas no asignadas (Para las Facturas de vea parcialmente el articulo |Y
253|es_PE|0|0|Y|2006-11-10 00:02:24|100|2006-11-10 00:13:27|100|Asientos Diarios de Contabilidad|Detalles de los Asientos contables resumidos por la fecha de contabilidad||Y
254|es_PE|0|0|Y|2006-11-10 00:02:24|100|2006-11-10 00:13:27|100|Asientos Contables por Período|Detalles de asientos contables resumidos por período de contabilización|El período se basa en el calendario definido en nivel del cliente.|Y
305|es_PE|0|0|Y|2006-11-10 00:02:24|100|2006-11-10 00:13:27|100|El valor del documento basado en Flujos de Trabajo|*** NO SE MODIFIQUE ***||Y
306|es_PE|0|0|Y|2006-11-10 00:02:24|100|2006-11-10 00:13:27|100|Deshace Cambios|Deshace Cambios|Usted puede deshacer ciertos cambios|Y
1000004|es_PE|0|0|Y|2007-04-27 10:18:27|100|2007-04-27 10:18:50|100|Restaurar Factura|||N
1000000|es_PE|0|0|Y|2007-04-26 17:51:24|100|2007-04-26 17:53:08|100|Borrar Caja|||Y
1000005|es_PE|0|0|Y|2007-04-27 10:22:00|100|2007-04-27 10:22:16|100|Restaurar Asiento Diario|||Y
1000001|es_PE|0|0|Y|2007-04-26 17:52:15|100|2007-04-27 10:10:42|100|Borrar Linea de Caja|||Y
1000002|es_PE|0|0|Y|2007-04-27 10:05:13|100|2007-04-27 10:10:24|100|Restaurar Estado de Cuenta Bancario|||Y
1000006|es_PE|0|0|Y|2007-04-27 10:25:43|100|2007-04-27 10:25:54|100|Restaurar Orden|||Y
1000003|es_PE|0|0|Y|2007-04-27 10:09:45|100|2007-04-27 10:14:51|100|Restaurar Caja|||N
1000007|es_PE|0|0|Y|2007-04-27 10:27:49|100|2007-04-27 10:27:57|100|Restaurar Pago|||Y
1000008|es_PE|0|0|Y|2007-04-27 10:31:49|100|2007-04-27 10:32:04|100|Restaurar Pedido|||Y
1000009|es_PE|0|0|Y|2007-04-27 10:35:03|100|2007-04-27 10:35:16|100|Restaurar Envio|||Y
309|es_PE|0|0|Y|2006-11-10 00:02:24|100|2006-11-10 00:13:27|100|Mueve Flujo de Trabajo|Mueva los elementos de encargo de Flujo de Trabajo al cliente actual. |La arquitectura de la seguridad evita que usted agrege al cliente modificaciones/arreglos para registros particulares a los Flujos de Trabajo estandares exisentes. Este proceso mueve su arreglo para requisitos particulares hecho en nivel de sistema a este cliente para arreglar los detalles del cliente especifico.|Y
311|es_PE|0|0|Y|2006-11-10 00:02:24|100|2006-11-10 00:13:27|100|Conversión de UM de un Producto|Respaldo o re-empaque del mismo producto con diferente UM|"Ejm: ""Producto EA"" tienen una UM de conversión a ""Paquete de 6"" y viceversa.  Este es un paso para re-empacado para definir LDM y crear procesos para producción."|Y
146|es_PE|0|0|Y|2006-11-10 00:02:24|100|2006-11-10 00:13:27|100|Pagos sin Reconciliar|Pagos no reconciliados con el balance bancario||Y
122|es_PE|0|0|Y|2006-11-10 00:02:24|100|2006-11-10 00:13:27|100|Procesar Movimientos|Procesar movimientos de inventario|Procesar movimientos de inventario actualizará cantidades en inventario basados en los movimientos definidos entre bodegas o localizaciones|Y
123|es_PE|0|0|Y|2006-11-10 00:02:24|100|2006-11-10 00:13:27|100|Generar Comisión|Generar comisión||Y
126|es_PE|0|0|Y|2006-11-10 00:02:24|100|2006-11-10 00:13:27|100|Detalle de Orden|||Y
134|es_PE|0|0|Y|2006-11-10 00:02:24|100|2006-11-10 00:13:27|100|Generar Facturas (Lote)|Generar e imprimir facturas manualmente||Y
135|es_PE|0|0|Y|2006-11-10 00:02:24|100|2006-11-10 00:13:27|100|Copiar De|||Y
136|es_PE|0|0|Y|2006-11-10 00:02:24|100|2006-11-10 00:13:27|100|Verificar LDM|Verificar estructura de LDM|Verificar la estructura de la LDM revisa los elementos y pasos que hacen parte de la lista de materiales|Y
137|es_PE|0|0|Y|2006-11-10 00:02:24|100|2006-11-10 00:13:27|100|Crear/Aplicar Producción|Crear líneas de producción; si no están creadas; de otra manera procesa la producción|Crear/Aplicar producción generará las líneas de producción y procesará la producción. Si las líneas de producción ya existen; entonces la producción será procesada|Y
225|es_PE|0|0|Y|2006-11-10 00:02:24|100|2006-11-10 00:13:27|100|Genera OC para Proyecto|Genera líneas de OC para proyecto.|"
"|Y
226|es_PE|0|0|Y|2006-11-10 00:02:24|100|2006-11-10 00:13:27|100|Informe detallado del proyecto de Contabilidad|Informe a detalle de la contabilidad del proyecto.||Y
227|es_PE|0|0|Y|2006-11-10 00:02:24|100|2006-11-10 00:13:27|100|Proyecto Cerrado|||Y
210|es_PE|0|0|Y|2006-11-10 00:02:24|100|2006-11-10 00:13:27|100|Copiar Lineas|Copiar Lineas Desde otra Factura||Y
236|es_PE|0|0|Y|2006-11-10 00:02:24|100|2006-11-10 00:13:27|100|Detalle de Almacenamiento|Reporte de detalle de almacenaje.|El reporte muestra los detalles del almacenaje incluyendo el caso del producto (porción, cuento por entregas)|Y
172|es_PE|0|0|Y|2006-11-10 00:02:24|100|2006-11-10 00:13:27|100|Sincronizar Terminología|Sincronizar la terminología dentro del sistema|Basado en las entradas en el elemento de ventana; los campos en ventanas; parámetros; etc. Son sincronizados; si ellos son mantenidos centralizadamente.|Y
203|es_PE|0|0|Y|2006-11-10 00:02:24|100|2006-11-10 00:13:27|100|Actualiza Balance Contable|Actualización de Balances Diarios de Contabilidad|Este Proceso Funciona Automaticamente|Y
268|es_PE|0|0|Y|2006-11-10 00:02:24|100|2006-11-10 00:13:27|100|Copia Líneas|Copia Líneas de otra SPC (RfQ)||Y
213|es_PE|0|0|Y|2006-11-10 00:02:24|100|2006-11-10 00:13:27|100|Inicio de Corrida Recurrente |Inicio de Corrida Recurrente ||Y
196|es_PE|0|0|Y|2006-11-10 00:02:24|100|2006-11-10 00:13:27|100|Importa Productos |Importa productos para el archivo de aplicación.|Los productos de la importación traerán un archivo de productos, en un formato predefinido en el uso.|Y
1000034|es_PE|0|0|Y|2008-01-17 10:27:44|0|2008-01-17 10:27:52|0|Eliminar Factura|||Y
216|es_PE|0|0|Y|2006-11-10 00:02:24|100|2006-11-10 00:13:27|100|Generar Orden|Generar Orden desde una Fase de Proyecto|Una fase puede ser facturada completa en lugar de facturar los productos de las tareas dependientes de la fase. El Proceso generar orden generará un documento de orden nueva basada en en la fase del proyecto o las tareas. En el Proyecto debe estar definida una lista de Precios y un almacén/punto de servicio. Si se define un producto al nivel de fase, se usa la información de la fase como la base para la orden (control de facturaciçon) - de otra manera se facturan las tareas individuales.|Y
179|es_PE|0|0|Y|2006-11-10 00:02:24|100|2006-11-10 00:13:27|100|Verificar Lenguajes|Verificar existencia de lenguaje de traducción en el sistema (se requiere despues de la creación de un nuevo lenguaje)|Verificar la Traducción crea los registros de traducción faltántes. Arranque este proceso después de crear un nuevo lenguaje. El proceso crea los registros copiando de las entradas del lenguaje base|Y
295|es_PE|0|0|Y|2006-11-10 00:02:24|100|2006-11-10 00:13:27|100|Actualización de Rol|Actualizar las reglas de acceso de un rol o roles de un cliente.|"Actualize las reglas de acceso de un rol o de todos los roles de un cliente para Ventanas, Formatos y Flujos de Trabajo.
Si está funcionando para el sistema, todos los roles de todos los clientes son actualizados. Observe que un rol es solamente actualizado si no esta marcado como manual."|Y
259|es_PE|0|0|Y|2006-11-10 00:02:24|100|2006-11-10 00:13:27|100|Crea Ordenes|Cree las órdenes basadas en la línea de artículos de la lista de distribución|"Observe al hacer el redondeo, la cantidad total de orden(es) es probable ser más alto a la cantidad incorporada.
"|Y
260|es_PE|0|0|Y|2006-11-10 00:02:24|100|2006-11-10 00:13:27|100|Liga Organización|Integración de Socio de Negocio a una Organización|Si el socio de negocio esta en otra organización, seleccione la organización o fije para crear una nueva organización. Usted liga a socio de negocio a una organización para crear los documentos explícitos para la Integración-Org transacción. Si usted crea una nueva organización, usted puede proveer un tipo de la organización. Si usted selecciona un rol, el acceso a la nueva organización se limita a ese rol, si no todo los roles (no manual) del cliente tendrán acceso a la nueva organización.|Y
272|es_PE|0|0|Y|2006-11-10 00:02:24|100|2006-11-10 00:13:27|100|Desliga Socio de Negocio de la Organización|Desliga Socio de Negocio de la Organización|Desliga a Socio de Negocio Ligado a una Organización. (Para los documentos explicitos inter-org)|Y
292|es_PE|0|0|Y|2006-11-10 00:02:24|100|2006-11-10 00:13:27|100|Confirmación de Entregas|** Especial ** No Cambia **||Y
296|es_PE|0|0|Y|2006-11-10 00:02:24|100|2006-11-10 00:13:27|100|Importa Confirmaciones|Importa Confirmaciones|Los parámetros son valores por default para los valores nulos del expediente de la importación, ellos no sobreescriben ningunos datos.|Y
297|es_PE|0|0|Y|2006-11-10 00:02:24|100|2006-11-10 00:13:27|100|Captura y Cálculo de Medida|Captura y Cálculo de Medida|Si Automatico, captura - cálcula/actualiza la actual Medida.|Y
341|es_PE|0|0|Y|2006-11-10 00:02:24|100|2006-11-10 00:13:27|100|Facturación Trimestral por producto|Reportar Facturación por Producto por Trimestre|"Cantidad Factirada por Producto y Més.
"|Y
326|es_PE|0|0|Y|2006-11-10 00:02:24|100|2006-11-10 00:13:27|100|Factura no realizada Perdida/Aumento|Factura no realizada Aumento & Reporte de Perdida|El reporte de listas no completamente pagadas de las lineas de informe con cantidad abierta, las cantidades de GL y las cantidades nuevas. Si usted selecciona el tipo de documento de la GL. Se crea un diario de GL.|Y
336|es_PE|0|0|Y|2006-11-10 00:02:24|100|2006-11-10 00:13:27|100|Crear Declaración de Impuestos|Crear Declaración de Impuestos desde Documentos||Y
202|es_PE|0|0|Y|2006-11-10 00:02:24|100|2006-11-10 00:13:27|100|Crear Informe|Crea Informe Financiero|El periodo por defaul es el periodo actual. Usted puede incorporar opcionalmente otras restricciones.|Y
337|es_PE|0|0|Y|2006-11-10 00:02:24|100|2006-11-10 00:13:27|100|Crear OC desde Requisición|Crear Orden de Compra desde una  Requisición|Crear Orden de Compra desde una  Requisición|Y
125|es_PE|0|0|Y|2006-11-10 00:02:24|100|2006-11-10 00:13:27|100|Reporte de Reabastecimiento||El reporte lista los productos que deben ser repuestos|Y
180|es_PE|0|0|Y|2006-11-10 00:02:24|100|2006-11-10 00:13:27|100|Reporte de Valor de Inventario|Reporte de valorización del inventario|El reporte lista los productos con su cantidad a la mano y valores a la fecha de valorización|Y
50002|es_PE|0|0|Y|2006-12-12 01:35:31|0|2006-12-12 01:35:31|0|PackRoll|||N
50006|es_PE|0|0|Y|2006-12-12 01:35:31|0|2006-12-12 01:35:31|0|File_Select|Select a file||N
50008|es_PE|0|0|Y|2006-12-12 01:35:31|0|2006-12-12 01:35:31|0|PackIn|Import Package|Import a package|N
267|es_PE|0|0|Y|2006-11-10 00:02:24|100|2006-11-10 00:13:27|100|Crea Orden de Venta|Crea orden de Venta|"Una orden de las ventas se crea para el socio de negocio inscrito. Una línea de la orden de las ventas se crea para cada línea cantidad de SPC (RfQ), donde ""Cantidad Ofrecida"" se selecciona. Si en la línea cantidad de SPC (RfQ), se introduce una cantidad de la oferta (no 0), que el precio se utiliza. Si un margen se incorpora en la línea cantidad de SPC (RfQ), sobreescribe el margen general. El margen es el porcentaje agregado a la mejor cantidad de la respuesta."|Y
277|es_PE|0|0|Y|2006-11-10 00:02:24|100|2006-11-10 00:13:27|100|Completar Verificación|Compruebe si la respuesta es completa basada en los ajustes de SPC (RfQ)||Y
279|es_PE|0|0|Y|2006-11-10 00:02:24|100|2006-11-10 00:13:27|100|Manejador de Procesos|Manejador de Proceso||Y
280|es_PE|0|0|Y|2006-11-10 00:02:24|100|2006-11-10 00:13:27|100|Completa la Confirmación|||Y
281|es_PE|0|0|Y|2006-11-10 00:02:24|100|2006-11-10 00:13:27|100|Crea Confirmación|||Y
349|es_PE|0|0|Y|2006-11-10 00:02:24|100|2006-11-10 00:02:24|100|Validate|Validate Info Window SQL|Validate generated Info Window SQL|N
167|es_PE|0|0|Y|2006-11-10 00:02:24|100|2006-11-10 00:13:27|100|Abrir/Cerrar Todo|Abrir/Cerrar todos los tipos de documento base para este período||Y
193|es_PE|0|0|Y|2006-11-10 00:02:24|100|2006-11-10 00:13:27|100|Generar OC desde Orden de Venta|Crear Orden de compra desde orden de ventas|Después de completar ordenes de ventas; el usuario puede crear una o más ordenes de compra por cada orden de venta. Una orden de compra solo esta relacionada a una orden de venta. Ordenes de compra son creadas para todas las líneas de la orden de ventas donde el producto tiene un proveedor actual; el proveedor tiene una lista de precios con todos los productos en la última version del precio de lista. La unidad de medida es copiada; la orden de compra y de venta pueden tener monedas diferentes. Una vez este proceso es corrido; es necesario sincronizar las Ordenes manualmente (e.g. En caso de líneas adicionales)|Y
182|es_PE|0|0|Y|2006-11-10 00:02:24|100|2006-11-10 00:13:27|100|Actualizar Costo de Producto|Establecer precio de costo futuro y estándar|Para costo estándar se puede actualizar el precio a futuro y establecer el costo estándar como el precio futuro|Y
194|es_PE|0|0|Y|2006-11-10 00:02:24|100|2006-11-10 00:13:27|100|Importar Socios de Negocio|Importar Socios de Negocio||Y
195|es_PE|0|0|Y|2006-11-10 00:02:24|100|2006-11-10 00:13:27|100|Reabrir Solicitud|Reabre una Solicitud Cerrada||Y
50011|es_PE|0|0|Y|2007-02-13 23:35:07|100|2007-02-13 23:35:40|100|Copiar Columnas desde Tabla|Crear columnas del diccionario para una tabla tomando otra como base||N
101|es_PE|0|0|Y|2006-11-10 00:02:24|100|2006-11-10 00:13:27|100|Renumerar|Renumerar entradas de descuentos||Y
314|es_PE|0|0|Y|2006-11-10 00:02:24|100|2006-11-10 00:13:27|100|Valida Socio del Negocio|Verifica la consistencia de los datos del Socio de Negocio|Verifica los pagos y las facturas del Socio de Negocio y verifica el balance|Y
298|es_PE|0|0|Y|2006-11-10 00:02:24|100|2006-11-10 00:13:27|100|Calcule las Medidas|Calcule las Medidas|Calcule/actualize la medida actual.|Y
299|es_PE|0|0|Y|2006-11-10 00:02:24|100|2006-11-10 00:13:27|100|Verifica |Verifica Distribución CG||Y
300|es_PE|0|0|Y|2006-11-10 00:02:24|100|2006-11-10 00:13:27|100|Borra|Cancelación de correspondencia del Registro de la Factura||Y
301|es_PE|0|0|Y|2006-11-10 00:02:24|100|2006-11-10 00:13:27|100|Borra|Deshacer correspondencia de registros de Ordenes de Compra.||Y
302|es_PE|0|0|Y|2006-11-10 00:02:24|100|2006-11-10 00:13:27|100|Asignación (Auto)|Asignación automática de facturas a los pagos     |Asignar facturas a los pagos para un Socio o un Grupo de Socios de Negocio. Usted puede restaurar asignaciones existentes primero.|Y
248|es_PE|0|0|Y|2006-11-10 00:02:24|100|2006-11-10 00:13:27|100|Borrar Importación|Borra todos los datos de la tabla de importación|Usted suprimiría todos los datos en una tabla de la importación, si había un problema con el cargamento de los datos. La cancelación no distingue entre los datos importados y no importados.|Y
252|es_PE|0|0|Y|2006-11-10 00:02:24|100|2006-11-10 00:13:27|100|Detalles de Asientos Contables|Reporte de detalles de asientos contables||Y
293|es_PE|0|0|Y|2006-11-10 00:02:24|100|2006-11-10 00:13:27|100|Detalle de Recibos de Material|Información a Detalle de la Lista de Materiales|El informe se provee del jefe y de la linea de materiales de recepcion de la información de la localización.|Y
294|es_PE|0|0|Y|2006-11-10 00:02:24|100|2006-11-10 00:13:27|100|Detalle de Entregas|Detalle de Información de Entregas|El informe se provee del jefe y del envío de la línea de materiales de la información de la localización. Usted puede utilizar el informe para crear una lista consolidada.|Y
142|es_PE|0|0|Y|2006-11-10 00:02:24|100|2006-11-10 00:13:27|100|Generar Recibos desde Facturas|Crear y procesar recibo de la Entrega desde esta factura. La factura debe estar correcta y completa||Y
147|es_PE|0|0|Y|2006-11-10 00:02:24|100|2006-11-10 00:13:27|100|Procesar Conciliación|||Y
149|es_PE|0|0|Y|2006-11-10 00:02:24|100|2006-11-10 00:13:27|100|Procesar Pago|||Y
150|es_PE|0|0|Y|2006-11-10 00:02:24|100|2006-11-10 00:13:27|100|Revertir Asignación|Esta acción revierte la asignación y permite asignar la factura y pagar de nuevo||Y
173|es_PE|0|0|Y|2006-11-10 00:02:24|100|2006-11-10 00:13:27|100|Crear Cuentas desde BD|Crear columnas de diccionario de tabla que no existe como una columna sino en la base de datos|Si existen columnas adicionadas a esta tabla en la base de datos; este procedimiento crea los registros de columna en el diccionario. Favor tener en cuenta que si estas columnas no estan definidas como de usuario; ellas pueden ser borradas|Y
174|es_PE|0|0|Y|2006-11-10 00:02:24|100|2006-11-10 00:13:27|100|Crear Campos|Crear campo desde la tabla; la cual no existe aun en la pestaña|Basado en la tabla de esta pestaña; este procedimiento crea los campos faltantes|Y
175|es_PE|0|0|Y|2006-11-10 00:02:24|100|2006-11-10 00:13:27|100|Reenviar a Registrar|Reenviar registro de documentos que presentaron errores durante su registro|Documentos con errores de registro son restablecidos la próxima vez que el motor de contabilidad corra; después de arreglar la causa del error (ej. Abrir un período)|Y
176|es_PE|0|0|Y|2006-11-10 00:02:24|100|2006-11-10 00:13:27|100|Restablecer Contabilidad|Restablecer entradas contables|Borra los registros contables de documentos para ser recreados la próxima vez que el motor contable corra. Este es un paso dramático y solo debe ser ejecutado después de cambiar la estructura contable (ej. cambiar las cuentas predeterminadas) si el solucionar el problema a través de entradas de diario manuales no es adecuado.|Y
266|es_PE|0|0|Y|2006-11-10 00:02:24|100|2006-11-10 00:13:27|100|Crea Orden de Compra|Crea Orden de Compra  Para una SPC (RfQ) de los Ganadores|Crea orden(es) de compra para la respuesta(s) y las líneas marcadas como ganador seleccionado usando la cantidad seleccionada de la compra (en la línea cantidad de SPC (RfQ)). Si una respuesta está marcada como ganador seleccionado, se crean todas las líneas (y no hacen caso al ganador seleccionado de otras respuestas). Si no hay respuesta marcada como ganador seleccionado, se utilizan las líneas.|Y
185|es_PE|0|0|Y|2006-11-10 00:02:24|100|2006-11-10 00:13:27|100|Recompilar Objetos de BD|Recompilar objetos de la base de datos|Recompilar funciones; procedimientos; triggers; vistas; etc.|Y
164|es_PE|0|0|Y|2006-11-10 00:02:24|100|2006-11-10 00:13:27|100|Generar Orden|Generar orden desde un proyecto|El proceso de Generar Orden generará una nueva orden basado en el proyecto. Una lista de precios debe ser seleccionada en el proyecto. Cuando el proceso arranca una bodega debe ser seleccionada|Y
165|es_PE|0|0|Y|2006-11-10 00:02:24|100|2006-11-10 00:13:27|100|Copiar De|Copiar líneas desde comisión existente||Y
166|es_PE|0|0|Y|2006-11-10 00:02:24|100|2006-11-10 00:13:27|100|Crear Factura|Crear factura desde cálculo de comisión||Y
1000010|es_PE|0|0|Y|2007-05-16 11:37:08|100|2007-05-18 16:28:29|100|Registro de Compras (Resumido)|Este Reporte genera un resumen por proveedor de todas las compras.||Y
1000013|es_PE|0|0|Y|2007-05-18 18:36:05|100|2007-05-18 18:36:05|100|Sales Report (Summary)|This reports shows the total of sales per client.||N
1000014|es_PE|0|0|Y|2007-05-24 10:14:27|100|2007-05-24 10:15:14|100|Modificar Documento|Modifica algunos campos que normalmente no se pueden modificar. Esta opcion solo deberia ser usada por el Super Usuario o por algun Administrador.||Y
168|es_PE|0|0|Y|2006-11-10 00:02:24|100|2006-11-10 00:13:27|100|Abrir/Cerrar|||Y
169|es_PE|0|0|Y|2006-11-10 00:02:24|100|2006-11-10 00:13:27|100|Procesar Diario|||Y
171|es_PE|0|0|Y|2006-11-10 00:02:24|100|2006-11-10 00:13:27|100|Dar de Baja Cuentas por Cobrar|Dar de baja cuentas por recibir pendientes|Dar de Baja cuentas por recibir causa que las facturas seleccionadas por los criterios para ser marcadas como pagadas y los Totales de las facturas abiertas seran dadas de baja|Y
1000031|es_PE|0|0|Y|2007-11-05 15:03:26|100|2007-11-05 15:04:40|100|Reporte de Conciliacion Bancaria|Reporta la conciliacion del Estado de Cuenta, dado a la fecha del estado de cuenta especificado.||Y
1000033|es_PE|0|0|Y|2008-01-10 11:02:06|0|2008-01-10 11:02:20|0|Actualizacion de stock para el Kardex|||Y
1000032|es_PE|0|0|Y|2007-12-21 17:26:09|0|2007-12-21 17:26:47|0|Reporte de POS|||N
1000036|es_PE|0|0|Y|2008-02-25 17:53:18|100|2008-02-25 17:53:18|100|Import_PriceList|Import_PriceList||N
1000015|es_PE|0|0|Y|2007-05-26 12:38:05|100|2007-05-26 12:38:42|100|Balance de Comprobacion|||Y
50004|es_PE|0|0|Y|2006-12-12 01:35:31|0|2006-12-12 01:35:31|0|PackOut|Process to create package export||N
303|es_PE|0|0|Y|2006-11-10 00:02:24|100|2007-08-17 19:36:28|100|Asignación (Restaura)|Reinicia (Borra) Asignación automática de facturas a los pagos     |Borra Asignaciones para un Socio de Negocio o para un Grupo de Socios de Negocio|Y
153|es_PE|0|0|Y|2006-11-10 00:02:24|100|2006-11-10 00:13:27|100|Procesar en Línea|||Y
154|es_PE|0|0|Y|2006-11-10 00:02:24|100|2006-11-10 00:13:27|100|Generar Facturas desde Recibos|Crear y procesar la factura desde este recibo. El recibo debe esta correcto y completo||Y
155|es_PE|0|0|Y|2006-11-10 00:02:24|100|2006-11-10 00:13:27|100|Crear Pagos|||Y
156|es_PE|0|0|Y|2006-11-10 00:02:24|100|2006-11-10 00:13:27|100|Crear Desde|||Y
162|es_PE|0|0|Y|2006-11-10 00:02:24|100|2006-11-10 00:13:27|100|Reporte Ciclo del Proyecto|Estado del Ciclo de proyecto||Y
215|es_PE|0|0|Y|2006-11-10 00:02:24|100|2006-11-10 00:13:27|100|Establece Tipo de Proyecto|Copia Fases y Tareas de un Tipo de Proyecto en su Proyecto|"
"|Y
184|es_PE|0|0|Y|2006-11-10 00:02:24|100|2006-11-10 00:13:27|100|Procesar Gastos|||Y
103|es_PE|0|0|Y|2006-11-10 00:02:24|100|2006-11-10 00:13:27|100|Crear Lista de Precios|Crear precios basado en parámetros de esta versión|Crear precios para esta versión de lista de precios en la secuencia del esquema de descuentos de lista de precios|Y
104|es_PE|0|0|Y|2006-11-10 00:02:24|100|2006-11-10 00:13:27|100|Procesar Orden|||Y
1000037|es_PE|0|0|Y|2008-12-27 17:41:48|100|2008-12-27 17:41:48|100|Delete Client|Delete Client|Delete Client	|N
1000026|es_PE|0|0|Y|2007-09-12 19:16:36|100|2009-01-13 18:05:35.468|100|kardex|Kardex del producto|El Kardex mantiene el detalle de los movimientos del producto, esto ayuda a la verificacin de stocks en la empresa|Y
1000044|es_PE|0|0|Y|2009-09-22 18:08:15|100|2009-09-22 18:08:15|100|RCIUDAD|||N
211|es_PE|0|0|Y|2006-11-10 00:02:24|100|2009-11-02 14:08:00.593|100|Copiar Lineas|Copiar Lineas Desde otro Documento||Y
346|es_PE|0|0|Y|2006-11-10 00:02:24|100|2009-12-21 16:33:23.551|100|Verificar Lista de Materiales|Verify BOM Structures|The Verify BOM Structures checks the elements and steps which comprise a Bill of Materials.|Y
264|es_PE|0|0|Y|2006-11-10 00:02:24|100|2009-12-21 16:59:38.174|100|Respuesta de Solicitud de Cotización|Detalles Respuesta SPC (RfQ)|Enumera respuestas de detalle de RFQs activos (No cerrados/Procesados) Donde la respuesta esta marcada como completa.|Y
263|es_PE|0|0|Y|2006-11-10 00:02:24|100|2009-12-21 17:00:21.913|100|Solicitud de Cotización Sin Responder|Respuestas RfQ Exepcionales|Enumera respuestas de RfQ activas (No cerradas/Procesadas) donde la respuesta no está marcada como completa.|Y
317|es_PE|0|0|Y|2006-11-10 00:02:24|100|2009-12-21 17:10:32.198|100|Facturas no Asignadas|Facturas no asignadas a los pagos|Reporte de facturas no asignadas (para las facturas de pago/asignado vea parcialmente el articulo abierto)|Y
1000050|es_PE|0|0|Y|2010-01-14 17:33:04|100|2010-01-14 17:53:06.402|100|Importar Letra de Cambio|Importar Letra de Cambio|Los parámetros son valores prefijados para los valores nulos del expediente de la importación, ellos no sobreescriben ningunos datos.|Y
1000081|es_PE|0|0|Y|2010-07-20 09:43:13|100|2010-07-20 09:43:13|100|BOE Client Report|** Special ** Do not change **|Create/Copy your own Format and Process|N
1000082|es_PE|0|0|Y|2010-08-06 19:17:27|100|2010-08-06 19:24:47.723|100|Process BOE|||N
1000083|es_PE|0|0|Y|2010-08-06 19:52:13|100|2010-08-06 19:52:33.844|100|Refinance a BOE|||N
1000069|es_PE|0|0|Y|2010-05-31 15:51:11|100|2010-05-31 15:51:11|100|Formato 3.10||	|N
1000070|es_PE|0|0|Y|2010-05-31 15:53:54|100|2010-05-31 15:53:54|100|Formato 3.11||	|N
1000071|es_PE|0|0|Y|2010-05-31 16:14:53|100|2010-05-31 16:14:53|100|Formato 3.12||	|N
1000072|es_PE|0|0|Y|2010-05-31 16:16:50|100|2010-05-31 16:16:50|100|Formato 3.13||	|N
1000073|es_PE|0|0|Y|2010-05-31 16:18:29|100|2010-05-31 16:18:29|100|Formato 3.14||	|N
1000074|es_PE|0|0|Y|2010-05-31 16:19:55|100|2010-05-31 16:19:55|100|Formato 3.15||	|N
1000080|es_PE|0|0|Y|2010-05-31 16:35:01|100|2010-05-31 16:35:01|100|Formato 3.16||	|N
1000077|es_PE|0|0|Y|2010-05-31 16:25:37|100|2010-05-31 16:25:37|100|Formato 3.18||	|N
1000076|es_PE|0|0|Y|2010-05-31 16:24:10|100|2010-05-31 16:24:10|100|Formato 3.17||	|N
1000078|es_PE|0|0|Y|2010-05-31 16:27:13|100|2010-05-31 16:27:13|100|Formato 3.19||	|N
1000061|es_PE|0|0|Y|2010-05-31 12:01:29|100|2010-05-31 12:01:29|100|Formato 3.2|||N
1000079|es_PE|0|0|Y|2010-05-31 16:28:48|100|2010-05-31 16:28:48|100|Formato 3.20||	|N
1000063|es_PE|0|0|Y|2010-05-31 12:06:21|100|2010-05-31 12:06:21|100|Formato 3.4|||N
1000062|es_PE|0|0|Y|2010-05-31 12:04:38|100|2010-05-31 12:04:38|100|Formato 3.3|||N
1000068|es_PE|0|0|Y|2010-05-31 15:49:29|100|2010-05-31 15:49:29|100|Formato 3.9||	|N
1000064|es_PE|0|0|Y|2010-05-31 12:07:52|100|2010-05-31 12:07:52|100|Formato 3.5|||N
1000065|es_PE|0|0|Y|2010-05-31 12:10:33|100|2010-05-31 12:10:33|100|Formato 3.6|||N
1000018|es_PE|0|0|Y|2007-07-10 14:38:17|100|2009-01-02 18:46:34.437|100|Cuentas por Meses|||N
1000067|es_PE|0|0|Y|2010-05-31 15:43:32|100|2010-05-31 15:43:32|100|Formato 3.8|||N
1000066|es_PE|0|0|Y|2010-05-31 12:12:27|100|2010-05-31 12:12:27|100|Formato 3.7|||N
1000016|es_PE|0|0|Y|2007-06-12 15:50:49|100|2007-07-17 15:17:50|100|Hoja de Trabajo|||N
1000046|es_PE|0|0|Y|2010-01-13 15:56:01|100|2010-01-13 15:58:22.916|100|R_EntregaMaterial|||N
1000041|es_PE|0|0|Y|2009-08-13 00:21:10|100|2009-08-13 00:21:10|100|RV_prodsaldo|||N
1000040|es_PE|0|0|Y|2009-07-31 21:37:00|100|2009-07-31 21:37:00|100|POS Report Product|||N
1000084|es_PE|0|0|Y|2010-08-06 20:04:25|100|2010-08-06 20:04:25|100|C_BOEConfirm|||N
50012|es_PE|0|0|Y|2007-10-25 12:29:09|100|2010-08-17 18:47:24.243|100|Procesador Solicitud de EMail|||N
1000051|es_PE|0|0|Y|2010-04-07 15:10:50|100|2010-08-21 16:40:09.144|100|Refinanciamiento de Letra|||N
50010|es_PE|0|0|Y|2006-12-12 01:35:31|0|2010-08-27 19:38:08.558|100|Copiar Rol|Copiar Rol||N
1000085|es_PE|0|0|Y|2010-10-11 11:08:03|100|2010-10-11 11:08:13.95|100|Facturas Adelanto|||N
1000086|es_PE|0|0|Y|2010-11-26 10:19:49|100|2010-11-26 10:19:49|100|Import Lot|Import Lot||N
1000087|es_PE|0|0|Y|2010-11-29 20:02:54|100|2010-11-29 20:03:09.562|100|SequenceCheck|||Y
1000089|es_PE|0|0|Y|2010-12-12 23:54:30|100|2010-12-12 23:54:30|100|guiadis|||N
1000090|es_PE|0|0|Y|2010-12-12 23:55:00|100|2010-12-12 23:55:00|100|guiacorp|||N
1000091|es_PE|0|0|Y|2010-12-12 23:56:17|100|2010-12-12 23:56:17|100|guiaalmdis|||N
1000092|es_PE|0|0|Y|2010-12-13 09:38:11|100|2010-12-13 09:38:11|100|guiaalmcorp|||N
1000093|es_PE|0|0|Y|2010-12-13 09:40:21|100|2010-12-13 09:40:21|100|guiadis1|||N
1000094|es_PE|0|0|Y|2010-12-13 09:40:40|100|2010-12-13 09:40:40|100|guiacorp|||N
1000102|es_PE|0|0|Y|2010-12-19 18:55:14|100|2010-12-19 18:55:14|100|StorageValidate|||N
1000103|es_PE|0|0|Y|2010-12-21 23:12:49|100|2010-12-21 23:13:03.526|100|ventastienda|||Y
1000107|es_PE|0|0|Y|2011-01-07 14:35:42|100|2011-01-07 14:35:42|100|factcompra|||N
1000108|es_PE|0|0|Y|2011-01-07 16:21:28|100|2011-01-07 16:21:28|100|ventasvendedorproducto|||N
1000109|es_PE|0|0|Y|2011-01-10 23:09:19|100|2011-01-10 23:09:19|100|Orden de Compra C|||N
1000106|es_PE|0|0|Y|2011-01-06 23:11:52|100|2011-01-10 23:10:52.708|100|Orden de Compra D|||Y
1000110|es_PE|0|0|Y|2011-01-12 21:34:19|100|2011-01-12 21:34:26.578|100|packcolgate|||Y
1000111|es_PE|0|0|Y|2011-01-12 23:50:24|100|2011-01-12 23:51:47.254|100|pendientesxvendedor|||Y
1000112|es_PE|0|0|Y|2011-01-13 11:59:09|100|2011-01-13 11:59:09|100|pendientesxcliente|||N
1000114|es_PE|0|0|Y|2011-01-14 15:41:53|100|2011-01-14 15:42:15.436|100|dnotacredito|||Y
1000115|es_PE|0|0|Y|2011-01-25 15:26:27|100|2011-01-25 15:26:27|100|ventasxlinea|||N
1000116|es_PE|0|0|Y|2011-01-28 16:03:29|100|2011-01-28 16:03:29|100|ventasxlineaxtienda|||N
1000120|es_PE|0|0|Y|2011-03-26 13:21:54|100|2011-03-26 13:21:54|100|Ventas_Laboratorio_Linea|||N
1000124|es_PE|0|0|Y|2011-04-04 17:38:56|100|2011-04-04 17:38:56|100|Historial_Cliente|||N
1000125|es_PE|0|0|Y|2011-04-04 18:45:18|100|2011-04-04 18:45:18|100|Historial_de_Cliente|||N
1000127|es_PE|0|0|Y|2011-04-05 18:16:58|100|2011-04-05 18:16:58|100|CreditMemoWizard|||N
1000129|es_PE|0|0|Y|2011-04-28 17:51:38|100|2011-04-28 17:51:38|100|Ventas_x_Laboratorio|||N
1000135|es_PE|0|0|Y|2011-07-20 16:16:23|100|2011-07-20 16:16:23|100|Incentivos_x_Vend_x_Lab|||N
1000136|es_PE|0|0|Y|2011-07-20 17:55:15|100|2011-07-20 17:55:15|100|IncentivoxLab|||N
1000137|es_PE|0|0|Y|2011-08-10 16:50:28|100|2011-08-10 16:50:28|100|Production|||N
1000138|es_PE|0|0|Y|2011-08-17 12:28:04|100|2011-08-17 12:32:23.218|100|Productos por Vencer|||N
1000140|es_PE|0|0|Y|2011-08-29 18:40:58|100|2011-08-29 18:40:58|100|C_Retention Process|||N
1000143|es_PE|0|0|Y|2011-09-07 12:00:39|100|2011-09-07 12:00:44.169|100|LetrasPendientes|||Y
1000141|es_PE|0|0|Y|2011-09-26 09:27:38|100|2011-09-26 09:27:38|100|Vendibles_sin_Laboratorios_Exclusivos|||N
1000150|es_PE|0|0|Y|2011-10-10 09:34:46|100|2011-10-10 09:34:46|100|planilla_de_gasto_por_trabajador|||N
1000153|es_PE|0|0|Y|2011-11-09 10:57:00|100|2011-11-09 10:57:00|100|Cobertura_lab_pcompra|||N
1000155|es_PE|0|0|Y|2011-11-12 12:59:28|100|2011-11-12 12:59:28|100|CuotasVendedorPorLaboratorio|||N
1000156|es_PE|0|0|Y|2011-11-26 13:52:08|100|2011-11-26 13:52:08|100|Vendibles_Exclusivos|||N
1000098|es_PE|0|0|Y|2010-12-16 16:45:13|100|2010-12-16 16:49:28.386|100|RV_POSReportPago|||N
1000128|es_PE|0|0|Y|2011-04-28 16:42:00|100|2011-04-28 16:42:00|100|Compras_Totales|||N
1000088|es_PE|0|0|Y|2010-12-06 16:36:37|100|2010-12-06 16:41:11.306|100|Vendibles|||N
1000096|es_PE|0|0|Y|2010-12-15 11:05:19|100|2010-12-15 11:05:19|100|POS ReportCorr|||N
1000095|es_PE|0|0|Y|2010-12-13 15:12:00|100|2010-12-13 15:12:00|100|RV_POSResumen|||N
1000113|es_PE|0|0|Y|2011-01-13 15:58:07|100|2011-01-13 15:58:11.857|100|stockxlinea|||N
1000101|es_PE|0|0|Y|2010-12-19 16:21:55|100|2010-12-19 16:21:55|100|ProductosTopTen|||N
1000147|es_PE|0|0|Y|2011-09-13 10:03:40|100|2011-09-13 10:03:40|100|Cobertura_tipo_vendedor_lab|||N
1000148|es_PE|0|0|Y|2011-09-13 10:10:44|100|2011-09-13 10:10:44|100|Cobertura_tipo_vendedor_linea|||N
1000146|es_PE|0|0|Y|2011-09-11 16:10:54|100|2011-09-11 16:10:54|100|Cobertura_lab_departamento|||N
1000145|es_PE|0|0|Y|2011-09-11 16:04:30|100|2011-09-11 16:04:30|100|Cobertura_lab|||N
1000144|es_PE|0|0|Y|2011-09-11 15:51:42|100|2011-09-11 15:51:42|100|Cobertura_lab_det|||N
1000134|es_PE|0|0|Y|2011-07-14 19:23:27|100|2011-07-14 19:23:27|100|CoberturaxLab|||N
1000119|es_PE|0|0|Y|2011-03-23 18:45:53|100|2011-03-25 17:31:22.562|100|historial_vendedor|||N
1000133|es_PE|0|0|Y|2011-07-14 09:46:30|100|2011-07-14 09:49:54.578|100|Ventas de Vendedor por Lab|||N
1000157|es_PE|0|0|Y|2011-11-29 10:43:50|100|2011-11-29 10:43:50|100|Compras_de_Laboratorio|||N
1000100|es_PE|0|0|Y|2010-12-19 15:59:24|100|2010-12-19 16:02:35.609|100|ventasvendedor1|||N
1000121|es_PE|0|0|Y|2011-03-30 19:50:28|100|2011-03-30 19:50:28|100|Compras_Proveedores_Detalle|||N
1000131|es_PE|0|0|Y|2011-05-31 16:28:31|100|2011-05-31 16:28:31|100|Vendiblesxlinea|||N
1000099|es_PE|0|0|Y|2010-12-16 20:26:12|100|2010-12-16 20:26:12|100|RV_POSReportPago2|||N
1000160|es_PE|0|0|Y|2011-12-05 15:13:33|100|2011-12-05 15:13:33|100|Estado de Cta Proveedor|||N
1000164|es_PE|0|0|Y|2011-12-29 12:34:30|100|2011-12-29 12:34:30|100|RatioProducto|||N
1000167|es_PE|0|0|Y|2012-01-17 19:53:42|100|2012-01-17 19:53:42|100|CopyCampaign|CopyCampaign||N
1000173|es_PE|0|0|Y|2012-02-20 18:27:21|100|2012-02-20 18:27:21|100|Ranking Laboratorios|||N
1000174|es_PE|0|0|Y|2012-02-21 09:40:02|100|2012-02-21 09:40:02|100|Vendibles Consumo|||N
1000177|es_PE|0|0|Y|2012-03-01 15:45:09|100|2012-03-01 15:45:09|100|Ventas Laboratorio|||N
1000178|es_PE|0|0|Y|2012-03-15 17:37:32|100|2012-03-15 17:37:32|100|dbtoxml|||N
1000179|es_PE|0|0|Y|2012-09-19 17:17:27|100|2012-09-19 17:17:27|100|CopyColumnsFromTemplate|||N
1000180|es_PE|0|0|Y|2012-10-12 12:05:55|100|2012-10-12 12:05:55|100|CopyTablesFromDatabase|||N
144|es_PE|0|0|Y|2006-11-10 00:02:24|100|2006-11-10 00:13:27|100|Procesar Caja|||N
1000181|es_PE|0|0|Y|2013-12-23 16:13:06|100|2013-12-23 16:13:06|100|InventoryConsolidateFromStockTaking|||N
1000030|es_PE|0|0|Y|2007-10-31 10:19:28|100|2007-10-31 10:19:39|100|Cierre Anual de Contabilidad|||N
1000182|es_PE|0|0|Y|2015-08-11 20:44:16|0|2015-08-11 20:44:16|0|BOEGenerate|BOEGenerate|BOEGenerate|N
1000183|es_PE|0|0|Y|2016-05-02 16:13:38|100|2016-05-02 16:14:51.896|100|Formato 1.1.1||Libro de Caja Efectivo Resumido|Y
1000053|es_PE|0|0|Y|2010-05-13 17:01:14|100|2010-05-13 17:01:14|100|Formato 1.2|||N
1000184|es_PE|0|0|Y|2016-05-02 16:51:01|100|2016-05-02 16:51:01|100|Formato 1.2.1||Libro de Bancos Resumido|N
1000052|es_PE|0|0|Y|2010-05-13 16:52:38|100|2010-05-13 16:52:46.915|100|Formato 1.1|||N
1000055|es_PE|0|0|Y|2010-05-24 16:21:15|100|2016-05-02 17:12:12.207|100|Formato 14.1|||Y
1000185|es_PE|0|0|Y|2016-05-02 17:16:38|100|2016-05-02 17:16:38|100|Formato 14.1.2||Libro de Registro de ventas Resumido|N
1000058|es_PE|0|0|Y|2010-05-31 11:53:54|100|2010-05-31 11:53:54|100|Formato 3.1|||N
1000197|es_PE|0|0|Y|2016-05-10 16:51:32|100|2016-05-10 16:51:32|100|CtasDetalle_Doc||Muestra el detalle de registros involucrados en un detereminado tipo de documento para una cuenta especifica|N
1000186|es_PE|0|0|Y|2016-05-03 10:29:10|100|2016-05-03 10:29:10|100|Formato 3.17A|||N
1000056|es_PE|0|0|Y|2010-05-24 16:49:59|100|2010-05-24 16:49:59|100|Formato 5.1|||N
1000189|es_PE|0|0|Y|2016-05-03 16:31:37|100|2016-05-03 16:31:37|100|Formato 5.1.1||Libro Diario agrupado por fact_id para reducir el numero de hojas a imprimirse|N
1000190|es_PE|0|0|Y|2016-05-03 16:42:02|100|2016-05-03 16:42:02|100|Formato 5.1.2||Libro Diario el 5.1.2 agrupado por fact_id solo tomando los 2 primeros digitos solo en el caso de 14 (Ventas)|N
1000198|es_PE|0|0|Y|2016-05-10 16:54:50|100|2016-05-10 16:54:50|100|Ctas_Doc||Muestra el resumen de las cuentas invoulucradas en un determinado tipo de documento|N
1000057|es_PE|0|0|Y|2010-05-24 16:51:40|100|2010-05-24 16:51:40|100|Formato 6.1|||N
1000191|es_PE|0|0|Y|2016-05-03 17:09:47|100|2016-05-03 17:09:47|100|Formato 6.1.1||Libro Mayor Agrupado por fact_id|N
1000192|es_PE|0|0|Y|2016-05-03 17:19:57|100|2016-05-03 17:19:57|100|Formato 6.1.2||LIbro Mayor agrupado libro 14|N
1000199|es_PE|0|0|Y|2016-05-10 17:05:09|100|2016-05-10 17:05:09|100|CtaResumen_VentasTipoDoc||Muestra un resumen de laa cuentas del libro 14, agrupandolas por tipo de documento|N
1000200|es_PE|0|0|Y|2016-05-10 17:13:01|100|2016-05-10 17:13:01|100|CtaResumen_Ventas||Muestra un resumen de las cuentas del libro 14|N
1000175|es_PE|0|0|Y|2012-02-22 09:39:19|100|2012-02-22 09:39:19|100|DAOT clientes|||N
1000193|es_PE|0|0|Y|2016-05-03 18:39:15|100|2016-05-03 18:39:15|100|DAOT resumen_Clientes|||N
1000201|es_PE|0|0|Y|2016-05-10 17:17:14|100|2016-05-10 17:17:14|100|CtaResumen_ComprasTipoDoc||Muestra un resumen de las cuentas del libro 08 agrupadas por tipo de documento|N
1000176|es_PE|0|0|Y|2012-02-22 13:38:14|100|2012-02-22 13:38:14|100|DAOT Proveedores|||N
1000194|es_PE|0|0|Y|2016-05-03 18:43:51|100|2016-05-03 18:43:51|100|DAOT Resumen_Proveedor||Reporte DAOT resumiendo todos los Proveedores|N
1000170|es_PE|0|0|Y|2012-01-18 18:34:03|100|2012-01-18 18:34:14.911|100|Analisi Cta 6|||N
1000203|es_PE|0|0|Y|2016-05-10 17:25:35|100|2016-05-10 17:25:35|100|Cta_libro||Muestra las transacciones de una determinada cuenta para un libro especifico|N
1000171|es_PE|0|0|Y|2012-01-25 10:20:23|100|2016-05-04 18:22:41.383|100|Compras Totales|||Y
1000163|es_PE|0|0|Y|2011-12-21 11:00:40|100|2011-12-21 11:00:40|100|RankingVendedores|||N
1000054|es_PE|0|0|Y|2010-05-24 16:17:17|100|2010-05-24 16:17:17|100|Formato 8.1|||N
1000204|es_PE|0|0|Y|2016-05-10 18:31:14|100|2016-05-10 18:31:14|100|ObligxSocAFecha||Muestra las obligaciones pendientes por socio a una fecha determinada|N
1000195|es_PE|0|0|Y|2016-05-10 16:39:28|100|2016-05-10 16:41:48.621|100|CostoContable||Muestra un resumen de las cuentas relacionadas con el costo|Y
1000196|es_PE|0|0|Y|2016-05-10 16:46:23|100|2016-05-10 16:46:23|100|CtasResumen_ComprasTipDocImp||Muestra un resumen de las cuentas del libro 08, agrupandolas por tipo de documento afectas e inafectas|N
1000165|es_PE|0|0|Y|2012-01-13 09:42:51|100|2012-01-13 09:42:51|100|Estado De Cuentas Bancario||	|N
1000205|es_PE|0|0|Y|2016-05-11 09:47:22|100|2016-05-11 09:51:45.5|100|ObligxMesxSocio||El reporte muestra los documentos pendientes por cada socio de negocio por año, si desea ver todas las deudas saque el reporte por cada año, este reporte se basa en la fecha de vencimiento de cada documento|Y
1000206|es_PE|0|0|Y|2016-05-11 09:57:56|100|2016-05-11 09:57:56|100|ObligxMesxDoc||Muestra las obligaciones pendientes por año agrupadas por meses y listadas por los tipos de documento|N
1000207|es_PE|0|0|Y|2016-05-11 10:09:00|100|2016-05-11 10:09:00|100|CobranzasxVendxFecha||Muestra si las cobranzas efectuadas por los vendedores fueron realizadas en su fecha, de forma anticipada o con atrazo|N
1000208|es_PE|0|0|Y|2016-05-11 10:33:25|100|2016-05-11 10:33:25|100|CobranzasxVendxDocxFecha||Muestra el detalle de laa cobranzas por determinado Vendedor|N
1000209|es_PE|0|0|Y|2016-05-11 15:25:30|100|2016-05-11 15:25:30|100|rankingClientesTodo||Muestra un ranking de las ventas ordenadas por cliente|N
1000210|es_PE|0|0|Y|2016-05-11 15:38:41|100|2016-05-11 15:38:41|100|CoberturaxLaboratorio||Muestra el listadode clientes qe adquirieron un producto de determinado laboratorio|N
1000159|es_PE|0|0|Y|2011-12-05 15:08:13|100|2011-12-05 15:08:13|100|Estado de Cta Cliente|||N
1000202|es_PE|0|0|Y|2016-05-10 17:20:15|100|2016-05-10 17:20:15|100|CtaResumen_Compras||Muestra un resumen de las cuentas del libro 14|N
1000212|es_PE|0|0|Y|2016-05-11 16:19:04|100|2016-05-11 16:19:04|100|VentasVendedorxProducto||Muestra las ventas de un producto para un determinado laboratorio, agrupado por vendedor|N
1000211|es_PE|0|0|Y|2016-05-11 16:06:01|100|2016-05-11 16:06:01|100|ventasVendedorxLab||Muestra las venas de un vendedor agrupadas por laboratorio|N
1000213|es_PE|0|0|Y|2016-05-11 18:04:17|100|2016-05-11 18:04:17|100|RankingProductos||Muestra las ventas de los productos top de un determinado laboratorio |N
1000214|es_PE|0|0|Y|2016-05-11 18:44:30|100|2016-05-11 18:44:30|100|RankingProductosQuebrados||Muestra las ventas de aquellos productos con estock cero|N
1000216|es_PE|0|0|Y|2016-05-11 19:16:44|100|2016-05-11 19:16:44|100|StockValorizadoLab||Muestra el stock valorizado a precio compra por laboratorio|N
1000215|es_PE|0|0|Y|2016-05-11 19:05:46|100|2016-05-11 19:05:46|100|StockValorizado||Muestra el stock valorizado seguna la lista de precios de compra|N
1000217|es_PE|0|0|Y|2016-05-11 19:30:30|100|2016-05-11 19:30:30|100|CoberturaClientesLaboratorio||Muestra las ventas de un determinado laboratorio por Cliente|N
1000218|es_PE|0|0|Y|2016-05-12 10:11:20|100|2016-05-12 10:11:20|100|CoberturaVendedorContadoCredito||Muestra las ventas por tipo de vendedor por termino de pago|N
1000219|es_PE|0|0|Y|2016-05-12 10:20:36|100|2016-05-12 10:20:36|100|ComparativoVentasDiarias||Muestra el comparativo de las ventas diarias sin igv|N
1000220|es_PE|0|0|Y|2016-05-12 10:24:07|100|2016-05-12 10:24:07|100|ComparativoVentasDiariasIGV||Muestra el comparativo de las ventas por dia con igv|N
1000221|es_PE|0|0|Y|2016-05-12 10:31:57|100|2016-05-12 10:31:57|100|ComparativoVentasMensual||Muestra el comparativo de las ventas mensualmente|N
1000222|es_PE|0|0|Y|2016-05-12 10:38:47|100|2016-05-12 10:38:47|100|VentasCobranzaVendedorSinIGV||Muestra las ventas cobradas por el vendedor por termino de pago|N
1000223|es_PE|0|0|Y|2016-05-12 10:42:01|100|2016-05-12 10:42:01|100|VentasCobranzaVendedor||Muestra las ventas cobradas por el vendedor por termino de pago|N
1000224|es_PE|0|0|Y|2016-05-12 10:49:09|100|2016-05-12 10:49:09|100|resumenCoberturaVendedor||Muestra un resumen de las ventas agrupadas por vendedor, mostrando los terminos de pago|N
1000225|es_PE|0|0|Y|2016-05-12 10:55:48|100|2016-05-12 10:55:48|100|CoberturaVendedorCliente||Muestra ls ventas detalladas por cliente de cada vendedor, incluyendo numero de facturas emitidas y anuladas|N
1000226|es_PE|0|0|Y|2016-05-12 11:03:27|100|2016-05-12 11:03:27|100|historicoPendientesVendedor||Muestra las cuentas pendientes detallado por cliente de cada vendedor|N
1000227|es_PE|0|0|Y|2016-05-12 11:10:36|100|2016-05-12 11:10:36|100|historicoVentasxLab||Muestra las ventas por Mes de los productos de determinado laboratorio (laboratorio_id)|N
1000228|es_PE|0|0|Y|2016-05-12 11:24:07|100|2016-05-12 11:24:07|100|historicoLab||Muestra las ventas y las compras detallado por producto de determinado laboratorio|N
1000230|es_PE|0|0|Y|2016-05-12 11:44:45|100|2016-05-12 11:44:45|100|historicoVentasProductoCorpo||Muestra las ventas por productos de un laboratorio o todos|N
1000251|es_PE|0|0|Y|2016-05-14 11:46:11|100|2016-05-14 11:46:11|100|cajaContados||Muestra las el total de ventas por caja (c_cashbook_id)|N
1000229|es_PE|0|0|Y|2016-05-12 11:31:17|100|2016-05-12 11:45:04.938|100|historicoVentasxLabMas||Muestra las ventas por productos de un determinado laboratorio|N
1000231|es_PE|0|0|Y|2016-05-12 11:54:01|100|2016-05-12 11:54:01|100|historicoLabMas||Muestra las compras y ventas de los productos para determinado laboratorio|N
1000232|es_PE|0|0|Y|2016-05-12 12:11:32|100|2016-05-12 12:11:32|100|historicoVentasxMes||Muestra las ventas por mes por laboratorio|N
1000233|es_PE|0|0|Y|2016-05-12 12:21:37|100|2016-05-12 12:21:37|100|ventasacumuladasxclientexlab||Muestra las ventas acumuladas por laboratorio de un determinado socio|N
1000234|es_PE|0|0|Y|2016-05-12 12:29:26|100|2016-05-12 12:29:26|100|VentasLineasEstrategicas||Muestra las ventas por determinado grupo de vendedores de las lineas estrategicas|N
1000235|es_PE|0|0|Y|2016-05-12 15:08:52|100|2016-05-12 15:08:52|100|VentasDDLA||Muestra las ventas de las lineas propias|N
1000236|es_PE|0|0|Y|2016-05-12 15:27:03|100|2016-05-12 15:27:03|100|ventasvendedor||Muestra las ventas en forma grafica de todos los vendedores de un determinado grupo|N
1000238|es_PE|0|0|Y|2016-05-12 16:44:50|100|2016-05-12 16:44:50|100|documentospendientesproveedor||Muestra los documentos pendientes por cada proveedor, grupo de proveedores o todos, a una fecha determinada|N
1000239|es_PE|0|0|Y|2016-05-12 17:45:06|100|2016-05-12 17:45:06|100|IngresoProductos||Muestra los productos comprados por fecha de creacion de la compra|N
1000240|es_PE|0|0|Y|2016-05-12 18:01:39|100|2016-05-12 18:01:39|100|productosIngresados||Muestra los productos comprados por fecha de factura|N
1000241|es_PE|0|0|Y|2016-05-12 18:13:13|100|2016-05-12 18:13:13|100|rbt||Muestra los rebates a un proveedor|N
1000242|es_PE|0|0|Y|2016-05-13 09:52:34|100|2016-05-13 09:52:34|100|ingresos_a_almacenes||Muestra los ingresos al almacen de las compras ordenadas por producto|N
1000243|es_PE|0|0|Y|2016-05-13 10:12:12|100|2016-05-13 10:12:12|100|psicotropicos_nuevo||Muestra el detalle de las ventas de productos deuna determinada categoria|N
1000244|es_PE|0|0|Y|2016-05-13 10:34:59|100|2016-05-13 10:34:59|100|Mod_historial_compras_cliente||Muestra las ventas detalladas a un determinado cliente|N
1000245|es_PE|0|0|Y|2016-05-13 11:11:21|100|2016-05-13 11:11:21|100|PendientesxclienteMorosidad||Muestra las facturas pendientes por vendedor y/o socio de negocio|N
1000246|es_PE|0|0|Y|2016-05-13 14:35:04|100|2016-05-13 14:35:04|100|vendibleCorporacion||Muestra el vendible de corporacion|N
1000247|es_PE|0|0|Y|2016-05-13 19:07:08|100|2016-05-13 19:07:08|100|BajaRotacion||Muestra los productos con baja rotacion desde la cantidad indicada|N
1000248|es_PE|0|0|Y|2016-05-13 19:39:42|100|2016-05-13 19:39:42|100|StockPorLab||Muestra el stock actual por laboratorio (laboratotio_id)|N
1000249|es_PE|0|0|Y|2016-05-13 19:52:37|100|2016-05-13 19:52:37|100|StockNoCoincide||Muestra las diferencias de stock entre el calculo carding y las transacciones|N
1000250|es_PE|0|0|Y|2016-05-13 20:04:38|100|2016-05-13 20:04:38|100|StockxLabPrecio||Muestra el stock por laboratorio (laboratorio_id) o marca (m_product_brand_id) valorizado por la lista seleccionada|N
1000252|es_PE|0|0|Y|2016-05-14 12:22:10|100|2016-05-14 12:22:10|100|cajaCreditos||Muestra las ventas al credito por caja|N
328|es_PE|0|0|Y|2006-11-10 00:02:24|100|2006-11-10 00:13:27|100|Encriptar Columna |Comprobar y Permitir Encriptar Columna |"De permitir el almacenaje encriptado o remover el encriptado es peligroso pues puede  perder información. Necesita verificar que la columna sea lo suficientemente grande para soportar los valores encriptados.Usted puede proporcionar su propio método de encriptado, pero no puede cambiarlo si lo a habilitado.  <br>
La implementación predeterminada soporta US ASCII conversión de cadena (no Unicode,Números, Fechas)<br>
Note que el soporte es restringido para configurar y probar, pero no recupera datos."|N
1000253|es_PE|0|0|Y|2016-09-27 18:57:28|100|2016-09-27 18:57:28|100|Formato 14.1.1R||Libro de Registro de ventas Resumido|N
1000254|es_PE|0|0|Y|2016-09-27 19:03:52|100|2016-09-27 19:03:52|100|Formato 5.1.3||Libro Diario|N
1000255|es_PE|0|0|Y|2016-09-27 19:10:21|100|2016-09-27 19:10:21|100|Formato 6.1.3||Libro Mayor|N
1000256|es_PE|0|0|Y|2016-09-28 09:18:39|100|2016-09-28 09:18:39|100|Formato 8.1.1||Libro Registro de Compras para exportar|N
1000257|es_PE|0|0|Y|2016-09-28 10:48:19|100|2016-09-28 10:48:19|100|Estado de Cta Cliente Todo||Muestra los docuentos emitidos y cobrados asi como los documentos pendientes, el rango de fecha es para los documentos cobrados|N
1000258|es_PE|0|0|Y|2016-10-30 12:45:51|100|2016-10-30 12:45:51|100|GLBookItem|||N
1000259|es_PE|0|0|Y|2017-12-22 23:00:40|0|2017-12-22 23:00:40|0|AverageCostMonth|Average Cost Calculation by Month|Average Cost calculated by Month from M_Transaction|N
1000260|es_PE|0|0|Y|2017-12-22 23:00:41|0|2017-12-22 23:00:41|0|CopyPOSColumnsFromTemplate|||N
1000261|es_PE|0|0|Y|2017-12-22 23:00:41|0|2017-12-22 23:00:41|0|LoadTransaction|Load Transaction|Load Transaction|N
1000262|es_PE|0|0|Y|2017-12-22 23:00:41|0|2017-12-22 23:00:41|0|CopyPOPColumnsFromTemplate|||N
