1000001|es_PE|0|0|Y|2007-09-06 17:56:03|100|2007-09-06 17:56:10|100|C_DocType Ventas|||Y
283|es_PE|0|0|Y|2006-11-10 00:02:24|100|2006-11-10 00:13:49|100|C_Recurring Frequency|||Y
282|es_PE|0|0|Y|2006-11-10 00:02:24|100|2006-11-10 00:13:49|100|C_Recurring Type|||Y
35|es_PE|0|0|Y|2006-11-10 00:02:24|100|2006-11-10 00:13:49|100|PAttribute|Product Attribute||Y
284|es_PE|0|0|Y|2006-11-10 00:02:24|100|2006-11-10 00:13:49|100|AD_Window|||Y
104|es_PE|0|0|Y|2006-11-10 00:02:24|100|2006-11-10 00:13:49|100|AD_Menu Action|Lista de acción de Menú||Y
105|es_PE|0|0|Y|2006-11-10 00:02:24|100|2006-11-10 00:13:49|100|AD_Menu Parent|Selección Maestra de Menú||Y
106|es_PE|0|0|Y|2006-11-10 00:02:24|100|2006-11-10 00:13:49|100|AD_Language|Selección de Lenguaje||Y
392|es_PE|0|0|Y|2006-11-10 00:02:24|100|2006-11-10 00:02:24|100|C_AcctSchema TaxCorrectionType|||N
389|es_PE|0|0|Y|2006-11-10 00:02:24|100|2006-11-10 00:02:24|100|_EntityTypeNew|||N
271|es_PE|0|0|Y|2006-11-10 00:02:24|100|2006-11-10 00:13:49|100|C_OrderLine|Línea de la Orden||Y
270|es_PE|0|0|Y|2006-11-10 00:02:24|100|2006-11-10 00:13:49|100|M_Product_ProductType|||Y
268|es_PE|0|0|Y|2006-11-10 00:02:24|100|2006-11-10 00:13:49|100|AD_PrintFormat Check|||Y
150|es_PE|0|0|Y|2006-11-10 00:02:24|100|2006-11-10 00:13:49|100|C_Order InvoiceRule|Lista de Reglas de Facturación||Y
151|es_PE|0|0|Y|2006-11-10 00:02:24|100|2006-11-10 00:13:49|100|C_Order DeliveryRule|Lista de Reglas de Despacho||Y
152|es_PE|0|0|Y|2006-11-10 00:02:24|100|2006-11-10 00:13:49|100|C_Order DeliveryViaRule|Lista de Reglas de vías de despacho||Y
153|es_PE|0|0|Y|2006-11-10 00:02:24|100|2006-11-10 00:13:49|100|C_Order FreightCostRule|Lista de reglas de costo de envío||Y
154|es_PE|0|0|Y|2006-11-10 00:02:24|100|2006-11-10 00:13:49|100|All_PriorityRule|Lista de escala de prioridad||Y
155|es_PE|0|0|Y|2006-11-10 00:02:24|100|2006-11-10 00:13:49|100|M_DiscountPriceList RoundingRule|Lista de reglas de redondeo de precio||Y
156|es_PE|0|0|Y|2006-11-10 00:02:24|100|2006-11-10 00:13:49|100|C_Country|Selección de País||Y
157|es_PE|0|0|Y|2006-11-10 00:02:24|100|2006-11-10 00:13:49|100|C_Region|Selección de Región||Y
158|es_PE|0|0|Y|2006-11-10 00:02:24|100|2006-11-10 00:13:49|100|C_Tax|Selección de Impuesto||Y
159|es_PE|0|0|Y|2006-11-10 00:02:24|100|2006-11-10 00:13:49|100|C_BPartner Location|Localizaciones de un socio del negocio||Y
161|es_PE|0|0|Y|2006-11-10 00:02:24|100|2006-11-10 00:13:49|100|M_Product Parent|||Y
162|es_PE|0|0|Y|2006-11-10 00:02:24|100|2006-11-10 00:13:49|100|M_Product (no summary)|Selección de Producto; no resumen||Y
163|es_PE|0|0|Y|2006-11-10 00:02:24|100|2006-11-10 00:13:49|100|M_Product Category|||Y
164|es_PE|0|0|Y|2006-11-10 00:02:24|100|2006-11-10 00:13:49|100|M_Replenish Type|||Y
166|es_PE|0|0|Y|2006-11-10 00:02:24|100|2006-11-10 00:13:49|100|M_PriceList|||Y
167|es_PE|0|0|Y|2006-11-10 00:02:24|100|2006-11-10 00:13:49|100|Weekdays|||Y
168|es_PE|0|0|Y|2006-11-10 00:02:24|100|2006-11-10 00:13:49|100|C_InvoiceSchedule InvoiceFrequency|||Y
169|es_PE|0|0|Y|2006-11-10 00:02:24|100|2006-11-10 00:13:49|100|C_Project Parent|||Y
170|es_PE|0|0|Y|2006-11-10 00:02:24|100|2006-11-10 00:13:49|100|C_DocType|||Y
171|es_PE|0|0|Y|2006-11-10 00:02:24|100|2006-11-10 00:13:49|100|M_Product (stocked)|||Y
172|es_PE|0|0|Y|2006-11-10 00:02:24|100|2006-11-10 00:13:49|100|C_DocType SO|||Y
173|es_PE|0|0|Y|2006-11-10 00:02:24|100|2006-11-10 00:13:49|100|C_BPartner Customers|Selección de Cliente||Y
174|es_PE|0|0|Y|2006-11-10 00:02:24|100|2006-11-10 00:13:49|100|AD_Workflow|Flujo de Trabajo||Y
175|es_PE|0|0|Y|2006-11-10 00:02:24|100|2006-11-10 00:13:49|100|C_ValidCombination|Combinaciones de Cuenta Válida||Y
176|es_PE|0|0|Y|2006-11-10 00:02:24|100|2006-11-10 00:13:49|100|C_PeriodControl Action|||Y
177|es_PE|0|0|Y|2006-11-10 00:02:24|100|2006-11-10 00:13:49|100|C_PeriodControl Status|||Y
178|es_PE|0|0|Y|2006-11-10 00:02:24|100|2006-11-10 00:13:49|100|GL_Budget Status|||Y
179|es_PE|0|0|Y|2006-11-10 00:02:24|100|2006-11-10 00:13:49|100|C_SalesRegion Parent|||Y
180|es_PE|0|0|Y|2006-11-10 00:02:24|100|2006-11-10 00:13:49|100|All_ErrorType|Lista de tipo de errores||Y
181|es_PE|0|0|Y|2006-11-10 00:02:24|100|2006-11-10 00:13:49|100|C_AcctSchema ElementType|Tipos de elementos para elementos contables|Tipos de elementos definidos en forma fija|Y
182|es_PE|0|0|Y|2006-11-10 00:02:24|100|2006-11-10 00:13:49|100|C_ElementValue|Valores de elemento sin elementos de resumen||Y
184|es_PE|0|0|Y|2006-11-10 00:02:24|100|2006-11-10 00:13:49|100|AD_Tree|Selección de árbol||Y
188|es_PE|0|0|Y|2006-11-10 00:02:24|100|2006-11-10 00:13:49|100|M_PriceList Version|||Y
189|es_PE|0|0|Y|2006-11-10 00:02:24|100|2006-11-10 00:13:49|100|M_Movement Type|||Y
190|es_PE|0|0|Y|2006-11-10 00:02:24|100|2006-11-10 00:13:49|100|AD_User SalesRep|Representante de Ventas||Y
191|es_PE|0|0|Y|2006-11-10 00:02:24|100|2006-11-10 00:13:49|100|M_Locator|Localización de Almacén||Y
192|es_PE|0|0|Y|2006-11-10 00:02:24|100|2006-11-10 00:13:49|100|C_BPartner Vendors|Selección de Proveedor||Y
193|es_PE|0|0|Y|2006-11-10 00:02:24|100|2006-11-10 00:13:49|100|C_BankAccount for Credit Card|||Y
194|es_PE|0|0|Y|2006-11-10 00:02:24|100|2006-11-10 00:13:49|100|M_DiscountPriceList Base|||Y
195|es_PE|0|0|Y|2006-11-10 00:02:24|100|2006-11-10 00:13:49|100|All_Payment Rule|Opciones de pago a/de||Y
196|es_PE|0|0|Y|2006-11-10 00:02:24|100|2006-11-10 00:13:49|100|C_RevenueRecognition Frequency|Frecuencia de Reconocimiento de Ingresos||Y
197|es_PE|0|0|Y|2006-11-10 00:02:24|100|2006-11-10 00:13:49|100|M_Warehouse of Client|||Y
198|es_PE|0|0|Y|2006-11-10 00:02:24|100|2006-11-10 00:13:49|100|M_Inventory ReportType|||Y
33|es_PE|0|0|Y|2006-11-10 00:02:24|100|2006-11-10 00:13:49|100|Asignación|Asignación de Recursos||Y
323|es_PE|0|0|Y|2006-11-10 00:02:24|100|2006-11-10 00:13:49|100|C_Allocation|||Y
252|es_PE|0|0|Y|2006-11-10 00:02:24|100|2006-11-10 00:13:49|100|C_BPartner Employee|Socios del Negocio que son empleados||Y
253|es_PE|0|0|Y|2006-11-10 00:02:24|100|2006-11-10 00:13:49|100|AD_Print Field Alignment|||Y
254|es_PE|0|0|Y|2006-11-10 00:02:24|100|2006-11-10 00:13:49|100|AD_Print Line Alignment|||Y
255|es_PE|0|0|Y|2006-11-10 00:02:24|100|2006-11-10 00:13:49|100|AD_Print Format|||Y
256|es_PE|0|0|Y|2006-11-10 00:02:24|100|2006-11-10 00:13:49|100|AD_Print Area|||Y
257|es_PE|0|0|Y|2006-11-10 00:02:24|100|2006-11-10 00:13:49|100|AD_Column Integer|Solo tipo enteros (Nombre)||Y
258|es_PE|0|0|Y|2006-11-10 00:02:24|100|2006-11-10 00:13:49|100|AD_Column YesNo|Columna Si/No (Nombre)||Y
259|es_PE|0|0|Y|2006-11-10 00:02:24|100|2006-11-10 00:13:49|100|AD_PrintFormat|||Y
261|es_PE|0|0|Y|2006-11-10 00:02:24|100|2006-11-10 00:13:49|100|AD_PrintFormat Invoice|||Y
262|es_PE|0|0|Y|2006-11-10 00:02:24|100|2006-11-10 00:13:49|100|AD_PrintFormat Order|||Y
263|es_PE|0|0|Y|2006-11-10 00:02:24|100|2006-11-10 00:13:49|100|AD_PrintFormat Shipment|||Y
199|es_PE|0|0|Y|2006-11-10 00:02:24|100|2006-11-10 00:13:49|100|M_PriceList_Version for Client|||Y
200|es_PE|0|0|Y|2006-11-10 00:02:24|100|2006-11-10 00:13:49|100|C_Charge|||Y
201|es_PE|0|0|Y|2006-11-10 00:02:24|100|2006-11-10 00:13:49|100|C_BP_EDI EDI Type|||Y
202|es_PE|0|0|Y|2006-11-10 00:02:24|100|2006-11-10 00:13:49|100|M_EDI Status|||Y
203|es_PE|0|0|Y|2006-11-10 00:02:24|100|2006-11-10 00:13:49|100|M_EDI Trx Type|||Y
204|es_PE|0|0|Y|2006-11-10 00:02:24|100|2006-11-10 00:13:49|100|AD_Find AndOr|||Y
299|es_PE|0|0|Y|2006-11-10 00:02:24|100|2006-11-10 00:13:49|100|WF_DurationUnit|||Y
300|es_PE|0|0|Y|2006-11-10 00:02:24|100|2006-11-10 00:13:49|100|WF_Transition Type|||Y
126|es_PE|0|0|Y|2006-11-10 00:02:24|100|2006-11-10 00:13:49|100|AD_Table Replication Strategy|Lista de estrategia de Replicación||Y
277|es_PE|0|0|Y|2006-11-10 00:02:24|100|2006-11-10 00:13:49|100|C_BPartner Employee w Address|Business Partners who are Employee and have addresses||Y
278|es_PE|0|0|Y|2006-11-10 00:02:24|100|2006-11-10 00:13:49|100|AD_Tab|||Y
279|es_PE|0|0|Y|2006-11-10 00:02:24|100|2006-11-10 00:13:49|100|M_Product BOM Type|||Y
34|es_PE|0|0|Y|2006-11-10 00:02:24|100|2006-11-10 00:13:49|100|Memo|Large Text - Character String up to 2000 characters||Y
286|es_PE|0|0|Y|2006-11-10 00:02:24|100|2006-11-10 00:13:49|100|AD_User - Internal|Employee or SalesRep||Y
128|es_PE|0|0|Y|2006-11-10 00:02:24|100|2006-11-10 00:13:49|100|AD_Sequence for Documents|Selección de secuencia para documento||Y
129|es_PE|0|0|Y|2006-11-10 00:02:24|100|2006-11-10 00:13:49|100|AD_Client|Selección de Cliente||Y
130|es_PE|0|0|Y|2006-11-10 00:02:24|100|2006-11-10 00:13:49|100|AD_Org (Trx)|Selección de Organización; no resumen; no 0||Y
131|es_PE|0|0|Y|2006-11-10 00:02:24|100|2006-11-10 00:13:49|100|All_Document Status|Lista de estado de Documentos||Y
132|es_PE|0|0|Y|2006-11-10 00:02:24|100|2006-11-10 00:13:49|100|C_Accounts|Selección de Cuenta||Y
133|es_PE|0|0|Y|2006-11-10 00:02:24|100|2006-11-10 00:13:49|100|C_Location|Selección de Localización||Y
134|es_PE|0|0|Y|2006-11-10 00:02:24|100|2006-11-10 00:13:49|100|C_Accounts - User1|Selección de Usuario1||Y
135|es_PE|0|0|Y|2006-11-10 00:02:24|100|2006-11-10 00:13:49|100|All_Document Action|Lista de acción en Documentos||Y
136|es_PE|0|0|Y|2006-11-10 00:02:24|100|2006-11-10 00:13:49|100|C_AcctSchema|Selección de esquema contable||Y
322|es_PE|0|0|Y|2006-11-10 00:02:24|100|2006-11-10 00:13:49|100|AD_Org (all but 0)|Organization selection||Y
137|es_PE|0|0|Y|2006-11-10 00:02:24|100|2006-11-10 00:13:49|100|C_Accounts - User2|Selección Usuario 2||Y
138|es_PE|0|0|Y|2006-11-10 00:02:24|100|2006-11-10 00:13:49|100|C_BPartner|Selección de Socio del Negocio (no resumen)||Y
141|es_PE|0|0|Y|2006-11-10 00:02:24|100|2006-11-10 00:13:49|100|C_Project|Selección de Proyecto||Y
142|es_PE|0|0|Y|2006-11-10 00:02:24|100|2006-11-10 00:13:49|100|C_Activity|Selección de Actividad||Y
143|es_PE|0|0|Y|2006-11-10 00:02:24|100|2006-11-10 00:13:49|100|C_Campaign|Selección de Campaña||Y
144|es_PE|0|0|Y|2006-11-10 00:02:24|100|2006-11-10 00:13:49|100|C_Sales Region|Selección de Región de Ventas||Y
145|es_PE|0|0|Y|2006-11-10 00:02:24|100|2006-11-10 00:13:49|100|C_Element|Selección de Elemento||Y
148|es_PE|0|0|Y|2006-11-10 00:02:24|100|2006-11-10 00:13:49|100|C_DocType SubTypeSO|Lista de Tipos de Ordenes||Y
149|es_PE|0|0|Y|2006-11-10 00:02:24|100|2006-11-10 00:13:49|100|C_Payment CreditCard Type|Lista de tipo de pagos con tarjeta de crédito||Y
264|es_PE|0|0|Y|2006-11-10 00:02:24|100|2006-11-10 00:13:49|100|AD_PrintFormatItem|||Y
265|es_PE|0|0|Y|2006-11-10 00:02:24|100|2006-11-10 00:13:49|100|AD_PrintGraph Type|||Y
266|es_PE|0|0|Y|2006-11-10 00:02:24|100|2006-11-10 00:13:49|100|AD_PrintColor|||Y
267|es_PE|0|0|Y|2006-11-10 00:02:24|100|2006-11-10 00:13:49|100|AD_PrintFont|||Y
269|es_PE|0|0|Y|2006-11-10 00:02:24|100|2006-11-10 00:13:49|100|AD_PrintFormat Not TableBased|||Y
272|es_PE|0|0|Y|2006-11-10 00:02:24|100|2006-11-10 00:13:49|100|I_ElementValue Column|||Y
274|es_PE|0|0|Y|2006-11-10 00:02:24|100|2006-11-10 00:13:49|100|R_MailText|Mail Text||Y
275|es_PE|0|0|Y|2006-11-10 00:02:24|100|2006-11-10 00:13:49|100|C_Period (all)|Periods Sorted by Date||Y
276|es_PE|0|0|Y|2006-11-10 00:02:24|100|2006-11-10 00:13:49|100|AD_Org (all)|Organization selection||Y
301|es_PE|0|0|Y|2006-11-10 00:02:24|100|2006-11-10 00:13:49|100|WF_Join_Split|||Y
232|es_PE|0|0|Y|2006-11-10 00:02:24|100|2006-11-10 00:13:49|100|C_BPartner Vendor or SalesRep|Selección del Proveedor o del Representante||Y
233|es_PE|0|0|Y|2006-11-10 00:02:24|100|2006-11-10 00:13:49|100|C_Period (Open)|Períodos ordenados por fecha||Y
235|es_PE|0|0|Y|2006-11-10 00:02:24|100|2006-11-10 00:13:49|100|PA_Report AmountType|||Y
236|es_PE|0|0|Y|2006-11-10 00:02:24|100|2006-11-10 00:13:49|100|PA_Report CalculationType|||Y
237|es_PE|0|0|Y|2006-11-10 00:02:24|100|2006-11-10 00:13:49|100|PA_Report ColumnType|||Y
238|es_PE|0|0|Y|2006-11-10 00:02:24|100|2006-11-10 00:13:49|100|PA_Report CurrencyType|||Y
240|es_PE|0|0|Y|2006-11-10 00:02:24|100|2006-11-10 00:13:49|100|PA_ReportLine|||Y
241|es_PE|0|0|Y|2006-11-10 00:02:24|100|2006-11-10 00:13:49|100|PA_Report LineType|||Y
242|es_PE|0|0|Y|2006-11-10 00:02:24|100|2006-11-10 00:13:49|100|PA_ReportLine Parent|||Y
243|es_PE|0|0|Y|2006-11-10 00:02:24|100|2006-11-10 00:13:49|100|AD_Color Type|||Y
244|es_PE|0|0|Y|2006-11-10 00:02:24|100|2006-11-10 00:13:49|100|AD_Column Key ColumnNames|||Y
245|es_PE|0|0|Y|2006-11-10 00:02:24|100|2006-11-10 00:13:49|100|All_Entity Type|Tipo de Entidad (Diccionario;...)||Y
246|es_PE|0|0|Y|2006-11-10 00:02:24|100|2006-11-10 00:13:49|100|M_Discount CumulativeLevel|||Y
247|es_PE|0|0|Y|2006-11-10 00:02:24|100|2006-11-10 00:13:49|100|M_Discount Type|||Y
248|es_PE|0|0|Y|2006-11-10 00:02:24|100|2006-11-10 00:13:49|100|AD_Color StartPoint|||Y
249|es_PE|0|0|Y|2006-11-10 00:02:24|100|2006-11-10 00:13:49|100|M_DiscountSchema|||Y
250|es_PE|0|0|Y|2006-11-10 00:02:24|100|2006-11-10 00:13:49|100|M_Product_Costing Source|||Y
287|es_PE|0|0|Y|2006-11-10 00:02:24|100|2006-11-10 00:13:49|100|C_Tax SPPOType|||Y
289|es_PE|0|0|Y|2006-11-10 00:02:24|100|2006-11-10 00:13:49|100|C_BPartner SOCreditStatus|Sales Credit Status||Y
290|es_PE|0|0|Y|2006-11-10 00:02:24|100|2006-11-10 00:13:49|100|C_Order|Order||Y
291|es_PE|0|0|Y|2006-11-10 00:02:24|100|2006-11-10 00:13:49|100|AD_Field ObscureType|||Y
36|es_PE|0|0|Y|2006-11-10 00:02:24|100|2006-11-10 00:13:49|100|TextLong|Text (Long) - Text > 2000 characters||Y
293|es_PE|0|0|Y|2006-11-10 00:02:24|100|2006-11-10 00:13:49|100|AD_Table_Access RuleType|AccessRuleType||Y
294|es_PE|0|0|Y|2006-11-10 00:02:24|100|2006-11-10 00:13:49|100|M_TransactionAllocation Type|||Y
296|es_PE|0|0|Y|2006-11-10 00:02:24|100|2006-11-10 00:13:49|100|M_InventoryLine|||Y
297|es_PE|0|0|Y|2006-11-10 00:02:24|100|2006-11-10 00:13:49|100|M_ProductionLine|||Y
298|es_PE|0|0|Y|2006-11-10 00:02:24|100|2006-11-10 00:13:49|100|M_Transaction|||Y
292|es_PE|0|0|Y|2006-11-10 00:02:24|100|2006-11-10 00:13:49|100|M_Inventory Type|Inventory Type (Difference - Charge)||Y
288|es_PE|0|0|Y|2006-11-10 00:02:24|100|2006-11-10 00:13:49|100|C_ProjectType Category|||Y
251|es_PE|0|0|Y|2006-11-10 00:02:24|100|2006-11-10 00:13:49|100|AD_Column Name|Selección de Columna||Y
1|es_PE|0|0|Y|2006-11-10 00:02:24|100|2006-11-10 00:13:49|100|AD_Reference Data Types|Selección de tipo de datos||Y
2|es_PE|0|0|Y|2006-11-10 00:02:24|100|2006-11-10 00:13:49|100|AD_Reference Validation Types|Lista de tipo de validación de referencia|(e.g. I - Independiente)|Y
3|es_PE|0|0|Y|2006-11-10 00:02:24|100|2006-11-10 00:13:49|100|AD_Column ColumName|Selección de Columna||Y
4|es_PE|0|0|Y|2006-11-10 00:02:24|100|2006-11-10 00:13:49|100|AD_Reference Values|Selección de Referencia (Lista y Tabla)|(no DataType e Independiente)|Y
5|es_PE|0|0|Y|2006-11-10 00:02:24|100|2006-11-10 00:13:49|100|AD_Table Access Levels|Lista de nivel de acceso y de compartir||Y
10|es_PE|0|0|Y|2006-11-10 00:02:24|100|2006-11-10 00:13:49|100|Cadena|Cadena de Caracteres||Y
11|es_PE|0|0|Y|2006-11-10 00:02:24|100|2006-11-10 00:13:49|100|Entero|Numérico de 10 dígitos||Y
12|es_PE|0|0|Y|2006-11-10 00:02:24|100|2006-11-10 00:13:49|100|Monto|Número con 4 decimales||Y
13|es_PE|0|0|Y|2006-11-10 00:02:24|100|2006-11-10 00:13:49|100|ID|Identificador de 10 Dígitos||Y
14|es_PE|0|0|Y|2006-11-10 00:02:24|100|2006-11-10 00:13:49|100|Texto|Cadena de caracteres de hasta 2000||Y
15|es_PE|0|0|Y|2006-11-10 00:02:24|100|2006-11-10 00:13:49|100|Fecha|Fecha mm/dd/aaaa||Y
16|es_PE|0|0|Y|2006-11-10 00:02:24|100|2006-11-10 00:13:49|100|Hora/Fecha|Fecha con hora||Y
17|es_PE|0|0|Y|2006-11-10 00:02:24|100|2006-11-10 00:13:49|100|Lista|Lista de Referencia||Y
18|es_PE|0|0|Y|2006-11-10 00:02:24|100|2006-11-10 00:13:49|100|Tabla|Lista de Tablas||Y
321|es_PE|0|0|Y|2006-11-10 00:02:24|100|2006-11-10 00:13:49|100|C_DocType RMA|||Y
19|es_PE|0|0|Y|2006-11-10 00:02:24|100|2006-11-10 00:13:49|100|TableDir|Acceso directo de tabla||Y
20|es_PE|0|0|Y|2006-11-10 00:02:24|100|2006-11-10 00:13:49|100|Si/No|Cuadro de Verificación||Y
21|es_PE|0|0|Y|2006-11-10 00:02:24|100|2006-11-10 00:13:49|100|Localización/Dirección|Localización/Dirección||Y
22|es_PE|0|0|Y|2006-11-10 00:02:24|100|2006-11-10 00:13:49|100|Número|Número Flotante||Y
23|es_PE|0|0|Y|2006-11-10 00:02:24|100|2006-11-10 00:13:49|100|Binario|Datos Binarios||Y
24|es_PE|0|0|Y|2006-11-10 00:02:24|100|2006-11-10 00:13:49|100|Tiempo|Hora||Y
25|es_PE|0|0|Y|2006-11-10 00:02:24|100|2006-11-10 00:13:49|100|Cuenta|Elemento Contable||Y
26|es_PE|0|0|Y|2006-11-10 00:02:24|100|2006-11-10 00:13:49|100|RowID|Tipo de Datos de ID de fila||Y
27|es_PE|0|0|Y|2006-11-10 00:02:24|100|2006-11-10 00:13:49|100|Color|Elemento de Color||Y
28|es_PE|0|0|Y|2006-11-10 00:02:24|100|2006-11-10 00:13:49|100|Botón|Botón de Comando - Comienza un proceso||Y
29|es_PE|0|0|Y|2006-11-10 00:02:24|100|2006-11-10 00:13:49|100|Cantidad|Tipo de datos de cantidad||Y
30|es_PE|0|0|Y|2006-11-10 00:02:24|100|2006-11-10 00:13:49|100|Búsqueda|Campo de Búsqueda||Y
31|es_PE|0|0|Y|2006-11-10 00:02:24|100|2006-11-10 00:13:49|100|Localización|Tipo de datos de localización en almacén||Y
32|es_PE|0|0|Y|2006-11-10 00:02:24|100|2006-11-10 00:13:49|100|Imagen|Datos Binarios de Imagen||Y
100|es_PE|0|0|Y|2006-11-10 00:02:24|100|2006-11-10 00:13:49|100|AD_Validation Rules Parent|Selección Maestra de Regla de Validación||Y
339|es_PE|0|0|Y|2006-11-10 00:02:24|100|2006-11-10 00:13:49|100|C_LandedCost Distribution|||N
101|es_PE|0|0|Y|2006-11-10 00:02:24|100|2006-11-10 00:13:49|100|AD_Validation Rule Types|Lista de Tipos de Reglas de Validación|e.g. S-SQL|Y
102|es_PE|0|0|Y|2006-11-10 00:02:24|100|2006-11-10 00:13:49|100|AD_Message|Selección de Mensajes||Y
103|es_PE|0|0|Y|2006-11-10 00:02:24|100|2006-11-10 00:13:49|100|AD_Message Type|Lista de Tipo de Mensajes||Y
302|es_PE|0|0|Y|2006-11-10 00:02:24|100|2006-11-10 00:13:49|100|WF_Action|Superset of Menu Action||Y
303|es_PE|0|0|Y|2006-11-10 00:02:24|100|2006-11-10 00:13:49|100|WF_Start-Finish Mode|||Y
304|es_PE|0|0|Y|2006-11-10 00:02:24|100|2006-11-10 00:13:49|100|WF_Participant Type|||Y
305|es_PE|0|0|Y|2006-11-10 00:02:24|100|2006-11-10 00:13:49|100|WF_Instance State|||Y
306|es_PE|0|0|Y|2006-11-10 00:02:24|100|2006-11-10 00:13:49|100|WF_EventType|||Y
307|es_PE|0|0|Y|2006-11-10 00:02:24|100|2006-11-10 00:13:49|100|WF_SubFlow Execution|||Y
308|es_PE|0|0|Y|2006-11-10 00:02:24|100|2006-11-10 00:13:49|100|WF_LoopType|||Y
120|es_PE|0|0|Y|2006-11-10 00:02:24|100|2006-11-10 00:13:49|100|AD_TreeType Type|Lista de tipos de árboles|Determina cual elemento usar como base para la información|Y
121|es_PE|0|0|Y|2006-11-10 00:02:24|100|2006-11-10 00:13:49|100|X12DE98 Entity Identifier Code|Lista de códigos de identificación de entidades X12DE98|Identifica la localización de una propiedad física de la entidad organizacional o de una lista individual|Y
122|es_PE|0|0|Y|2006-11-10 00:02:24|100|2006-11-10 00:13:49|100|C_AcctSchema Costing Method|Lista de Métodos de Costeo||Y
123|es_PE|0|0|Y|2006-11-10 00:02:24|100|2006-11-10 00:13:49|100|C_AcctSchema GAAP|Lista de Principios de contabilidad generalmente aceptados||Y
124|es_PE|0|0|Y|2006-11-10 00:02:24|100|2006-11-10 00:13:49|100|C_BPartner Parent|Selección de Socio del Negocio Padre||Y
125|es_PE|0|0|Y|2006-11-10 00:02:24|100|2006-11-10 00:13:49|100|All_Posting Type|Lista de tipo de registro (real; presupuestada; etc.)||Y
365|es_PE|0|0|Y|2006-11-10 00:02:24|100|2006-11-10 00:13:49|100|AD_Client ShareType|||N
366|es_PE|0|0|Y|2006-11-10 00:02:24|100|2006-11-10 00:13:49|100|R_Request TaskStatus|||N
367|es_PE|0|0|Y|2006-11-10 00:02:24|100|2006-11-10 00:13:49|100|PA_Goal Scope|||N
368|es_PE|0|0|Y|2006-11-10 00:02:24|100|2006-11-10 00:13:49|100|PA_Goal Restriction Type|||N
374|es_PE|0|0|Y|2006-11-10 00:02:24|100|2006-11-10 00:13:49|100|AD_System Status|||N
375|es_PE|0|0|Y|2006-11-10 00:02:24|100|2006-11-10 00:02:24|100|AD_PrintPaper Units|||N
376|es_PE|0|0|Y|2006-11-10 00:02:24|100|2006-11-10 00:02:24|100|M_Inventory CountSet|||N
377|es_PE|0|0|Y|2006-11-10 00:02:24|100|2006-11-10 00:02:24|100|AD_PrintFormatItem BarcodeType|||N
38|es_PE|0|0|Y|2006-11-10 00:02:24|100|2006-11-10 00:02:24|100|FilePath|Local File Path||N
39|es_PE|0|0|Y|2006-11-10 00:02:24|100|2006-11-10 00:02:24|100|FileName|Local File||N
40|es_PE|0|0|Y|2006-11-10 00:02:24|100|2006-11-10 00:02:24|100|URL|URL||N
335|es_PE|0|0|Y|2006-11-10 00:02:24|100|2006-11-10 00:13:49|100|_MMPolicy|Material Movement Policy||N
325|es_PE|0|0|Y|2006-11-10 00:02:24|100|2006-11-10 00:13:49|100|M_DiscountSchema not PL|Not Price List Discount Schema||Y
338|es_PE|0|0|Y|2006-11-10 00:02:24|100|2006-11-10 00:13:49|100|M_CostElement Type|||N
353|es_PE|0|0|Y|2006-11-10 00:02:24|100|2006-11-10 00:13:49|100|C_BPartner SalesRep|BP SalesRep selection||N
356|es_PE|0|0|Y|2006-11-10 00:02:24|100|2006-11-10 00:13:49|100|C_Greeting|||N
350|es_PE|0|0|Y|2006-11-10 00:02:24|100|2006-11-10 00:13:49|100|C_BP_Group PriorityBase|||N
358|es_PE|0|0|Y|2006-11-10 00:02:24|100|2006-11-10 00:13:49|100|AD_User BP AccessType|||N
362|es_PE|0|0|Y|2006-11-10 00:02:24|100|2006-11-10 00:13:49|100|C_ElementValue (trx)|Element Values||N
383|es_PE|0|0|Y|2006-11-10 00:02:24|100|2006-11-10 00:02:24|100|C_Project InvoiceRule|||N
384|es_PE|0|0|Y|2006-11-10 00:02:24|100|2006-11-10 00:02:24|100|C_Project LineLevel|||N
346|es_PE|0|0|Y|2006-11-10 00:02:24|100|2006-11-10 00:13:49|100|C_Remuneration Type|||N
347|es_PE|0|0|Y|2006-11-10 00:02:24|100|2006-11-10 00:13:49|100|M_BOM Type|||N
348|es_PE|0|0|Y|2006-11-10 00:02:24|100|2006-11-10 00:13:49|100|M_BOM Use|||N
349|es_PE|0|0|Y|2006-11-10 00:02:24|100|2006-11-10 00:13:49|100|M_BOMProduct Type|||N
369|es_PE|0|0|Y|2006-11-10 00:02:24|100|2006-11-10 00:13:49|100|PA_Measure DataType|||N
370|es_PE|0|0|Y|2006-11-10 00:02:24|100|2006-11-10 00:13:49|100|PA_Benschmark Accumulation Type|||N
371|es_PE|0|0|Y|2006-11-10 00:02:24|100|2006-11-10 00:13:49|100|PA_Ratio|||N
372|es_PE|0|0|Y|2006-11-10 00:02:24|100|2006-11-10 00:13:49|100|PA_Ratio ElementType|||N
373|es_PE|0|0|Y|2006-11-10 00:02:24|100|2006-11-10 00:13:49|100|PA_Ratio Operand|||N
310|es_PE|0|0|Y|2006-11-10 00:02:24|100|2006-11-10 00:13:49|100|_PublishStatus|Publication Status||Y
327|es_PE|0|0|Y|2006-11-10 00:02:24|100|2006-11-10 00:13:49|100|AD_Language System|Language selection||Y
360|es_PE|0|0|Y|2006-11-10 00:02:24|100|2006-11-10 00:13:49|100|C_Invoice MatchRequirement|||N
205|es_PE|0|0|Y|2006-11-10 00:02:24|100|2006-11-10 00:13:49|100|AD_Find Operation|||Y
206|es_PE|0|0|Y|2006-11-10 00:02:24|100|2006-11-10 00:13:49|100|AD_Table Posting|Tablas de Registro||Y
207|es_PE|0|0|Y|2006-11-10 00:02:24|100|2006-11-10 00:13:49|100|GL Category Type|||Y
208|es_PE|0|0|Y|2006-11-10 00:02:24|100|2006-11-10 00:13:49|100|AD_ImpFormat Type|||Y
210|es_PE|0|0|Y|2006-11-10 00:02:24|100|2006-11-10 00:13:49|100|AD_ImpFormat_Row Type|||Y
211|es_PE|0|0|Y|2006-11-10 00:02:24|100|2006-11-10 00:13:49|100|M_Product BOM (stocked)|Productos que son LDP y se almacenan||Y
212|es_PE|0|0|Y|2006-11-10 00:02:24|100|2006-11-10 00:13:49|100|M_InventoryCount QtyRange|||Y
213|es_PE|0|0|Y|2006-11-10 00:02:24|100|2006-11-10 00:13:49|100|C_Payment AVS|||Y
214|es_PE|0|0|Y|2006-11-10 00:02:24|100|2006-11-10 00:13:49|100|C_Payment Tender Type|||Y
215|es_PE|0|0|Y|2006-11-10 00:02:24|100|2006-11-10 00:13:49|100|C_Payment Trx Type|||Y
216|es_PE|0|0|Y|2006-11-10 00:02:24|100|2006-11-10 00:13:49|100|C_Bank Account Type|||Y
218|es_PE|0|0|Y|2006-11-10 00:02:24|100|2006-11-10 00:13:49|100|R_Request Request Type|||Y
219|es_PE|0|0|Y|2006-11-10 00:02:24|100|2006-11-10 00:13:49|100|R_Request Next Action|||Y
221|es_PE|0|0|Y|2006-11-10 00:02:24|100|2006-11-10 00:13:49|100|R_Request Frequency Type|||Y
222|es_PE|0|0|Y|2006-11-10 00:02:24|100|2006-11-10 00:13:49|100|R_Request Due Type|||Y
223|es_PE|0|0|Y|2006-11-10 00:02:24|100|2006-11-10 00:13:49|100|C_BPartner Vendors Avtive|Selección de Proveedor||Y
224|es_PE|0|0|Y|2006-11-10 00:02:24|100|2006-11-10 00:13:49|100|C_Commission DocBasis|||Y
225|es_PE|0|0|Y|2006-11-10 00:02:24|100|2006-11-10 00:13:49|100|C_Commission Frequency|||Y
226|es_PE|0|0|Y|2006-11-10 00:02:24|100|2006-11-10 00:13:49|100|AD_Role User Level|||Y
227|es_PE|0|0|Y|2006-11-10 00:02:24|100|2006-11-10 00:13:49|100|C_PaymentTerm|||Y
228|es_PE|0|0|Y|2006-11-10 00:02:24|100|2006-11-10 00:13:49|100|PA_Goal|||Y
229|es_PE|0|0|Y|2006-11-10 00:02:24|100|2006-11-10 00:13:49|100|PA_Achievement Parent|||Y
230|es_PE|0|0|Y|2006-11-10 00:02:24|100|2006-11-10 00:13:49|100|PA_Goal Parent|||Y
231|es_PE|0|0|Y|2006-11-10 00:02:24|100|2006-11-10 00:13:49|100|PA_Measure Type|||Y
280|es_PE|0|0|Y|2006-11-10 00:02:24|100|2006-11-10 00:13:49|100|AD_Print Label Line Type|||Y
1000000|es_PE|0|0|Y|2007-05-17 13:23:43|100|2007-05-17 13:23:43|100|C_Tax Alias|||N
311|es_PE|0|0|Y|2006-11-10 00:02:24|100|2006-11-10 00:13:49|100|AD_Language Maintenance|||Y
312|es_PE|0|0|Y|2006-11-10 00:02:24|100|2006-11-10 00:13:49|100|AD_PrintTableFormat Stroke|Stroke Type||Y
313|es_PE|0|0|Y|2006-11-10 00:02:24|100|2006-11-10 00:13:49|100|M_RelatedProduct Type|||Y
314|es_PE|0|0|Y|2006-11-10 00:02:24|100|2006-11-10 00:13:49|100|C_RfQ QuoteType|||Y
315|es_PE|0|0|Y|2006-11-10 00:02:24|100|2006-11-10 00:13:49|100|B_TopicType AuctionType|||Y
316|es_PE|0|0|Y|2006-11-10 00:02:24|100|2006-11-10 00:13:49|100|AD_User - Supervisor|Employee or SalesRep - or System||Y
318|es_PE|0|0|Y|2006-11-10 00:02:24|100|2006-11-10 00:13:49|100|AD_Scheduler Type|||Y
319|es_PE|0|0|Y|2006-11-10 00:02:24|100|2006-11-10 00:13:49|100|_YesNo|||Y
324|es_PE|0|0|Y|2006-11-10 00:02:24|100|2006-11-10 00:13:49|100|M_AttributeSet MandatoryType|||Y
326|es_PE|0|0|Y|2006-11-10 00:02:24|100|2006-11-10 00:13:49|100|M_Attribute Value Type|||Y
37|es_PE|0|0|Y|2006-11-10 00:02:24|100|2006-11-10 00:13:49|100|Costs+Prices|Costs + Prices (minimum currency precision, but if exists more)||Y
328|es_PE|0|0|Y|2006-11-10 00:02:24|100|2006-11-10 00:13:49|100|AD_Workflow Type|Workflow Type||Y
329|es_PE|0|0|Y|2006-11-10 00:02:24|100|2006-11-10 00:13:49|100|M_Replenishment Create|||Y
330|es_PE|0|0|Y|2006-11-10 00:02:24|100|2006-11-10 00:13:49|100|AD_Role PreferenceType|Preference Type||Y
331|es_PE|0|0|Y|2006-11-10 00:02:24|100|2006-11-10 00:13:49|100|Account_ID|Account selection||Y
332|es_PE|0|0|Y|2006-11-10 00:02:24|100|2006-11-10 00:13:49|100|APAR|AP and/or AR||Y
333|es_PE|0|0|Y|2006-11-10 00:02:24|100|2006-11-10 00:13:49|100|AD_PrintFormatItem ShapeType|||Y
334|es_PE|0|0|Y|2006-11-10 00:02:24|100|2006-11-10 00:13:49|100|AD_Client AutoArchive|||Y
336|es_PE|0|0|Y|2006-11-10 00:02:24|100|2006-11-10 00:13:49|100|C_Invoice|||N
337|es_PE|0|0|Y|2006-11-10 00:02:24|100|2006-11-10 00:13:49|100|M_InOut|||N
340|es_PE|0|0|Y|2006-11-10 00:02:24|100|2006-11-10 00:13:49|100|R_Request Confidential|||N
342|es_PE|0|0|Y|2006-11-10 00:02:24|100|2006-11-10 00:13:49|100|W_MailMsg Type|||N
343|es_PE|0|0|Y|2006-11-10 00:02:24|100|2006-11-10 00:13:49|100|C_Payment|||N
344|es_PE|0|0|Y|2006-11-10 00:02:24|100|2006-11-10 00:13:49|100|AD_User NotificationType|||N
345|es_PE|0|0|Y|2006-11-10 00:02:24|100|2006-11-10 00:13:49|100|R_Status|||N
351|es_PE|0|0|Y|2006-11-10 00:02:24|100|2006-11-10 00:13:49|100|M_ChangeNotice|||N
354|es_PE|0|0|Y|2006-11-10 00:02:24|100|2006-11-10 00:13:49|100|AD_Column Encrypted|||N
355|es_PE|0|0|Y|2006-11-10 00:02:24|100|2006-11-10 00:13:49|100|C_AcctSchema CostingLevel|||N
363|es_PE|0|0|Y|2006-11-10 00:02:24|100|2006-11-10 00:13:49|100|AD_WF_Node EMailRecipient|||N
359|es_PE|0|0|Y|2006-11-10 00:02:24|100|2006-11-10 00:13:49|100|C_AcctSchema CommitmentType|||N
361|es_PE|0|0|Y|2006-11-10 00:02:24|100|2006-11-10 00:13:49|100|GL_BudgetControl Scope|||N
364|es_PE|0|0|Y|2006-11-10 00:02:24|100|2006-11-10 00:13:49|100|AD_User ConnectionProfile|||N
394|es_PE|0|0|Y|2006-12-12 01:35:31|0|2006-12-12 01:35:31|0|C_Invice InvoiceCollectionType|||N
393|es_PE|0|0|Y|2006-12-12 01:35:31|0|2006-12-12 01:35:31|0|C_BPartner BPBankAcctUse|||N
50001|es_PE|0|0|Y|2006-12-12 01:35:31|0|2006-12-12 01:35:31|0|AD_Package_Type|Defines the type of packages available||N
50002|es_PE|0|0|Y|2006-12-12 01:35:31|0|2006-12-12 01:35:31|0|Package_Releases|List of Package Releases|Indicates what release the package is for.  Entering no specific release indicates the package is for all releases.|N
50003|es_PE|0|0|Y|2006-12-12 01:35:31|0|2006-12-12 01:35:31|0|AD_Package_Exp_DB|List of database types|This is a list of database types used by the inbound packaging processing to determine if the sql statement is fired.|N
50004|es_PE|0|0|Y|2006-12-12 01:35:31|0|2006-12-12 01:35:31|0|AD_Package_Build_Type|||N
50005|es_PE|0|0|Y|2006-12-12 01:35:31|0|2006-12-12 01:35:31|0|AD_Package_Source_Type|List of package source types||N
108|es_PE|0|0|Y|2006-11-10 00:02:24|100|2006-11-10 00:13:49|100|AD_Window Types|Lista de Tipo de Ventana|e.g. M=Multi/Sencillo (un caracter mayúsculo)|Y
109|es_PE|0|0|Y|2006-11-10 00:02:24|100|2006-11-10 00:13:49|100|AD_WF_Next Nodes|Selección del próximo nodo del flujo de trabajo||Y
110|es_PE|0|0|Y|2006-11-10 00:02:24|100|2006-11-10 00:13:49|100|AD_User|Selección de Usuario||Y
111|es_PE|0|0|Y|2006-11-10 00:02:24|100|2006-11-10 00:13:49|100|C_Conversion_Rate Types|Lista de tipos de tasas de cambio||Y
112|es_PE|0|0|Y|2006-11-10 00:02:24|100|2006-11-10 00:13:49|100|C_Conversion_Rate Currencies|Selección de monedas con tasas de cambio dinámicas||Y
113|es_PE|0|0|Y|2006-11-10 00:02:24|100|2006-11-10 00:13:49|100|AD_Org Parent|Selección de organización padre||Y
114|es_PE|0|0|Y|2006-11-10 00:02:24|100|2006-11-10 00:13:49|100|C_UOM|Selección de Unidad de Medida||Y
320|es_PE|0|0|Y|2006-11-10 00:02:24|100|2006-11-10 00:13:49|100|M_InOutConfirm Type|||Y
115|es_PE|0|0|Y|2006-11-10 00:02:24|100|2006-11-10 00:13:49|100|C_Period Type|Lista de tipos de Período||Y
116|es_PE|0|0|Y|2006-11-10 00:02:24|100|2006-11-10 00:13:49|100|C_Element Type|Tipos de elementos contables||Y
117|es_PE|0|0|Y|2006-11-10 00:02:24|100|2006-11-10 00:13:49|100|C_ElementValue AccountType|Lista de tipos de cuenta||Y
50007|es_PE|0|0|Y|2006-12-27 00:30:11|100|2006-12-27 00:30:11|100|ShowHelp List|||N
118|es_PE|0|0|Y|2006-11-10 00:02:24|100|2006-11-10 00:13:49|100|C_ElementValue Account Sign|Lista de signos de cuenta||Y
1000002|es_PE|0|0|Y|2007-09-06 18:01:00|100|2007-09-06 18:01:00|100|M_PriceList_Version Sales|||N
1000003|es_PE|0|0|Y|2007-09-10 10:50:49|100|2007-09-10 10:50:49|100|C_Subject Type|||N
239|es_PE|0|0|Y|2006-11-10 00:02:24|100|2006-11-10 00:13:49|100|PA_ReportColumn|||Y
1000005|es_PE|0|0|Y|2007-09-14 18:51:44|100|2007-09-14 18:51:44|100|C_Subject_ID EGPN|||N
1000006|es_PE|0|0|Y|2007-09-14 18:53:36|100|2007-09-14 18:53:36|100|C_Subject EGPF|||N
1000007|es_PE|0|0|Y|2007-09-14 18:56:06|100|2007-09-14 18:56:06|100|C_Subject BAGN|||N
209|es_PE|0|0|Y|2006-11-10 00:02:24|100|2006-11-10 00:13:49|100|AD_ImpFormat FormatType|||N
295|es_PE|0|0|Y|2006-11-10 00:02:24|100|2006-11-10 00:13:49|100|M_InOutLine|||N
352|es_PE|0|0|Y|2006-11-10 00:02:24|100|2006-11-10 00:13:49|100|C_ConversionType|||N
1000008|es_PE|0|0|Y|2007-09-28 20:47:09|100|2007-09-28 20:47:09|100|C_CashFlow_Group_Sign|C_CashFlow_Group_Sign||N
1000010|es_PE|0|0|Y|2007-10-05 10:50:55|100|2007-10-05 10:51:03|100|AD_PosPrintFormatElement Tipo|||Y
1000011|es_PE|0|0|Y|2007-10-05 11:38:32|100|2007-10-05 11:38:32|100|AD_PosPrintFormat|||N
1000012|es_PE|0|0|Y|2007-10-24 09:52:39|100|2007-10-24 09:52:39|100|C_BankAccount|||N
400|es_PE|0|0|Y|2007-10-25 12:29:09|100|2007-10-25 12:29:09|100|AD_Process_JasperReports|||N
1000013|es_PE|0|0|Y|2007-12-17 12:07:48|0|2007-12-17 12:07:48|0|C_DocType Purchases|||N
42|es_PE|0|0|Y|2006-11-10 00:02:24|100|2006-11-10 00:02:24|100|Printer Name|||N
1000014|es_PE|0|0|Y|2007-12-21 16:42:56|0|2007-12-21 16:42:56|0|C_POSLog PaymentType|||N
1000015|es_PE|0|0|Y|2007-12-27 10:15:16|0|2007-12-27 10:15:16|0|C_POSLog DocumentType|||N
1000016|es_PE|0|0|Y|2009-02-12 08:10:45|100|2009-02-12 08:10:45|100|AD_SysConfig ConfigurationLevel|Configuration Level||N
1000017|es_PE|0|0|Y|2009-12-14 15:10:49|100|2009-12-14 15:10:49|100|Document Status Bill Of Exchange|Document Status list||N
1000019|es_PE|0|0|Y|2010-01-15 13:51:23|100|2010-01-15 13:51:23|100|Ad_ModelValidator|||N
1000020|es_PE|0|0|Y|2010-01-15 13:54:53|100|2010-01-15 13:54:53|100|AD_Rule_EventType|||N
1000021|es_PE|0|0|Y|2010-01-15 13:55:09|100|2010-01-15 13:55:09|100|AD_Rule_RuleType|||N
1000018|es_PE|0|0|Y|2009-12-14 15:47:32|100|2010-03-02 12:05:01.908|100|Estados de la Letra de cambio|||N
1000022|es_PE|0|0|Y|2010-04-07 15:49:13|100|2010-04-07 15:49:13|100|C_BP_DocTypeI|C_BP_DocTypeI||N
1000023|es_PE|0|0|Y|2010-06-30 11:25:06|100|2010-06-30 11:26:20.051|100|C_BOEConfirmType|||N
1000024|es_PE|0|0|Y|2010-07-06 01:39:10|100|2010-07-06 01:39:10|100|M_Product_ProductType_Tax|||N
1000025|es_PE|0|0|Y|2010-07-30 17:43:12|100|2010-07-30 17:43:12|100|AD_RelationType Role|||N
1000026|es_PE|0|0|Y|2010-07-30 18:03:44|100|2010-07-30 18:03:44|100|EventChangeLog|||N
1000027|es_PE|0|0|Y|2010-07-30 22:54:52|100|2010-07-30 22:54:52|100|M_RMALine|||N
1000028|es_PE|0|0|Y|2010-07-30 23:10:31|100|2010-07-30 23:10:31|100|AD_RelationType Type|||N
1000029|es_PE|0|0|Y|2010-08-06 18:35:46|100|2010-08-06 18:35:46|100|C_Cash|||N
1000030|es_PE|0|0|Y|2010-08-06 18:37:53|100|2010-08-06 18:37:53|100|C_CashLine|||N
1000031|es_PE|0|0|Y|2010-08-06 19:27:36|100|2010-08-06 19:27:36|100|C_BOE|||N
1000034|es_PE|0|0|Y|2010-08-20 19:34:52|100|2010-08-20 19:34:52|100|AD_Role|Role selection||N
1000035|es_PE|0|0|Y|2010-11-09 15:52:44|100|2010-11-09 15:52:44|100|Fact_Acct|||N
1000036|es_PE|0|0|Y|2010-11-26 18:24:08|100|2010-11-26 18:24:08|100|LP Protocol|LP Protocol||N
1000037|es_PE|0|0|Y|2011-02-25 12:36:54|100|2011-02-25 12:36:54|100|POSType|||N
1000040|es_PE|0|0|Y|2011-07-26 23:20:43|100|2011-07-26 23:20:43|100|TypePOPLine|||N
1000041|es_PE|0|0|Y|2011-08-19 15:43:21|100|2011-08-19 15:43:21|100|AD_Process|||N
1000042|es_PE|0|0|Y|2011-08-26 17:45:10|100|2011-08-26 17:45:10|100|C_DocType SubTypePO|Order Types list||N
44|es_PE|0|0|Y|2011-09-01 10:45:08.555546|0|2011-09-01 10:45:08.555546|0|RowChild|Child Rows|""|Y
1000044|es_PE|0|0|Y|2011-12-21 18:22:09|100|2011-12-21 18:22:09|100|M_Product_Brand Active|Product Brand Active||N
1000045|es_PE|0|0|Y|2012-01-06 10:39:31|100|2012-01-06 10:39:31|100|M_Warehouse|||N
1000046|es_PE|0|0|Y|2012-01-18 00:02:52|0|2012-01-18 00:02:52|0|M_AttributeSetInstance|||N
1000049|es_PE|0|0|Y|2012-03-23 10:25:35|100|2012-03-23 10:25:35|100|TypeClose|||N
1000047|es_PE|0|0|Y|2012-01-18 00:02:57|0|2012-01-18 00:02:57|0|Replication Type|Replication Type||N
341|es_PE|0|0|Y|2006-11-10 00:02:24|100|2006-11-10 00:13:49|100|R_Request|||N
45|es_PE|0|0|Y|2012-06-23 09:54:06.266|0|2012-06-23 09:54:06.266|0|XML|XML Data|""|Y
1000051|es_PE|0|0|Y|2012-08-26 12:57:23|100|2012-08-26 12:57:23|100|TypeGroupingClose|||N
1000052|es_PE|0|0|Y|2013-09-03 11:45:15|100|2013-09-03 11:45:15|100|WithholdingType|||N
53000|es_PE|0|0|Y|2013-10-21 18:17:25.863501|100|2013-10-21 18:17:25.863501|100|AD_FieldGroup|Field Group Type|""|N
1000055|es_PE|0|0|Y|2013-11-04 19:26:24|0|2013-11-04 19:26:24|0|E_Folder|||N
1000056|es_PE|0|0|Y|2013-12-03 20:36:38|0|2013-12-03 20:36:38|0|Rule Type|||N
1000057|es_PE|0|0|Y|2014-04-02 09:35:49|100|2014-04-02 09:35:49|100|Warehouse Base Type|||N
1000058|es_PE|0|0|Y|2014-05-08 20:30:01|100|2014-05-08 20:30:01|100|Book Type|||N
1000059|es_PE|0|0|Y|2014-05-14 05:54:08|100|2014-05-14 05:54:08|100|EMailType|||N
1000060|es_PE|0|0|Y|2014-05-14 05:57:31|100|2014-05-14 05:57:31|100|Phone Type|||N
1000061|es_PE|0|0|Y|2014-05-14 08:02:52|100|2014-05-14 08:02:52|100|IMType|||N
1000062|es_PE|0|0|Y|2014-05-14 22:38:49|100|2014-05-14 22:38:49|100|C_PrinterFormatType|||N
46|es_PE|0|0|Y|2015-04-27 19:43:39.428907|0|2015-04-27 19:43:39.428907|0|HStore|HStore|""|Y
1000063|es_PE|0|0|Y|2015-04-29 10:41:04|100|2015-04-29 10:41:04|100|AD_Rule|||N
1000064|es_PE|0|0|Y|2015-07-30 17:38:44|100|2015-07-30 17:38:44|100|EVENTMODELVALIDATOR|||N
217|es_PE|0|0|Y|2006-11-10 00:02:24|100|2006-11-10 00:13:49|100|C_Cash Trx Type|||N
234|es_PE|0|0|Y|2006-11-10 00:02:24|100|2006-11-10 00:13:49|100|All_Posted Status|||N
1000065|es_PE|0|0|Y|2015-10-02 12:38:01|100|2015-10-02 12:38:01|100|M_Transaction Transaction Type|||N
183|es_PE|0|0|Y|2006-11-10 00:02:24|100|2006-11-10 00:13:49|100|C_DocType DocBaseType|Tipos de documento base||N
1000066|es_PE|0|0|Y|2016-07-13 12:36:21|100|2016-07-13 12:36:21|100|AD_Table|||N
1000067|es_PE|0|0|Y|2016-07-20 00:01:14|100|2016-07-20 00:01:14|100|Base Role Type|||N
1000068|es_PE|0|0|Y|2016-09-05 22:40:53|100|2016-09-05 22:40:53|100|Event Table Rule List|||N
1000069|es_PE|0|0|Y|2016-10-03 20:38:47|100|2016-10-03 20:38:47|100|Tipo de Ajuste|||N
1000070|es_PE|0|0|Y|2016-10-16 10:29:21|100|2016-10-16 10:29:21|100|C_DocType SubType|||N
1000071|es_PE|0|0|Y|2016-10-30 12:31:23|100|2016-10-30 12:31:23|100|TypesOfGoodsAndServicesPurchased|||N
1000072|es_PE|0|0|Y|2016-12-06 12:33:12|100|2016-12-06 12:33:12|100|Server Type|||N
1000074|es_PE|0|0|Y|2017-03-13 07:28:47|100|2017-03-13 07:28:47|100|HR Concept Type|||N
1000073|es_PE|0|0|Y|2017-03-13 07:16:02|100|2017-03-13 07:16:02|100|HR Concept Column Type|||N
1000075|es_PE|0|0|Y|2017-07-08 13:26:53|100|2017-07-08 13:26:53|100|AddressType|||N
1000077|es_PE|0|0|Y|2017-09-13 23:26:07|100|2017-09-13 23:26:07|100|Recurrence Type|||N
1000078|es_PE|0|0|Y|2017-09-15 12:37:05|0|2017-09-15 12:37:05|0|EndType|||N
1000076|es_PE|0|0|Y|2017-09-12 18:42:00|100|2017-09-12 18:42:00|100|Calendar Type|||N
