259|0|0|Y|2002-07-11 21:41:19|0|2012-01-18 00:01:16|0|493|7026|7019|N|||D||99e7dc4e-50e6-18bc-9213-63bc95bf91bf|
170|0|0|Y|1999-08-10 00:00:00|0|2012-01-18 00:01:22|0|217|1501|1509|N|C_DocType.AD_Client_ID=@#AD_Client_ID@||D||568e76f3-b918-0ba2-cc0e-423f12bae1d8|
173|0|0|Y|1999-12-15 08:43:13|0|2012-01-18 00:01:24|0|291|2893|2902|N|C_BPartner.IsCustomer='Y'||D||ae2beb3a-274d-61d9-ac35-920b24797683|
211|0|0|Y|2000-10-15 12:57:25|0|2012-01-18 00:01:29|0|208|1402|1410|N|M_Product.IsBOM='Y' AND M_Product.IsStocked='Y' AND M_Product.IsSummary='N'|M_Product.Value|D||1231bd08-4c20-f67e-b517-f01a69049c03|
286|0|0|Y|2003-07-21 23:28:34|0|2012-01-18 00:01:31|0|114|212|213|N|EXISTS (SELECT * FROM C_BPartner bp WHERE AD_User.C_BPartner_ID=bp.C_BPartner_ID AND (bp.IsEmployee='Y' OR bp.IsSalesRep='Y'))||D||45dd9366-f131-4397-bdc6-351776a3e3ab|
345|0|0|Y|2005-05-14 00:19:24|100|2012-01-18 00:01:34|0|776|13562|15001|Y|||D||0dd3388e-a9fb-89f7-809c-c1e3fe0e90ce|
130|0|0|Y|1999-07-01 00:00:00|0|2012-01-18 00:01:36|0|155|528|522|Y|AD_Org.IsSummary='N' AND AD_Org_ID <> 0|AD_Org.Name|D||f18afeb1-92cb-6dfc-00c9-f05d5469aea7|
132|0|0|Y|1999-07-01 00:00:00|0|2012-01-18 00:01:36|0|188|1125|1135|Y|"C_ElementValue.IsActive='Y' AND C_ElementValue.IsSummary='N' 
AND C_ElementValue.C_Element_ID IN (SELECT C_Element_ID FROM C_AcctSchema_Element ase WHERE ase.ElementType='AC' AND ase.AD_Client_ID=@AD_Client_ID@)"|C_ElementValue.Value|D||67052191-30d8-dfba-09f8-1b31ed59918c|
133|0|0|Y|1999-12-13 17:42:34|0|2012-01-18 00:01:37|0|162|808|819|N|||D||6694af44-4d9a-5e4d-fec5-c963804caa68|
134|0|0|Y|1999-07-01 00:00:00|0|2012-01-18 00:01:39|0|188|1125|1135|Y|"C_ElementValue.IsActive='Y' AND C_ElementValue.IsSummary='N' 
AND C_ElementValue.C_Element_ID IN (SELECT C_Element_ID FROM C_AcctSchema_Element ase WHERE ase.ElementType='U1' AND ase.AD_Client_ID=@AD_Client_ID@)"|C_ElementValue.Value|D||286d4f0d-6f4b-c170-f2c3-af817f39beb7|
137|0|0|Y|1999-07-07 00:00:00|0|2012-01-18 00:01:39|0|188|1125|1135|Y|"C_ElementValue.IsActive='Y' AND C_ElementValue.IsSummary='N' 
AND C_ElementValue.C_Element_ID IN (SELECT C_Element_ID FROM C_AcctSchema_Element ase WHERE ase.ElementType='U2' AND ase.AD_Client_ID=@AD_Client_ID@)"|C_ElementValue.Value|D||0ee8eff5-2eaf-9f6e-228f-db870964a6d3|
1|0|0|Y|1999-05-21 00:00:00|0|2012-01-18 00:01:42|0|102|129|130|N|AD_Reference.ValidationType='D'|AD_Reference.Name|D||5b77b5a4-95d2-1503-d6d9-c91e682945c8|
4|0|0|Y|1999-05-21 00:00:00|0|2012-01-18 00:01:42|0|102|129|130|N|"AD_Reference.ValidationType in ('T','L')
AND exists ( /* reference must have an active AD_Ref_Table entry */
select * from AD_Ref_Table t, AD_Reference
where t.AD_Reference_ID=AD_Reference.AD_Reference_ID
and t.IsActive='Y')"|AD_Reference.ValidationType, AD_Reference.Name|D||ea8cb530-57e7-7542-7c3c-eebb2822ed2b|
106|0|0|Y|1999-05-21 00:00:00|0|2012-01-18 00:01:43|0|111|203|204|N|||D||60e3f65e-b07a-68c4-3fbf-9e348402d17c|
327|0|0|Y|2004-08-15 11:24:13|0|2012-01-18 00:01:47|0|111|203|204|N|(AD_Language.IsSystemLanguage='Y' OR AD_Language.IsBaseLanguage='Y')||D||e259e3f2-17e9-b063-ad74-36c38cab1b9c|
261|0|0|Y|2002-08-04 19:25:06|0|2012-01-18 00:01:49|0|493|7026|7019|N|AD_PrintFormat.AD_Table_ID=516||D||3db0a33b-f96f-df6a-8238-df6e9ef8aca5|
325|0|0|Y|2004-06-14 23:22:20|0|2012-01-18 00:01:49|0|475|6581|6589|N|M_DiscountSchema.DiscountType<>'P'||D||d16f94bc-df52-db81-6fe2-f7b6ab0fde47|
227|0|0|Y|2001-04-09 14:43:43|0|2012-01-18 00:01:50|0|113|2027|2035|N|||D||a21570d3-925a-9914-1869-ecf4bcb235e6|
166|0|0|Y|1999-08-10 00:00:00|0|2012-01-18 00:01:50|0|255|2100|2108|N|||D||1ed9f5ee-d850-6141-4082-aeb0c7e5eec7|
233|0|0|Y|2001-04-26 19:45:54|0|2015-07-16 06:42:59|0|145|837|482|N|EXISTS (SELECT * FROM C_PeriodControl pc WHERE C_Period.C_Period_ID=pc.C_Period_ID AND pc.PeriodStatus='O')|C_Period.StartDate|D||9eecb0ad-9101-4d89-898a-2622d64dc717|
169|0|0|Y|1999-08-10 00:00:00|0|2015-07-16 06:45:36|0|203|1349|1356|N|C_Project.IsSummary='Y'|C_Project.Value|D||a33a42ee-4540-43af-a50d-5397850e2d30|
179|0|0|Y|1999-09-29 00:00:00|0|2015-07-16 06:47:50|0|230|1823|1831|N|C_SalesRegion.IsSummary='Y'||D||4bf259dd-69f4-4e2b-a95c-4a59f8957c0e|
323|0|0|Y|2004-06-10 20:27:03|0|2015-07-16 06:55:58|0|735|12310|12323|N|||D||881a753b-4495-4bd3-afae-adc7ce7a6d42|
199|0|0|Y|2000-02-07 16:41:37|0|2015-07-16 06:55:58|0|295|2987|2995|N|M_PriceList_Version.AD_Client_ID=@#AD_Client_ID@||D||d9238873-f32d-48c1-8b5f-7d09ad2da4a5|
242|0|0|Y|2001-05-13 10:46:26|0|2015-07-16 06:55:58|0|448|6045|6054|N|PA_ReportLine.IsSummary='Y' ||D||b525a8bc-c388-4ec2-924e-2dec44ee27dd|
337|0|0|Y|2005-04-01 16:04:24|100|2015-07-16 06:55:59|0|319|3521|3791|N||M_InOut.DocumentNo|D||d5669de0-b9a8-4cd0-8143-e9ba79e757e4|
1000013|0|0|Y|2007-12-17 12:09:54|0|2015-07-16 06:55:59|0|217|1501|1509|N|C_DocType.IsSOTrx='N'||D||9b100a55-0c5e-4cec-bbb5-6e47555b475c|
161|0|0|Y|1999-08-10 00:00:00|0|2015-07-16 06:55:59|0|208|1402|1410|N|M_Product.IsSummary='Y'|M_Product.Value|D||068154c1-55e2-4a7f-85ce-c52a0669886b|
145|0|0|Y|1999-07-07 00:00:00|0|2015-07-16 06:55:59|0|142|464|466|N|||D||e6a238d5-f83a-41b0-b612-58d060b0acdf|
228|0|0|Y|2001-04-17 22:27:43|0|2015-07-16 06:55:59|0|440|5884|5892|N|||D||7b51939a-7cd1-4d7c-a7a0-c12e189e9256|
1000029|0|0|Y|2010-08-06 18:36:16|100|2015-07-16 06:56:00|0|407|5241|5250|N|||D||caa379b2-f9ec-49d2-ba8a-93550eda3979|
1000030|0|0|Y|2010-08-06 18:39:05|100|2015-07-16 06:56:00|0|410|5283|5292|N|||D||1e8fb957-fbee-47d8-a4b6-f7632d227913|
1000041|0|0|Y|2011-08-19 15:43:51|100|2015-07-16 06:56:00|0|284|2801|4023|N|||D||936ff3d1-61ef-4add-9ddb-18c9f5334172|
1000044|0|0|Y|2011-12-21 18:23:16|100|2015-07-16 06:56:00|0|1000074|1001410|1001419|N|M_Product_Brand.IsActive='Y'||D||ee031f1e-4a24-4495-b1ce-9bf1e0fedd4b|
1000045|0|0|Y|2012-01-06 10:39:59|100|2015-07-16 06:56:00|0|190|1151|1152|N|||D||c2bf22dc-9987-44fe-b436-fbbd1b373554|
223|0|0|Y|2001-01-17 21:38:56|0|2015-07-16 06:56:07|0|291|2893|2902|N|"C_BPartner.IsVendor='Y' AND EXISTS (SELECT * FROM M_Product_PO po 
WHERE C_BPartner.C_BPartner_ID=po.C_BPartner_ID)"||D||b6d7592d-233b-468c-96e1-772d8617b959|
252|0|0|Y|2002-06-22 19:22:08|0|2015-07-16 06:56:08|0|291|2893|2902|N|C_BPartner.IsEmployee='Y'||D||9b9578f9-547f-4217-8aa1-63659cbde2ae|
100|0|0|Y|1999-05-21 00:00:00|0|2015-07-16 06:56:14|0|108|187|188|N||AD_Val_Rule.Name|D||5c280e9b-d3db-4b5b-88c6-88a0de874cdb|
269|0|0|Y|2002-09-14 15:16:37|0|2015-07-16 06:56:14|0|493|7026|7019|N|AD_PrintFormat.IsTableBased='N'|AD_PrintFormat.Name|D||974f491b-f559-4274-b8d5-9a39ab5f9aee|
190|0|0|Y|1999-12-22 14:36:23|0|2012-01-18 00:01:51|0|114|212|213|N|"EXISTS (SELECT * FROM C_BPartner bp WHERE AD_User.C_BPartner_ID=bp.C_BPartner_ID AND bp.IsSalesRep='Y')
"||D||4376004d-2631-792b-bbe8-3d82baaf6a76|
200|0|0|Y|2000-02-12 17:24:00|0|2012-01-18 00:01:52|0|313|3333|3341|N|C_Charge.AD_Client_ID=@#AD_Client_ID@||D||39886584-7874-9f76-8ac5-8d2494f08c9a|
336|0|0|Y|2005-04-01 15:58:09|100|2012-01-18 00:01:55|0|318|3484|3492|N||C_Invoice.DocumentNo|D||2298db77-49a9-f78f-7761-b4f866bb85b7|
138|0|0|Y|1999-12-15 08:47:00|0|2012-01-18 00:01:56|0|291|2893|2902|Y|C_BPartner.IsSummary='N' AND C_BPartner.IsActive='Y'||D||119c8b42-bfd4-a7e9-e179-d85e5d60003e|
316|0|0|Y|2004-03-06 00:27:42|0|2012-01-18 00:01:59|0|114|212|213|N|(AD_User.AD_Client_ID=0 AND AD_User.AD_User_ID=0) OR EXISTS (SELECT * FROM C_BPartner bp WHERE AD_User.C_BPartner_ID=bp.C_BPartner_ID AND (bp.IsEmployee='Y' OR bp.IsSalesRep='Y'))||D||929d016d-c4d1-6c35-05d6-f8392c9f63db|
331|0|0|Y|2004-11-28 13:43:57|0|2012-01-18 00:02:02|0|188|1125|1135|Y|"C_ElementValue.IsActive='Y' 
AND C_ElementValue.C_Element_ID IN (SELECT C_Element_ID FROM C_AcctSchema_Element ase WHERE ase.ElementType='AC' AND ase.AD_Client_ID=@AD_Client_ID@)"|C_ElementValue.Value|D||d222381b-1004-bd04-727c-7199de06b94d|
371|0|0|Y|2005-12-26 13:05:00|100|2012-01-18 00:02:03|0|835|14813|14821|N|||D||0632ed3b-c6f9-bef0-5bca-f697269a879b|
1000035|0|0|Y|2010-11-09 15:53:45|100|2012-01-18 00:02:07|0|270|3001|1000823|N|||D||992f5fb5-dc51-8572-27f8-de8dd4595445|
389|0|0|Y|2006-06-11 14:37:10|100|2012-01-18 00:02:09|0|882|15592|15601|N|||D||c724be01-0227-ad0d-cc5f-4dcbca9aea0b|
1000027|0|0|Y|2010-07-30 22:55:46|100|2012-01-18 00:02:11|0|660|10831|1002027|N|||D||c490d753-7fe4-66ec-09b3-9076b1e5f6d4|
128|0|0|Y|1999-06-29 00:00:00|0|2012-01-18 00:02:45|0|115|1186|216|N|AD_Sequence.IsTableID='N'|AD_Sequence.Name|D||84618f19-76c9-8e6c-5836-9a2ab6eb5d72|
1000046|0|0|Y|2012-01-18 00:02:52|0|2012-01-18 00:02:52|0|561|8499|8501|N|||D||7ad8c3ae-863b-f216-affc-ea6fd8409258|
197|0|0|Y|2000-02-06 19:59:52|0|2012-01-18 00:02:53|0|190|1151|1152|N|M_Warehouse.AD_Client_ID=@#AD_Client_ID@||D||d58bf37e-9ea7-6a63-508f-551b044059c8|
271|0|0|Y|2002-12-09 20:31:34|0|2012-01-18 00:02:53|0|260|2205|2214|N|||D||2bdb302d-53da-924d-6be5-f193b62165a8|
1000011|0|0|Y|2007-10-05 11:40:40|100|2012-01-18 00:02:59|0|1000035|1000770|1000778|N|||D||f6fed58c-f296-375d-e088-337d897e3007|
232|0|0|Y|2001-04-24 21:52:32|0|2012-01-18 00:03:08|0|291|2893|2902|N|(C_BPartner.IsSalesRep='Y' OR C_BPartner.IsVendor='Y')|C_BPartner.Value|D||d5dfa162-3c41-6976-4ab4-520fcd5336ad|
129|0|0|Y|1999-07-01 00:00:00|0|2012-01-18 00:03:23|0|112|207|208|N||AD_Client.Name|D||234eb3ce-b5be-ad8e-9cc3-4278992f0d3d|
276|0|0|Y|2003-02-11 23:36:59|0|2012-01-18 00:03:23|0|155|528|522|Y||AD_Org.Value|D||17b61693-63dd-0891-3ce4-b34020d52a49|
162|0|0|Y|1999-08-10 00:00:00|0|2012-01-18 00:03:32|0|208|1402|1410|N|M_Product.IsSummary='N'|M_Product.Value|D||15701c94-697c-c7a6-d54c-917563c5f3ac|
284|0|0|Y|2003-06-19 16:56:44|0|2012-01-18 00:03:37|0|105|155|156|N||AD_Window.Name|D||24287f94-8c93-13d2-9ffc-a4d139db0b8d|
351|0|0|Y|2005-05-20 22:42:13|100|2012-01-18 00:03:41|0|799|13924|13932|N|||D||10ea23d5-bf7b-d185-136a-934afc0dedc6|
341|0|0|Y|2005-04-26 22:00:26|100|2012-01-18 00:03:42|0|417|5415|5423|N|||D||a1dcddca-03be-4d0a-148d-44a07614a4b9|
352|0|0|Y|2005-05-30 14:39:07|100|2012-01-18 00:03:53|0|637|10269|10267|N|||D||1df20a5e-23ad-0858-3808-035eb316a0c6|
362|0|0|Y|2005-10-27 15:37:35|100|2012-01-18 00:03:56|0|188|1125|1135|Y|C_ElementValue.IsSummary<>'Y'|C_ElementValue.Value|D||0fb52375-0212-d079-66b2-111ce0f6e447|
142|0|0|Y|2000-08-06 23:29:56|0|2012-01-18 00:03:57|0|316|3457|3465|N|C_Activity.IsSummary='N'||D||44a76b92-8a24-3ace-6270-862b4221a12d|
143|0|0|Y|2000-08-06 23:34:02|0|2012-01-18 00:03:57|0|274|2570|2578|Y|C_Campaign.IsSummary='N'||D||06076b0e-5a78-b3f8-44d5-39d2a4276807|
141|0|0|Y|1999-07-07 00:00:00|0|2012-01-18 00:03:57|0|203|1349|1356|Y|C_Project.IsSummary='N'||D||625e5295-83d9-413a-ef49-4fc64506fbce|
144|0|0|Y|1999-07-07 00:00:00|0|2012-01-18 00:03:57|0|230|1823|1831|Y|C_SalesRegion.IsSummary='N'||D||07a31910-4999-77b3-d2e3-bf331caa6631|
322|0|0|Y|2004-06-09 16:47:19|0|2012-01-18 00:04:11|0|155|528|522|Y|AD_Org.AD_Org_ID<>0||D||a386c5f6-ad8e-34e7-f7fe-14eef4e0f812|
182|0|0|Y|1999-10-11 00:00:00|0|2012-01-18 00:04:19|0|188|1125|1135|Y||C_ElementValue.Value|D||92b140d8-9327-5c0a-3a30-fd9df51dc43e|
275|0|0|Y|2003-02-09 13:51:05|0|2012-01-18 00:04:22|0|145|837|482|N||C_Period.StartDate|D||4017f077-512a-9cad-92a5-8eba23241e6b|
191|0|0|Y|1999-12-22 17:11:10|0|2012-01-18 00:04:35|0|207|1389|3012|N|||D||5cfcb6f0-6092-19b7-9f42-f2d239ebcec0|
171|0|0|Y|1999-08-10 00:00:00|0|2012-01-18 00:04:35|0|208|1402|1410|N|M_Product.IsStocked='Y' AND M_Product.IsSummary='N'|M_Product.Value|D||7940202b-9738-5cb0-8a82-f7d9868eb5e9|
157|0|0|Y|1999-08-09 00:00:00|0|2012-01-18 00:04:38|0|164|856|864|N|||D||4479c3eb-3218-9602-1d3e-fcfef60a02fe|
3|0|0|Y|1999-05-21 00:00:00|0|2012-01-18 00:04:38|0|101|109|116|N||AD_Column.AD_Table_ID,AD_Column.ColumnName|D||14dd53df-3362-59c9-d3ae-ff7addbf86f5|
239|0|0|Y|2001-05-13 10:07:57|0|2012-01-18 00:04:56|0|446|5999|6008|N|||D||7b1fc163-caf2-4313-c94b-933d5f0380a9|
1000007|0|0|Y|2007-09-14 18:56:48|100|2012-01-18 00:04:57|0|1000025|1000582|1000581|Y|C_Subject.Type='BAGN' AND C_Subject.IsSummary='N'|C_Subject.Value|D||40cd67f6-83ac-6877-05c8-70120e60717d|
1000006|0|0|Y|2007-09-14 18:54:13|100|2012-01-18 00:04:57|0|1000025|1000582|1000581|Y|C_Subject.Type='EGPF' AND C_Subject.IsSummary='N'|C_Subject.Value|D||592ef50b-428e-e068-39c1-5fad294ea29c|
1000005|0|0|Y|2007-09-14 18:52:31|100|2012-01-18 00:04:57|0|1000025|1000582|1000581|Y|C_Subject.Type='EGPN' AND C_Subject.IsSummary='N'|C_Subject.Value|D||4fe67aaf-8249-d401-0ed5-51c5852ba064|
272|0|0|Y|2003-01-11 19:09:23|0|2012-01-18 00:05:02|0|101|109|116|N|AD_Column.AD_Table_ID IN (315,266) AND AD_Column.AD_Reference_ID=25|AD_Column.ColumnName|D||a77dabaa-5c6b-31ae-e89f-0838aeeb3628|
109|0|0|Y|1999-06-21 00:00:00|0|2012-01-18 00:05:10|0|129|293|294|N|||D||127f6755-6ecb-f3c7-b84d-12cf2f757b66|
156|0|0|Y|1999-08-09 00:00:00|0|2012-01-18 00:05:19|0|170|941|949|N||C_Country.Name|D||35fa52fd-6b90-7cd2-14b3-abe4908e56f9|
158|0|0|Y|1999-08-09 00:00:00|0|2012-01-18 00:05:19|0|261|2240|2246|N|||D||8a75eee9-d384-ae47-071b-f49d212556a8|
105|0|0|Y|1999-05-21 00:00:00|0|2012-01-18 00:05:20|0|116|228|229|N|AD_Menu.IsSummary='Y'||D||6baccbfa-d2f5-0d6c-434d-3bd8c9e8e473|
244|0|0|Y|2001-09-08 14:15:42|0|2012-01-18 00:05:22|0|101|109|116|N|AD_Column.IsKey='Y'|AD_Column.ColumnName|D||f7c65ea4-b670-b3ae-4fd5-be53705e111a|
114|0|0|Y|1999-06-22 00:00:00|0|2012-01-18 00:05:23|0|146|485|486|N|||D||1b739588-67f1-6821-e237-bdb3961037e4|
163|0|0|Y|1999-08-10 00:00:00|0|2012-01-18 00:05:25|0|209|2020|1776|Y||M_Product_Category.Name|D||d41e68f5-6c85-6188-0e18-8d5aa2c27388|
159|0|0|Y|1999-12-23 08:38:59|0|2012-01-18 00:06:13|0|293|3434|2960|N|||D||abd61cad-6a91-4e76-8ef6-67b80fc63537|
356|0|0|Y|2005-08-27 09:56:15|100|2012-01-18 00:06:17|0|346|4069|4078|N|||D||82ec8b81-03ed-df76-87e5-08ddb45f1f26|
124|0|0|Y|1999-12-15 08:45:54|0|2012-01-18 00:06:17|0|291|2893|2902|N|C_BPartner.IsSummary='Y'||D||af75c92b-5dd1-2153-fda3-e0f5fd2c8504|
249|0|0|Y|2002-01-21 21:20:18|0|2012-01-18 00:06:19|0|475|6581|6589|N|||D||1ba28ba8-abaf-8469-8126-6ca6394b6d7b|
110|0|0|Y|1999-06-21 00:00:00|0|2012-01-18 00:06:20|0|114|212|213|N||AD_User.Name|D||3b2a966d-bc89-974d-b374-8fe5a95e97cc|
268|0|0|Y|2002-08-24 18:16:01|0|2012-01-18 00:06:32|0|493|7026|7019|N|AD_PrintFormat.AD_Table_ID=498||D||49889a5c-eec8-c3d5-85a3-dede1b06d61e|
230|0|0|Y|2001-04-17 23:18:38|0|2012-01-18 00:06:36|0|440|5884|5892|N|PA_Goal.IsSummary='Y'||D||a2e90f66-6f74-5041-895f-9ecc06783ab5|
112|0|0|Y|1999-06-22 00:00:00|0|2012-01-18 00:06:37|0|141|457|458|N|C_Currency.IsEMUMember='N' AND C_Currency.IsActive='Y'|C_Currency.ISO_Code|D||bd59bd0b-314d-9037-77cb-83f16f85c764|
240|0|0|Y|2001-05-13 10:18:21|0|2012-01-18 00:06:49|0|448|6045|6054|N|||D||44d3697d-6b99-4f9f-cc4b-1bd72cead9a8|
353|0|0|Y|2005-07-13 15:43:37|100|2012-01-18 00:07:06|0|291|2893|2902|N|C_BPartner.IsSalesRep='Y'|C_BPartner.Value|D||0ab61c93-9227-9f83-a4ae-196fc98f6c8c|
192|0|0|Y|2000-01-25 16:55:06|0|2012-01-18 00:07:07|0|291|2893|2902|N|C_BPartner.IsVendor='Y'||D||902bc85d-e3f1-a455-6853-3ceda055d477|
266|0|0|Y|2002-08-24 16:30:19|0|2012-01-18 00:07:08|0|490|6975|6979|N|||D||7620e39f-0b74-17d6-f66e-952d9f79f27a|
251|0|0|Y|2002-05-26 10:50:52|0|2012-01-18 00:07:21|0|101|109|111|N||AD_Column.Name|D||f209bf72-98e4-6b41-b4aa-8542620a6ba3|
184|0|0|Y|1999-12-09 09:00:57|0|2012-01-18 00:07:31|0|288|2856|2864|N|||D||0aba6031-3719-0716-6adf-b903896a83dd|
1000001|0|0|Y|2007-09-06 17:56:38|100|2012-01-18 00:07:38|0|217|1501|1509|N|C_DocType.IsSOTrx='Y' AND C_DocType.AD_Client_ID=@#AD_Client_ID@||U||44721a64-b03c-88c4-4255-71385f0200d0|
1000034|0|0|Y|2010-08-20 19:35:24|100|2012-01-18 00:07:39|0|156|531|532|N|||D||13d655fc-e41d-078e-b717-98988f34754c|
321|0|0|Y|2004-05-12 12:38:15|0|2012-01-18 00:07:59|0|217|1501|1509|N|C_DocType.DocBaseType='SOO' AND C_DocType.DocSubTypeSO='RM' AND C_DocType.AD_Client_ID=@#AD_Client_ID@||D||76e28c2b-7a6e-178f-0849-0497a09867b2|
290|0|0|Y|2003-09-03 12:25:34|0|2012-01-18 00:08:28|0|259|2161|2169|N||C_Order.DocumentNo|D||a2111ef6-c84f-7f38-78f0-68dbe9f912cc|
174|0|0|Y|1999-09-27 00:00:00|0|2012-01-18 00:09:20|0|117|351|236|N|||D||6733e75f-10a9-1a79-cd3f-c0fa5cb9c1d5|
1000031|0|0|Y|2010-08-06 19:28:00|100|2012-01-18 00:09:24|0|1000068|1001334|1001338|N|||D||9f208850-d4de-cf08-6c50-100214ea31d6|
400|0|0|Y|2007-02-27 00:00:00|0|2012-01-18 00:09:29|0|284|2801|2809|N|AD_Process.JasperReport IS NOT NULL||D||e256bc27-7bea-c671-c827-51596a86e264|
136|0|0|Y|1999-07-07 00:00:00|0|2012-01-18 00:09:35|0|265|2463|2471|N|||D||be62eeb9-f958-964b-fcca-dd42eafcdaf3|
274|0|0|Y|2003-02-03 20:44:34|0|2012-01-18 00:09:46|0|416|5403|5411|N|||D||98ada2c9-d1a4-fb87-1cda-c905f7b64aa8|
262|0|0|Y|2002-08-04 19:26:41|0|2012-01-18 00:09:46|0|493|7026|7019|N|AD_PrintFormat.AD_Table_ID=496||D||6c763b15-9cf4-59fd-116c-15537e085446|
263|0|0|Y|2002-08-04 19:27:46|0|2012-01-18 00:09:46|0|493|7026|7019|N|"AD_PrintFormat.AD_Table_ID=500
"||D||5dc5ee54-4f4b-0113-bf76-61d1c6557f17|
267|0|0|Y|2002-08-24 16:40:35|0|2012-01-18 00:09:50|0|491|6989|6983|N|||D||bfe41e2d-2e8d-c6fc-47c8-280909798c35|
102|0|0|Y|2002-05-26 10:19:27|0|2012-01-18 00:09:55|0|109|6765|198|N||AD_Message.MsgText|D||4be30986-b66b-acfe-2566-5ec2fe267524|
188|0|0|Y|2000-02-01 22:21:33|0|2012-01-18 00:10:12|0|295|2987|2995|N|||D||2cbe9122-6434-0fdc-ac4e-fb7e7ca4c82f|
295|0|0|Y|2003-12-14 23:09:22|0|2012-01-18 00:10:13|0|320|3529|3810|N|||D||f3c8bf04-ca7d-138b-ab06-1d4f8ecf5088|
296|0|0|Y|2003-12-14 23:10:29|0|2012-01-18 00:10:13|0|322|3555|3819|N|||D||6ed4ee09-51ac-96bf-81e0-7a126856ad09|
297|0|0|Y|2003-12-14 23:11:20|0|2012-01-18 00:10:13|0|326|3611|4768|N|||D||84f9e223-b21a-6d6f-72ec-85dc9f9eac56|
298|0|0|Y|2003-12-14 23:12:21|0|2012-01-18 00:10:13|0|329|3658|3669|N|||D||d8d7d4f1-84d4-4dfb-2813-cba4346ef481|
264|0|0|Y|2002-08-24 16:12:17|0|2012-01-18 00:10:25|0|489|6954|6940|N|||D||9e711c7e-fe90-7e96-d0df-866bf1deacb3|
257|0|0|Y|2002-07-11 21:29:49|0|2012-01-18 00:10:30|0|101|109|111|N|AD_Column.AD_Reference_ID=11|AD_Column.Name|D||ffa971b8-ba85-9be8-5ca4-42a38c017e82|
258|0|0|Y|2002-07-11 21:32:36|0|2012-01-18 00:10:30|0|101|109|111|N|AD_Column.AD_Reference_ID=20|AD_Column.Name|D||ca595b95-701c-2c75-f3e2-7846b8ff5f63|
278|0|0|Y|2003-05-08 06:32:47|0|2012-01-18 00:10:31|0|106|160|161|N|||D||a4c70f41-1e70-b06c-c39c-0e18c3ee7686|
1000012|0|0|Y|2007-10-24 09:54:43|100|2012-01-18 00:10:34|0|297|3077|3074|N||C_BankAccount.AccountNo|D||3d70b0f6-5182-ce36-3046-72649dd40dd7|
343|0|0|Y|2005-05-08 21:08:51|100|2012-01-18 00:10:36|0|335|5043|5401|N|||D||e0b37802-946a-a5b9-831b-6e7bb6c7aa3f|
277|0|0|Y|2003-03-18 17:07:30|0|2012-01-18 00:10:47|0|291|2893|2902|N|"C_BPartner.IsEmployee='Y' 
AND EXISTS (SELECT * FROM C_BPartner_Location l WHERE C_BPartner.C_BPartner_ID=l.C_BPartner_ID AND l.C_Location_ID IS NOT NULL)
AND EXISTS (SELECT * FROM AD_User u WHERE C_BPartner.C_BPartner_ID=u.C_BPartner_ID)
"||D||c1967813-24f9-0f92-bca7-47ca8dd48a66|
229|0|0|Y|2001-04-17 23:13:28|0|2015-07-16 06:39:52|0|438|5856|5864|N|PA_Achievement.IsSummary='Y'||D||3605c3ee-6fc6-4daa-9223-6dbb63988322|
193|0|0|Y|2000-01-25 20:37:28|0|2015-07-16 06:55:58|0|297|3077|3074|N|C_BankAccount.IsCreditCardAcct='Y'||D||c95b4c68-0877-4fef-8521-46c808b09221|
172|0|0|Y|1999-08-10 00:00:00|0|2015-07-16 06:55:59|0|217|1501|1509|N|C_DocType.DocBaseType='SOO' AND C_DocType.AD_Client_ID=@#AD_Client_ID@||D||72253526-b28e-4d5d-8fd1-a543ecf67893|
175|0|0|Y|1999-09-27 00:00:00|0|2015-07-16 06:56:00|0|176|1014|1746|N|||D||d2952178-8e38-4fe3-89b0-f8b23923ff64|
206|0|0|Y|2000-08-06 23:37:41|0|2015-07-16 06:56:07|0|100|100|102|N|EXISTS (SELECT * FROM AD_Column c WHERE AD_Table.AD_Table_ID=c.AD_Table_ID AND c.IsActive='Y' AND  c.ColumnName='Posted')||D||ab303842-dadd-4ca8-bd3d-d8f2925bb053|
1000055|0|0|Y|2013-11-04 19:26:24|0|2015-07-16 06:56:09|0|1000297|2003586|2003598|N|||D||f3b1d537-c815-4b07-b8bc-e89038b59040|
1000063|0|0|Y|2015-04-29 10:41:23|100|2015-07-16 06:56:14|0|1000191|2000539|2001472|N|||D||118c985e-4ccc-42db-9488-5cd0a61434f3|
113|0|0|Y|1999-06-22 00:00:00|0|2015-07-16 06:56:14|0|155|528|522|N|EXISTS (SELECT * FROM AD_OrgInfo WHERE AD_Org.AD_Org_ID=AD_OrgInfo.AD_Org_ID AND AD_OrgInfo.IsSummary='Y')|AD_Org.Name|D||9d4568c7-885c-4518-a95e-19373d3335d4|
1000066|0|0|Y|2016-07-13 12:36:54|100|2016-07-13 12:36:54|100|100|100|102|N|||D||cca00d77-637d-4fa8-af24-8f2ba99b8397|
