1000004|0|0|Y|2006-08-10 20:22:41|100|2017-09-15 12:37:02|0|?|?|?|2009-12-21|120 |0|?|L|||||N|xendra.oradb10g.|jdbc:postgresql://192.168.5.4:5432/core?encoding=unicode|4||||Y|||||Y|C1U2B0P0I0L0M0|"SYSTEM|"|||E|Y|1abc95c0-227b-73ed-cc45-132015e1533c|"""dbpoolserver""=>""200"""
0|0|0|Y|2006-08-10 20:22:41|100|2017-09-15 12:37:02|0|?|?|?|2009-12-21|120 |0|?|L|||||N|xendra.oradb10g.|jdbc:postgresql://localhost:5432/core?encoding=unicode|4||||Y|||||Y|C1U2B0P0I0L0M0|"SYSTEM|"|||E||1abc95c0-227b-73ed-cc45-132015e1533c|"""dbpoolserver""=>""200"""
1000001|0|0|Y|2006-08-10 20:22:41|100|2017-09-15 12:37:02|0|?|?|?|2009-12-21|120 |0|?|L|||||N|xendra.oradb10g.|jdbc:postgresql://192.168.5.4:5432/core?encoding=unicode|4||||Y|||||Y|C1U2B0P0I0L0M0|"SYSTEM|"|||E|Y|1abc95c0-227b-73ed-cc45-132015e1533c|"""dbpoolserver""=>""200"""
1000002|0|0|Y|2006-08-10 20:22:41|100|2017-09-15 12:37:02|0|?|?|?|2009-12-21|120 |0|?|L|||||N|xendra.oradb10g.|jdbc:postgresql://192.168.5.4:5432/core?encoding=unicode|4||||Y|||||Y|C1U2B0P0I0L0M0|"SYSTEM|"|||E|Y|1abc95c0-227b-73ed-cc45-132015e1533c|"""dbpoolserver""=>""200"""
1000003|0|0|Y|2006-08-10 20:22:41|100|2017-09-15 12:37:02|0|?|?|?|2009-12-21|120 |0|?|L|||||N|xendra.oradb10g.|jdbc:postgresql://192.168.5.4:5432/core?encoding=unicode|4||||Y|||||Y|C1U2B0P0I0L0M0|"SYSTEM|"|||E|Y|1abc95c0-227b-73ed-cc45-132015e1533c|"""dbpoolserver""=>""200"""
