10|0|0|1999-11-16 14:55:07|0|2000-01-02 00:00:00|0|Y|Menu|Primary Menu|MM|Y||N|2529397b-77c8-8289-5709-138fdcd849f5
20|0|0|1999-11-16 14:56:00|0|2004-12-28 13:16:03|100|Y|(Primary Account Element Value)|DO NOT USE|EV|Y||N|1181b300-313d-ab00-7225-16266572ae3c
30|0|0|1999-11-16 14:56:39|0|2004-12-28 13:16:37|100|Y|(Primary Product)|DO NOT USE|PR|Y||N|ee2539c6-9901-67c7-d859-7a734fc54267
40|0|0|1999-11-16 14:57:10|0|2004-12-28 13:16:15|100|Y|(Primary Business Partner)|DO NOT USE|BP|Y||N|bf22c340-9ed6-d001-5ec4-fe7722e07c34
50|0|0|1999-11-16 14:57:44|0|2004-12-28 13:16:28|100|Y|(Primary Organization)|DO NOT USE|OO|Y||N|d4cb7714-2b1a-2fc1-7f4d-8f58015e1d4f
60|0|0|1999-11-16 14:58:45|0|2004-12-28 13:16:48|100|Y|(Primary Project)|DO NOT USE|PJ|Y||N|1bb839e9-a6a1-7a3f-bf83-9df2b4118e54
100|0|0|1999-12-09 20:35:07|0|2004-12-28 13:16:59|100|Y|(Primary Sales Region)|DO NOT USE|SR|Y||N|d5803fe6-6231-90c1-d136-bbf098a1ea99
1000080|0|0|2007-09-05 18:46:36|100|2007-09-05 19:32:03|100|Y|Accounting Subject||AS|Y|N|N|bd569343-3a9a-dbd5-26ad-efb7387c9766
