es_PE|142|0|0|Y|2006-11-10 00:02:24|100|2006-11-10 00:02:24|100|Región de Ventas|Mantener Regiones de Ventas|Define las diferentes regiones donde se hacen negocios. Es posible generar Informes basado en las regiones de ventas.|N
es_PE|216|0|0|Y|2006-11-10 00:02:24|100|2006-11-10 00:02:24|100|(Start)|(Standard Node)||N
es_PE|217|0|0|Y|2006-11-10 00:02:24|100|2006-11-10 00:02:24|100|(DocAuto)|(Standard Node)||N
es_PE|218|0|0|Y|2006-11-10 00:02:24|100|2006-11-10 00:02:24|100|(DocPrepare)|(Standard Node)||N
es_PE|219|0|0|Y|2006-11-10 00:02:24|100|2006-11-10 00:02:24|100|(DocComplete)|(Standard Node)||N
es_PE|220|0|0|Y|2006-11-10 00:02:24|100|2006-11-10 00:02:24|100|(Start)|(Standard Node)||N
es_PE|221|0|0|Y|2006-11-10 00:02:24|100|2006-11-10 00:02:24|100|(DocAuto)|(Standard Node)||N
es_PE|222|0|0|Y|2006-11-10 00:02:24|100|2006-11-10 00:02:24|100|(DocPrepare)|(Standard Node)||N
es_PE|223|0|0|Y|2006-11-10 00:02:24|100|2006-11-10 00:02:24|100|(DocComplete)|(Standard Node)||N
es_PE|224|0|0|Y|2006-11-10 00:02:24|100|2006-11-10 00:02:24|100|(Start)|(Standard Node)||N
es_PE|225|0|0|Y|2006-11-10 00:02:24|100|2006-11-10 00:02:24|100|(DocAuto)|(Standard Node)||N
es_PE|226|0|0|Y|2006-11-10 00:02:24|100|2006-11-10 00:02:24|100|(DocPrepare)|(Standard Node)||N
es_PE|227|0|0|Y|2006-11-10 00:02:24|100|2006-11-10 00:02:24|100|(DocComplete)|(Standard Node)||N
es_PE|204|0|0|Y|2006-11-10 00:02:24|100|2006-11-10 00:02:24|100|(DocAuto)|(Standard Node)||N
es_PE|162|0|0|Y|2006-11-10 00:02:24|100|2006-11-10 00:02:24|100|Esquema De Lista De precios|Manteminiento al esquema de lista de precios|Esquema de lista de precios define las reglas de calculo para la lista de precios|N
es_PE|161|0|0|Y|2006-11-10 00:02:24|100|2006-11-10 00:02:24|100|Producto|Mantener Productos|La ventana define todos los productos usados por una organización. Estos productos incluyen aquellos vendidos a clientes; los usados para fabricar los productos que son vendidos a clientes y los productos que son comprados por una organización|N
es_PE|126|0|0|Y|2006-11-10 00:02:24|100|2006-11-10 00:02:24|100|Plan Contable General|Mantener Elementos Contables|La ventana de elementos contables es usada para definir y mantener los elementos contables y los elementos definidos por el usuario. Uno de los segmentos contables es el segmento correspondiente al plan de cuentas (COA). Es posible adicionar otros elementos con fines de Informe para segmentos definidos por el usuario.|N
es_PE|127|0|0|Y|2006-11-10 00:02:24|100|2006-11-10 00:02:24|100|Esquema Contable|Mantener esquema de contabilidad-para que los cambios aparezcan hay que salir y entrar a la aplicación de nuevo|Esta ventana define un método contable y los elementos que comprenderán la estructura de cuentas. Permite crear y activar elementos para la contabilidad detallada de Socios de Negocio; Productos; Localizaciones; etc. También permite revisar y cambiar las cuentas del libro mayor y los valores predeterminados. Las cuentas que son usadas en las transacciones dependen de la organización que ejecuta la transacción.|N
es_PE|128|0|0|Y|2006-11-10 00:02:24|100|2006-11-10 00:02:24|100|Categoría CG|Mantener Categorías del Libro Mayor|Esta ventana permite definir categorías para ser usada en los diarios contables. Estas categorías proveen un método de agrupamiento opcional y de Informe para los diarios|N
es_PE|155|0|0|Y|2006-11-10 00:02:24|100|2006-11-10 00:13:26|100|Socios del Negocio|Verificar Socio de Negocio para procesar Request.|Usted puede enviar email para los socios de negocio. Asegurar que, los socios de negocio y/o los contactos tiene direcciones de email.|Y
es_PE|157|0|0|Y|2006-11-10 00:02:24|100|2006-11-10 00:02:24|100|Tipo de Solicitud|Mantener Tipo de Solicitudes|Los tipos de solicitudes son usados para procesar y categorizar solicitudes. Las opciones son consultar cuenta; garantía; etc.|N
es_PE|136|0|0|Y|2006-11-10 00:02:24|100|2006-11-10 00:02:24|100|Morosidad|Mantener niveles de morosidad|Define los parámetros que serán usados en las cartas de morosidad. Cada cliente puede ser asociado con un código de morosidad.|N
es_PE|137|0|0|Y|2006-11-10 00:02:24|100|2006-11-10 00:02:24|100|Reconocimiento de Ingresos|Reglas de Reconocimiento de Ingresos|La ventana define los intervalos a los cuales los ingresos serán reconocidos. Alternativamente; el reconocimiento de ingresos puede ser relacionado a los niveles de servicio suministrados.|N
es_PE|182|0|0|Y|2006-11-10 00:02:24|100|2006-11-10 00:02:24|100|(DocAuto)|(Standard Process_Requisition)||N
es_PE|183|0|0|Y|2006-11-10 00:02:24|100|2006-11-10 00:02:24|100|(Start)|(Standard Node)||N
es_PE|184|0|0|Y|2006-11-10 00:02:24|100|2006-11-10 00:02:24|100|(DocAuto)|(Standard Node)||N
es_PE|185|0|0|Y|2006-11-10 00:02:24|100|2006-11-10 00:02:24|100|(DocPrepare)|(Standard Node)||N
es_PE|186|0|0|Y|2006-11-10 00:02:24|100|2006-11-10 00:02:24|100|(DocComplete)|(Standard Node)||N
es_PE|187|0|0|Y|2006-11-10 00:02:24|100|2006-11-10 00:02:24|100|(Start)|(Standard Node)||N
es_PE|188|0|0|Y|2006-11-10 00:02:24|100|2006-11-10 00:02:24|100|(DocAuto)|(Standard Node)||N
es_PE|159|0|0|Y|2006-11-10 00:02:24|100|2006-11-10 00:02:24|100|Unidad de Medida|Mantener Unidad de Medida|Esta ventana es usada para definir unidades de medida (UOM) de índole no monetarias. También define si la conversión entre unidades de medida es permitida y como debe ser calculada. El sistema provee algunas conversiones automáticas (ej. Minuto; hora; día; etc.) si ellas no son definidas explícitamente aquí. Las conversiones deben ser directas (ej. Si solo se tiene una conversión entre A-B y B-C; el sistema no puede convertir entre A-C; es necesario definir explícitamente la conversión).|N
es_PE|160|0|0|Y|2006-11-10 00:02:24|100|2006-11-10 00:02:24|100|Categoría de Producto|Mantener categorías de producto|La categoría de producto permite definir diferentes grupos de productos. Estos grupos pueden ser usados para generar listas de precios; definir margenes; y asignar de manera fácil los diferentes parámetros contables a los productos.|N
es_PE|239|0|0|Y|2006-11-10 00:02:24|100|2006-11-10 00:02:24|100|(DocComplete)|(Standard Node)||N
es_PE|158|0|0|Y|2006-11-10 00:02:24|100|2006-11-10 00:02:24|100|Almacén y Ubicación|Mantener Almacenes y Ubicación|La ventana se usa para definir los almacenes y sus ubicaciones así como los parámetros contables que deberán ser utilizados para el inventario en ese almacén.|N
es_PE|215|0|0|Y|2006-11-10 00:02:24|100|2006-11-10 00:02:24|100|Año Calendario y Período|Mantener Períodos de Años Calendarios|Esta ventana define los calendarios que serás usados para el control de períodos y para Informes. Es posible también definir calendarios no estándares (ej. Año fiscal de Junio a julio).|N
es_PE|106|0|0|Y|2006-11-10 00:02:24|100|2006-11-10 00:02:24|100|Ciclo de Proyecto|Mantener Ciclos de Proyecto|Esta ventana define los pasos asociados con un proyecto específico. Es posible definir diferentes ciclos de proyecto para diferenciar los diferentes tipos de estos. Los ciclos de proyecto pueden usar todos ó un subconjunto de los estados de proyecto (ej. El ciclo de proyecto de su oportunidad puede incluir los pasos de prospecto a contrato; el ciclo de servicio puede incluir los pasos de Instalación a aceptación del cliente).|N
es_PE|208|0|0|Y|2006-11-10 00:02:24|100|2006-11-10 00:02:24|100|(DocAuto)|(Standard Node)||N
es_PE|107|0|0|Y|2006-11-10 00:02:24|100|2006-11-10 00:02:24|100|Lenguaje|Mantener Lenguajes|La ventana de lenguaje permite definir múltiples lenguajes paralelos para los usuarios. Esto permite a los usuarios acceder a los mismos datos pero tener ventanas; pestañas y campos desplegados en lenguajes. Si un lenguaje es un lenguaje del sistema; se puede cambiar la interfase de usuario a este lenguaje (después de traducirlo); de otra manera; el lenguaje será usado solo para imprimir documentos. Para códigos de lenguaje; se sugiere usar la convención Java de país y lenguaje (ej. fr_CN para francés de Canada). El verificar el lenguaje crea los registros de traducción faltantes. Comience este proceso después de crear un nuevo lenguaje.|N
es_PE|108|0|0|Y|2006-11-10 00:02:24|100|2006-11-10 00:02:24|100|Tipo de Proyecto|Mantener el tipo de proyecto y fase|Mantiene los tipos del proyecto y sus fases con la información estándar del funcionamiento|N
es_PE|168|0|0|Y|2006-11-10 00:02:24|100|2006-11-10 00:02:24|100|Cargo|Mantener Cargos|Define los diferentes cargos adicionales en que se puede incurrir en una transacción. Estos pueden incluir cargos de servicio bancario; cargos del proveedor; cargos de manejo entre otros.|N
es_PE|169|0|0|Y|2006-11-10 00:02:24|100|2006-11-10 00:02:24|100|Tasa de Impuesto|Mantener Impuestos y sus tasas|La ventana permite definir los diferentes impuestos usados para cada categoría de impuestos. Por ejemplo; el impuesto de ventas debe estar definido para cada estado en el cual aplique.|N
es_PE|145|0|0|Y|2006-11-10 00:02:24|100|2006-11-10 00:02:24|100|Campaña de Mercadeo|Mantener Campañas de Mercadeo|La ventana define las fechas de comienzo y final de una campaña de mercadeo. También provee un balance actualizado de los Totales facturados relacionados con esta campaña.|N
es_PE|122|0|0|Y|2006-11-10 00:02:24|100|2006-11-10 00:13:26|100|Formas|Traducción de Formas|Forms are special Windows and you need to translate its name, description and Help.|Y
es_PE|123|0|0|Y|2006-11-10 00:02:24|100|2006-11-10 00:13:26|100|Informes y Procesos|Traducción Informes y Procesos|Traduce el Nombre, Descripción y Ayuda para los Procesos y Informes. Usted no necesita traducir los parametros si hay un mantenimiento central.|Y
es_PE|125|0|0|Y|2006-11-10 00:02:24|100|2006-11-10 00:02:24|100|Año Calendario y Período|Mantener Períodos de Años Calendarios|Esta ventana define los calendarios que serás usados para el control de períodos y para Informes. Es posible también definir calendarios no estándares (ej. Año fiscal de Junio a julio).|N
es_PE|172|0|0|Y|2006-11-10 00:02:24|100|2006-11-10 00:02:24|100|Cargador de Archivos para importar|Cargar Archivos||N
es_PE|173|0|0|Y|2006-11-10 00:02:24|100|2006-11-10 00:02:24|100|Importar Cuenta Contable|Importar valores de cuentas contables|La ventana natural de la importación de cuentas es una tabla interna, se utiliza al importar datos externos en el sistema. Seleccionar el 'Proceso' el botón agregará ó modificará los registros apropiados.|N
es_PE|171|0|0|Y|2006-11-10 00:02:24|100|2006-11-10 00:02:24|100|Categoría de Impuesto|Mantener Categorías de Impuestos|Esta ventana se usa para definir y mantener las categorías de impuestos. Cada producto es asociado con una categoría de impuestos lo cual facilita la actualización cuando los impuestos cambian.|N
es_PE|120|0|0|Y|2006-11-10 00:02:24|100|2006-11-10 00:13:26|100|Referencias|Traducción de Referencias|"Referencias son empleadas como slección de Listas predefinidas.Sólo necesita traducir los elementos de la lista!!
"|Y
es_PE|195|0|0|Y|2006-11-10 00:02:24|100|2006-11-10 00:02:24|100|(Start)|(Standard Node)||N
es_PE|196|0|0|Y|2006-11-10 00:02:24|100|2006-11-10 00:02:24|100|(DocAuto)|(Standard Node)||N
es_PE|197|0|0|Y|2006-11-10 00:02:24|100|2006-11-10 00:02:24|100|(DocPrepare)|(Standard Node)||N
es_PE|198|0|0|Y|2006-11-10 00:02:24|100|2006-11-10 00:02:24|100|(DocComplete)|(Standard Node)||N
es_PE|199|0|0|Y|2006-11-10 00:02:24|100|2006-11-10 00:02:24|100|(Start)|(Standard Node)||N
es_PE|200|0|0|Y|2006-11-10 00:02:24|100|2006-11-10 00:02:24|100|(DocAuto)|(Standard Node)||N
es_PE|201|0|0|Y|2006-11-10 00:02:24|100|2006-11-10 00:02:24|100|(DocPrepare)|(Standard Node)||N
es_PE|202|0|0|Y|2006-11-10 00:02:24|100|2006-11-10 00:02:24|100|(DocComplete)|(Standard Node)||N
es_PE|203|0|0|Y|2006-11-10 00:02:24|100|2006-11-10 00:02:24|100|(Start)|(Standard Node)||N
es_PE|138|0|0|Y|2006-11-10 00:02:24|100|2006-11-10 00:02:24|100|Importar Socio de Negocio|Importar Socio de Negocio|La ventana es una tabla interina la cual se usa cuando se importan datos externa hacia el sistema. Cuando se selecciona el botón `Procesar` los registros se adicionarán ó modificarán.|N
es_PE|139|0|0|Y|2006-11-10 00:02:24|100|2006-11-10 00:02:24|100|Socio del Negocio|Mantener socios de negocio|Esta ventana permite definir a cualquier ente con el cual se tenga relación de negocios (Socios de Negocio). Esto incluye clientes; proveedores y empleados. Antes de entrar ó importar productos; es necesario definir proveedores. La ventana mantiene toda la información sobre los socios de negocio y los valores que aqui se definan; serán usados en todas las transacciones de documentos de la aplicación.|N
es_PE|129|0|0|Y|2006-11-10 00:02:24|100|2006-11-10 00:02:24|100|Tipo de Documento|Mantener tipos de documentos|La ventana define cualquier documento que va a ser usado en el sistema. Cada tipo de documento provee la base para el procesamiento de cada documento y controla el nombre a imprimir y la secuencia de documentos.|N
es_PE|140|0|0|Y|2006-11-10 00:02:24|100|2006-11-10 00:13:26|100|Usuario|Defina su Usuario como Representante de Ventas|Los usuarios pueden registrarce en el sistema y tener acceso a la funcionalidad via uno o más roles. Esto permite al usuario ser tratado como representante de ventas en el sistema.|Y
es_PE|141|0|0|Y|2006-11-10 00:02:24|100|2006-11-10 00:13:26|100|Socio del Negocio|Configure su Socio del Negocio como Representante de Ventas|Configure al representante de ventas como empleado y representante de ventas en la pestaña del empleado. Tambien configurar la parte del proveedor si usted desea crear pagos.|Y
es_PE|189|0|0|Y|2006-11-10 00:02:24|100|2006-11-10 00:02:24|100|(DocPrepare)|(Standard Node)||N
es_PE|190|0|0|Y|2006-11-10 00:02:24|100|2006-11-10 00:02:24|100|(DocComplete)|(Standard Node)||N
es_PE|240|0|0|Y|2006-11-10 00:02:24|100|2006-11-10 00:02:24|100|(Start)|(Standard Node)||N
es_PE|241|0|0|Y|2006-11-10 00:02:24|100|2006-11-10 00:02:24|100|(DocAuto)|(Standard Node)||N
es_PE|164|0|0|Y|2006-11-10 00:02:24|100|2006-11-10 00:02:24|100|Socio del Negocio|Mantener socios de negocio|Esta ventana permite definir a cualquier ente con el cual se tenga relación de negocios (Socios de Negocio). Esto incluye clientes; proveedores y empleados. Antes de entrar ó importar productos; es necesario definir proveedores. La ventana mantiene toda la información sobre los socios de negocio y los valores que aqui se definan; serán usados en todas las transacciones de documentos de la aplicación.|N
es_PE|166|0|0|Y|2006-11-10 00:02:24|100|2006-11-10 00:02:24|100|Categoría de Impuesto|Mantener Categorías de Impuestos|Esta ventana se usa para definir y mantener las categorías de impuestos. Cada producto es asociado con una categoría de impuestos lo cual facilita la actualización cuando los impuestos cambian.|N
es_PE|246|0|0|Y|2006-11-10 00:02:24|100|2006-11-10 00:02:24|100|Esquema de Descuento|Mantener esquema de descuentos|El esquema de descuento calcula el porcentaje de descuento|N
es_PE|207|0|0|Y|2006-11-10 00:02:24|100|2006-11-10 00:02:24|100|(Start)|(Standard Node)||N
es_PE|209|0|0|Y|2006-11-10 00:02:24|100|2006-11-10 00:02:24|100|(DocPrepare)|(Standard Node)||N
es_PE|210|0|0|Y|2006-11-10 00:02:24|100|2006-11-10 00:02:24|100|(DocComplete)|(Standard Node)||N
es_PE|149|0|0|Y|2006-11-10 00:02:24|100|2006-11-10 00:02:24|100|Medida de Desempeño|Definir mediciones de desempeño|La ventana permite definir las reglas y restricciones para la medición del desempeño. Es posible; por ejemplo; restringir la medición de desempeño de las ventas a una cierta categoría de productos por un período definido de tiempo.|N
es_PE|156|0|0|Y|2006-11-10 00:02:24|100|2006-11-10 00:02:24|100|Procesador de Solicitudes|Definir Procesador de Solicitudes|Permite definir diferentes procesos que se desea que ocurran y la frecuencia y programación de estos procesos.|N
es_PE|110|0|0|Y|2006-11-10 00:02:24|100|2006-11-10 00:02:24|100|Compañía|Mantener Compañías|La Compañía es el nivel mas alto de una entidad de negocios independiente. Cada compañía puede tener una ó más organizaciones reportando a ella. Cada compañía define los parámetros contables (esquema contable; definición de árbol; unidades de medida no monetarias). No use esta ventana para crear la compañía; use el flujo de trabajo `Definir Compañía` para establecer las reglas de seguridad y de acceso requeridas. Si se crea una compañía aquí; la compañía no podrá ser vista dentro del sistema y su definición de parámetros no sera creada.|N
es_PE|111|0|0|Y|2006-11-10 00:02:24|100|2006-11-10 00:02:24|100|Rol|Mantener Responsabilidades del Usuario|La ventana de rol permite definir los roles diferentes que los usuarios de este sistema tendrán. Los roles controlan el acceso a las ventanas; tareas; informes; etc. Para una compañía un rol de administrador y de usuario son predefinidos. Es posible adicionar roles para controlar el acceso a funcionalidad específica ó datos. Los usuarios son adicionados a los roles|N
es_PE|112|0|0|Y|2006-11-10 00:02:24|100|2006-11-10 00:02:24|100|Usuario|Mantener Usuarios del Sistema|La ventana de usuario permite que se defina cada usuario en el sistema. Los usuarios pueden entrar al sistema y tener acceso a la funcionalidad via uno ó más roles.|N
es_PE|113|0|0|Y|2006-11-10 00:02:24|100|2006-11-10 00:02:24|100|Organización|Mantener Organizaciones|La ventana de organización permite definir y mantener entidades organizacionales. Una organización es una entidad legal ó una sub-unidad para la cual se procesan documentos y transacciones|N
es_PE|114|0|0|Y|2006-11-10 00:02:24|100|2006-11-10 00:02:24|100|Proyecto|Mantener Proyectos|La ventana de proyectos es usada para definir los proyectos que serán monitoreados por medio de documentos de la aplicación.|N
es_PE|121|0|0|Y|2006-11-10 00:02:24|100|2006-11-10 00:13:26|100|Ventanas y Pestañas|Traducción de Ventanas y Pestañas|Translate the Name, Description and Help for Windows and Tabs.  Most of the Fields are already translated, if they are centrally maintained.|Y
es_PE|148|0|0|Y|2006-11-10 00:02:24|100|2006-11-10 00:02:24|100|Cálculo de Medida de Desempeño|Definir cómo calcular las mediciones de desempeño|Favor probar el comando en SQLPlus primero. El comando select debe regresar un solo valor. Cualquier restricción para rango de fechas; organizaciones; Socios de Negocio; Productos debe ser hecha via la ventana `Medida de Desempeño`. Este es un cálculo genérico. Como el tema tiende a ser algo técnico; el sistema tiene algunos ejemplos predefinidos.|N
es_PE|176|0|0|Y|2006-11-10 00:02:24|100|2006-11-10 00:02:24|100|(DocPrepare)|(Standard Process_Requisition)||N
es_PE|167|0|0|Y|2006-11-10 00:02:24|100|2006-11-10 00:02:24|100|Producto|Mantener Productos|La ventana define todos los productos usados por una organización. Estos productos incluyen aquellos vendidos a clientes; los usados para fabricar los productos que son vendidos a clientes y los productos que son comprados por una organización|N
es_PE|147|0|0|Y|2006-11-10 00:02:24|100|2006-11-10 00:02:24|100|Esquema de Color del Desempeño|Mantener Esquema de Color del Desempeño |Representación visual del desempeño mediante colores. El esquema frecuentemente tiene tres niveles (ej. rojo-amarillo-verde). Adempiere sporta dos niveles (ej. rojo-verde) o cuatro niveles (ej. gris-bronce-plata-oro). Note que las médidas sin límite son representadas en blanco. Los porcentajes pueden ser entre cero y sin límite   (ej. superior a 100%).|N
es_PE|211|0|0|Y|2006-11-10 00:02:24|100|2006-11-10 00:02:24|100|(Start)|(Standard Node)||N
es_PE|212|0|0|Y|2006-11-10 00:02:24|100|2006-11-10 00:02:24|100|(DocAuto)|(Standard Node)||N
es_PE|213|0|0|Y|2006-11-10 00:02:24|100|2006-11-10 00:02:24|100|(DocPrepare)|(Standard Node)||N
es_PE|214|0|0|Y|2006-11-10 00:02:24|100|2006-11-10 00:02:24|100|(DocComplete)|(Standard Node)||N
es_PE|228|0|0|Y|2006-11-10 00:02:24|100|2006-11-10 00:02:24|100|(Start)|(Standard Node)||N
es_PE|229|0|0|Y|2006-11-10 00:02:24|100|2006-11-10 00:02:24|100|(DocAuto)|(Standard Node)||N
es_PE|230|0|0|Y|2006-11-10 00:02:24|100|2006-11-10 00:02:24|100|(DocPrepare)|(Standard Node)||N
es_PE|231|0|0|Y|2006-11-10 00:02:24|100|2006-11-10 00:02:24|100|(DocComplete)|(Standard Node)||N
es_PE|232|0|0|Y|2006-11-10 00:02:24|100|2006-11-10 00:02:24|100|(Start)|(Standard Node)||N
es_PE|233|0|0|Y|2006-11-10 00:02:24|100|2006-11-10 00:02:24|100|(DocAuto)|(Standard Node)||N
es_PE|234|0|0|Y|2006-11-10 00:02:24|100|2006-11-10 00:02:24|100|(DocPrepare)|(Standard Node)||N
es_PE|235|0|0|Y|2006-11-10 00:02:24|100|2006-11-10 00:02:24|100|(DocComplete)|(Standard Node)||N
es_PE|236|0|0|Y|2006-11-10 00:02:24|100|2006-11-10 00:02:24|100|(Start)|(Standard Node)||N
es_PE|237|0|0|Y|2006-11-10 00:02:24|100|2006-11-10 00:02:24|100|(DocAuto)|(Standard Node)||N
es_PE|238|0|0|Y|2006-11-10 00:02:24|100|2006-11-10 00:02:24|100|(DocPrepare)|(Standard Node)||N
es_PE|242|0|0|Y|2006-11-10 00:02:24|100|2006-11-10 00:02:24|100|(DocPrepare)|(Standard Node)||N
es_PE|243|0|0|Y|2006-11-10 00:02:24|100|2006-11-10 00:02:24|100|(DocComplete)|(Standard Node)||N
es_PE|130|0|0|Y|2006-11-10 00:02:24|100|2006-11-10 00:02:24|100|Secuencia de Documentos|Mantener secuencias del sistema y de documentos|La ventana de secuencia define como los números de documentos serán puestos en secuencia. Cambia la manera en que los números de documentos son generados. Es posible adicionar un prefijo ó sufijo ó cambiar el número actual.|N
es_PE|181|0|0|Y|2006-11-10 00:02:24|100|2006-11-10 00:02:24|100|(Start)|(Standard Process_Requisition)||N
es_PE|245|0|0|Y|2006-11-10 00:02:24|100|2006-11-10 00:02:24|100|Todas las Solicitudes|Ver y trabajar sobre todas las solicitudes|La ventana de Solicitudes es usada para ver todas las solicitudes disponibles.|N
es_PE|144|0|0|Y|2006-11-10 00:02:24|100|2006-11-10 00:02:24|100|Canal de Mercadeo|Mantener Canales de Mercadeo|Permite definir los diferentes canales usados en campañas de mercadeo|N
es_PE|146|0|0|Y|2006-11-10 00:02:24|100|2006-11-10 00:13:26|100|Flujo de Trabajo|Traducción Flujo de Trabajo|Translate Name, Description and Help of Workflows and their Nodes.  You only need to translate the List Elements !!|Y
es_PE|115|0|0|Y|2006-11-10 00:02:24|100|2006-11-10 00:02:24|100|Reporte Ciclo del Proyecto|Estado del Ciclo de proyecto||N
es_PE|116|0|0|Y|2006-11-10 00:02:24|100|2006-11-10 00:13:26|100|Esquema Contable|Project as Account Segmenr|To enable accounting reporting of projects, create and enable a project segment in the account elements.|Y
es_PE|118|0|0|Y|2006-11-10 00:02:24|100|2006-11-10 00:13:26|100|Elementos del Sistema|Traducción Elementos del Sistema|System Elements are used to centrally define field labels, description and help. When translating an Element, the appropriate information of Fields in Windows, Parameters and Reports are translated (overwritten)|Y
es_PE|131|0|0|Y|2006-11-10 00:02:24|100|2006-11-10 00:02:24|100|Grupo de Socios de Negocio|Mantener grupos de Socios de Negocio|Esta ventana permite definir los parámetros contables a nivel de grupo. Si se definen los parámetros contables para un grupo; cualquier socio de negocio que sea parte del grupo heredará estos parámetros automáticamente. A continuación se pueden hacer modificaciones necesarias a nivel de Socio de Negocio.|N
es_PE|132|0|0|Y|2006-11-10 00:02:24|100|2006-11-10 00:02:24|100|Saludo|Mantener Saludo|Permite definir un saludo que es asociado a un socio de negocio ó a un contacto del socio de negocio.|N
es_PE|134|0|0|Y|2006-11-10 00:02:24|100|2006-11-10 00:02:24|100|Programa de Facturación|Mantener Programa de Facturación|Esta ventana define la frecuencia y las fechas de corte para generar facturas. Si un cliente requiere una única factura para despachos múltiples se define el programa de facturación apropiado y se asocia con el cliente.|N
es_PE|119|0|0|Y|2006-11-10 00:02:24|100|2006-11-10 00:13:26|100|Mensajes|Traducción de Mensajes|Translate the messages used in Windows, Forms and Processes|Y
es_PE|135|0|0|Y|2006-11-10 00:02:24|100|2006-11-10 00:02:24|100|Retención (1099)|Mantener certificados de retención|La ventana permite definir la regla usada para calcular totales de retención.|N
es_PE|177|0|0|Y|2006-11-10 00:02:24|100|2006-11-10 00:02:24|100|(DocComplete)|(Standard Process_Requisition)||N
es_PE|151|0|0|Y|2006-11-10 00:02:24|100|2006-11-10 00:02:24|100|Objetivo de desempeño|Definir objetivos de desempeño|Permite definir objetivos de desempeño.|N
es_PE|152|0|0|Y|2006-11-10 00:02:24|100|2006-11-10 00:13:26|100|Compañía|Verificación de la Configuración de Compañía|Usted necesita tener un servidor de correo y una dirección de mail de los cuales las notificaciones de solicitudes se envien. Opcionalmente, si usted define un usuario y contraseña del mail, las solicitudes se leen en las carpetas de los usuarios del correo y se importan en el sistema.|Y
es_PE|153|0|0|Y|2006-11-10 00:02:24|100|2006-11-10 00:13:26|100|Usuarios|Verifica usuarios para procesar request|Asegurese porfavor de que los usuarios tengan una dirección de correo y supervisor asignado.|Y
es_PE|133|0|0|Y|2006-11-10 00:02:24|100|2006-11-10 00:02:24|100|Condiciones de Pago|Mantener condiciones de pago|La ventana define tanto los términos de pago que se ofrece a los clientes como los que son ofrecidos por los proveedores. Cada factura debe contener un término de pago. En la factura estándar; el Nombre y la Nota de documento del término de pago son impresos.|N
es_PE|170|0|0|Y|2006-11-10 00:02:24|100|2006-11-10 00:02:24|100|Esquema Contable|Mantener esquema de contabilidad-para que los cambios aparezcan hay que salir y entrar a la aplicación de nuevo|Esta ventana define un método contable y los elementos que comprenderán la estructura de cuentas. Permite crear y activar elementos para la contabilidad detallada de Socios de Negocio; Productos; Localizaciones; etc. También permite revisar y cambiar las cuentas del libro mayor y los valores predeterminados. Las cuentas que son usadas en las transacciones dependen de la organización que ejecuta la transacción.|N
es_PE|205|0|0|Y|2006-11-10 00:02:24|100|2006-11-10 00:02:24|100|(DocPrepare)|(Standard Node)||N
es_PE|206|0|0|Y|2006-11-10 00:02:24|100|2006-11-10 00:02:24|100|(DocComplete)|(Standard Node)||N
es_PE|247|0|0|Y|2006-11-10 00:02:24|100|2006-11-10 00:02:24|100|Estado de Solicitud|Mantiene el estado de la solicitud||N
es_PE|248|0|0|Y|2006-11-10 00:02:24|100|2006-11-10 00:02:24|100|Respuesta Estándar de Solicitud|Mantener respuesta estándar de solicitud||N
es_PE|249|0|0|Y|2006-11-10 00:02:24|100|2006-11-10 00:02:24|100|Respuesta de Solicitud|Mantener respuesta de la solicitud |Estado de la respuesta (ej. fijo, rechazado,..)|N
es_PE|250|0|0|Y|2006-11-10 00:02:24|100|2006-11-10 00:02:24|100|Grupo de Solicitud|Mantener grupo de solicitud|Grupo de solicitudes (ej. números de versión, responsabilidad...)|N
es_PE|251|0|0|Y|2006-11-10 00:02:24|100|2006-11-10 00:02:24|100|Categoria de la Solicitud|Mantener categoria de solicitud|Categoria ó asunto de la solicitud|N
es_PE|191|0|0|Y|2006-11-10 00:02:24|100|2006-11-10 00:02:24|100|(Start)|(Standard Node)||N
es_PE|192|0|0|Y|2006-11-10 00:02:24|100|2006-11-10 00:02:24|100|(DocAuto)|(Standard Node)||N
es_PE|193|0|0|Y|2006-11-10 00:02:24|100|2006-11-10 00:02:24|100|(DocPrepare)|(Standard Node)||N
es_PE|194|0|0|Y|2006-11-10 00:02:24|100|2006-11-10 00:02:24|100|(DocComplete)|(Standard Node)||N
es_PE|163|0|0|Y|2006-11-10 00:02:24|100|2006-11-10 00:02:24|100|Lista de Precios|Mantener lista de precios y producto|Esta venta permite generar precios de lista para sus Socios de Negocio. Las Listas de precio determinan la moneda y el tratamiento contable. Las versiones de lista de precios permiten mantener listas paralelas para diferentes rangos de fecha. La versión más actualizada es usada con base a la fecha del documento. Todas las listas tienen tres precios: lista; estándar y límite. El primer paso es crear una lista de precios base. Es posible adicionar manualmente productos y entrar sus precios ó crearlos automáticamente. La lista de precios base es frecuentemente la lista de precios de compra de productos con precio de lista (precio sugerido de venta); el precio estándar (su precio de compra). El precio limite puede ser usado para revisar sus costos de compra finales después de descuentos; rebajas y otros. Las listas de precio pueden ser calculadas y copiadas; para acelerar su cálculo; los parámetros son almacenados cuando se crea una nueva versión de precio de lista|N
es_PE|143|0|0|Y|2006-11-10 00:02:24|100|2006-11-10 00:02:24|100|Comisión|Mantener Comisiones|La ventana permite definir como y cuando se quiere calcular las comisiones y a quien pagarlas. Se pueden pagar múltiples comisiones para la misma orden ó factura (ej. a la persona que entra la transacción; a la persona responsable por la venta del producto (categoría))|N
es_PE|1000000|0|0|Y|2008-06-11 15:20:51|0|2008-06-11 15:20:51|0|(DocPlaced) |(Standard Node) ||N
es_PE|1000001|0|0|Y|2008-06-11 15:22:20|0|2008-06-11 15:22:20|0|(DocReturned)|(DocReturned)||N
es_PE|1000002|0|0|Y|2010-08-06 19:23:08|100|2010-08-06 19:23:08|100|Portafolio|||N
es_PE|1000003|0|0|Y|2010-08-06 20:03:51|100|2010-08-06 20:03:51|100|(DocComplete)|(Standard Node)||N
es_PE|1000004|0|0|Y|2011-08-10 16:49:02|100|2011-08-10 16:49:02|100|Produccion|||N
es_PE|1000005|0|0|Y|2011-08-29 18:40:06|100|2011-08-29 18:40:06|100|ToCollect|||N
