126|0|0|Y|2004-06-10 22:42:50|0|2000-01-02 00:00:00|0|Process_TimeExpense|(Standard Process Time Expense)||1|224|D|D|Adempiere, Inc.|0|||||1|0|0|0||R||Process_TimeExpense|N|486||P||Y||b9274621-b506-def9-8e0d-7c375c686dc6
117|0|0|Y|2004-05-03 22:14:12|0|2000-01-02 00:00:00|0|Process_Shipment|(Standard Process Shipment)||1|187|D|D|Adempiere, Inc.|0|||||1|0|0|0||R||Process_Shipment|N|319||P||Y||9d6e9a23-666d-7a99-a670-f9c7802d0bc4
122|0|0|Y|2004-05-04 11:07:57|0|2000-01-02 00:00:00|0|Process_JournalBatch|(Standard Process Jornal Batch)||1|207|D|D|Adempiere, Inc.|0|||||1|0|0|0||R||Process_JournalBatch|N|225||P||Y||7b6bd88e-6995-686b-eb42-93257e61e710
118|0|0|Y|2004-05-03 22:28:25|0|2000-01-02 00:00:00|0|Process_Invoice|(Standard Process Onvoice)||1|191|D|D|Adempiere, Inc.|0|||||1|0|0|0||R||Process_Invoice|N|318||P||Y||045e3386-4a28-dee3-ba64-01a747538a49
119|0|0|Y|2004-05-03 22:29:50|0|2000-01-02 00:00:00|0|Process_Cash|(Standard Process Cash)||1|195|D|D|Adempiere, Inc.|0|||||1|0|0|0||R||Process_Cash|N|407||P||Y||92c9dbbb-6893-0b08-0f71-07dc28dda7a8
120|0|0|Y|2004-05-03 22:31:15|0|2000-01-02 00:00:00|0|Process_Payment|(Standard Process Payment)||1|199|D|D|Adempiere, Inc.|0|||||1|0|0|0||R||Process_Payment|N|335||P||Y||6ec04a70-d097-c75b-9b1a-cd8ca16a79a3
123|0|0|Y|2004-05-12 12:43:05|0|2000-01-02 00:00:00|0|Process_RMA|(Standard Process_RMA)||1|211|D|D|Adempiere, Inc.|0|||||1|0|0|0||U||Process_RMA|N|661||P||Y||7eda3b05-fd5e-94c3-be5c-bf889f9616f3
101|0|0|Y|1999-12-05 23:51:01|0|2005-12-25 17:18:41|100|Project Setup and Use|Setup of projects and project reporting|Projects allow to monitor the status and progress of sales opportunities, service projects and investment projects. A Project is a process that is undertaken which can involve multiple steps or phases and require resources from more than one area.|3|108|D||Adempiere|1|||||0|0|0|0||U||Setup Project and Use|N|||G||Y||dec8d989-179b-1c34-3a2b-c6559019422c
103|0|0|Y|2000-09-10 22:43:01|0|2005-12-25 17:17:23|100|Language Setup|Setup a new Language of the system and translate elements|Define a new language as a system language.|4|107|D||Adempiere|1|||||0|0|0|0||U||Setup Language|N|||G||Y||053ced64-807d-8a5f-abcc-d552244cb7c0
104|0|0|Y|2000-09-24 18:54:54|0|2005-12-25 17:17:13|100|Initial Client Setup Review|Review of system level setup of a new  Client|"This workflow reviews the system setup of a new client as performed by the automatic Initial Client Setup.
You may want to check also the following Workflows:
- Accounting Setup
- Business Partner Setup
- Product Setup
- Price list Setup
- Warehouse Setup
- Tax Setup"|3|110|D||Adempiere|1|||||0|0|0|0||U||Setup Initial Client Review|N|||G||Y||147f0017-27d2-2fd4-40b0-39059eaeaf2c
105|0|0|Y|2001-04-05 21:04:04|0|2005-12-25 17:16:48|100|Accounting Setup|Review and change Accounting Setup|This workflow allows you to review and change your Accounting Rules. |3|125|D||Adempiere|1|||||0|0|0|0|101|U||Setup Accounting|N|||G||Y||f9ff11ff-5aea-4b18-8669-d64fa9edada2
106|0|0|Y|2001-04-05 21:05:17|0|2005-12-25 17:16:56|100|Business Partner Setup|Setup Business Partner Rules|This workflow defines the Business Partners and the supporting rules.|3|131|D||Adempiere|1|||||0|0|0|0||U||Setup Business Partner|N|||G||Y||08b0db19-d17f-87d1-2f00-29e5e4d6a031
107|0|0|Y|2001-04-05 21:05:36|0|2005-12-25 17:18:52|100|Product Setup|Set up Products|Define your products manually. You should verify the settings especially if you import your products.|3|158|D||Adempiere|1|||||0|0|0|0||U||Setup Product|N|||G||Y||e57f5539-0783-fe24-b442-3d54f136fa2a
110|0|0|Y|2001-04-05 21:06:30|0|2005-12-25 17:17:46|100|Tax Setup|Setup tax calculation|Setup the tax calculation for products, services and charges|3|166|D||Adempiere|1|||||0|0|0|0||U||Setup Tax|N|||G||Y||41bc5680-0ac8-dbf9-376a-b55390433e80
111|0|0|Y|2001-04-05 21:45:37|0|2005-12-25 17:17:57|100|Sales Setup|Setup Sales|Setting up Sales Representatives, Commissions as well as Marketing Channels and Campaigns.|3|141|D||Adempiere|1|||||0|0|0|0||U||Setup Sales|N|||G||Y||52275cf3-ac1d-b79c-0f64-03943cd13e72
112|0|0|Y|2001-04-24 18:06:49|0|2005-12-25 17:14:17|100|Performance Measurement Setup|Setup your Performance Measurement|"This workflow guides you through setting up your performance measurement based on Key Performance Indicators, Balanced Scorecard, etc.

Most important: Do your analysis first!
- What are your goals and how do you measure it?

When you are setting up the system, you do it in reverse:
First you define how you measure it and last you define the goals for the measurements.
You have three ways measuring performance:
- via quantifiable measures (e.g. sales of $3 million in Q1)
- via manual measures
- via achievements (tasks)

The system converts the measures into percentages (based on the target and achieved measure - or number of total and reached achievements)"|7|147|D||Adempiere|1|||||0|0|0|0||U||Setup Performance Measurement|N|||G||Y||f0b3c7d3-915f-6031-3988-12a353fb79ef
113|0|0|Y|2001-12-08 21:07:39|0|2005-12-25 17:19:15|100|Request Setup|Set up the client to process requests||6|152|D||Adempiere|1|||||0|0|0|0||U||Setup Request|N|||G||Y||e75b066b-8e8c-9e0e-0bfb-4976c2d8fe97
114|0|0|Y|2004-03-17 01:14:58|0|2005-12-25 17:19:28|100|Requisition Setup|||3||D||Adempiere|0|||0|0|0|0|0|0||U||Setup Requisition|N|||G||N||11fa4a32-7b51-c6e6-8d8c-744c60f2c66c
115|0|0|Y|2004-03-20 17:08:31|0|2005-11-21 11:40:01|100|Process_Requisition|(Standard Process_Requisition)||1|181|D|D|Adempiere|0|||0|1|1|0|0|0||T||Process_Requisition|N|702|N|P||Y||dab733bc-3f97-a51c-fc39-8f199e9d1b4e
127|0|0|Y|2004-06-17 11:44:03|0|2000-01-02 00:00:00|0|Process_Inventory|(Standard Process Inventory)||1|228|D|D|Adempiere, Inc.|0|||||1|0|0|0||R||Process_Inventory|N|321||P||Y||073b101d-e184-f45a-bb30-3a920b97c884
128|0|0|Y|2004-06-17 11:45:33|0|2000-01-02 00:00:00|0|Process_Movement|(Standard Process Movement)||1|232|D|D|Adempiere, Inc.|0|||||1|0|0|0||R||Process_Movement|N|323||P||Y||146d5337-7f18-e96e-98ee-b8c089955871
129|0|0|Y|2004-06-17 11:46:48|0|2000-01-02 00:00:00|0|Process_MovementConfirm|(Standard Process Movement Confirmation)||1|236|D|D|Adempiere, Inc.|0|||||1|0|0|0||R||Process_MovementConfirm|N|738||P||Y||b9d896b3-6dc9-b42f-a812-8d161125f951
108|0|0|Y|2001-04-05 21:05:50|0|2005-12-25 17:17:34|100|Price List Setup|Define your Price Lists and Discounts|You define your price lists after entering or importing your products. In addition to price lists, you can define discounts for business partners.  Assign specific Price Lists and Discounst to Business Partners.|3|162|D||Adempiere|1|||||0|0|0|0||U||Setup Price List|N|||G||Y||54a7c2f0-bffe-26a0-3220-198b95db2a7d
116|0|0|Y|2004-05-03 19:32:12|0|2000-01-02 00:00:00|0|Process_Order|(Standard Process Order)||1|183|D|D|Adempiere, Inc.|0|||||1|0|0|0||R||Process_Order|N|259||P||Y||f4731a87-5575-3c45-d20f-54476c1aa0f5
121|0|0|Y|2004-05-04 11:05:57|0|2000-01-02 00:00:00|0|Process_Journal|(Standard Process Journal)||1|203|D|D|Adempiere, Inc.|0|||||1|0|0|0||R||Process_Journal|N|224||P||Y||e62135a0-e54e-63db-5833-c0dd2de9ccd2
124|0|0|Y|2004-06-10 22:37:07|0|2000-01-02 00:00:00|0|Process_InOutConfirm|(Standard Process Confirmation)||1|216|D|D|Adempiere, Inc.|0|||||1|0|0|0||R||Process_InOutConfirm|N|727||P||Y||de4186b9-193b-ed45-b03c-07fe0159bae4
125|0|0|Y|2004-06-10 22:40:36|0|2000-01-02 00:00:00|0|Process_Allocation|(Standard Process Allocation)||1|220|D|D|Adempiere, Inc.|0|||||1|0|0|0||R||Process_Allocation|N|735||P||Y||bc972573-7e6a-c704-bb21-eb148f12206b
130|0|0|Y|2004-06-17 14:52:20|0|2007-12-20 12:01:25|100|Process_BankStatement|(Standard Process Bank Statement)||1|240|D|D|Adempiere, Inc.|0|||||1|0|0|0||R||Process_BankStatement|N|392||P||Y||850c6c0b-b965-113e-47ca-12d84bb599df
1000008|0|0|Y|2010-08-06 19:19:31|100|2010-11-27 09:54:20|100|Process BOE|||3|1000002|D|D|xendra|0|||0|0|0|0|0|0|101|U||Process BOE|N|1000068||P||Y||93d81441-1763-c672-2a96-16bdd919ebda
1000009|0|0|Y|2010-08-06 20:02:31|100|2010-11-27 10:15:11|100|Process_C_BOEConfirm|C_BOEConfirm||1|1000003|D|D|xendra|0|||||1|0|0|0||R||Process_C_BOEConfirm|N|1000119||P||Y||8b733884-8472-80d0-7ed0-a98e9b612bc5
1000010|0|0|Y|2011-08-10 16:48:35|100|2011-08-10 16:49:20|100|Process Production|||3|1000004|D|D|Andres|0|||0|0|0|0|0|0||R||M_Production Process|N|325|N|P||Y||def86334-2eca-5fd6-0fab-1f0836ec0fa5
1000011|0|0|Y|2011-08-29 18:39:19|100|2011-08-29 18:40:14|100|Process Retention|||3|1000005|D|D|xendra|0|||0|0|0|0|0|0|101|U||Process Retention|N|1000127|N|P||Y||e708bcb0-1102-000a-cf5e-633506c7e4d8
