234|0|0|Y|2004-06-17 11:45:33|0|2000-01-02 00:00:00|0|(DocPrepare)|(Standard Node)||128|Y|D||||||D|170|5|||||0||0|0||0|||X|X|||||PR|(DocPrepare)||||||||||||||||||||
235|0|0|Y|2004-06-17 11:45:33|0|2000-01-02 00:00:00|0|(DocComplete)|(Standard Node)||128|Y|D||||||D|170|120|||||0||0|0||0|||X|X|||||CO|(DocComplete)||||||||||||||||||||
236|0|0|Y|2004-06-17 11:46:48|0|2000-01-02 00:00:00|0|(Start)|(Standard Node)||129|Y|Z||||||D|5|5|||||0||0|0||0|||X|X|0|||||(Start)||||||||||||||||||||
237|0|0|Y|2004-06-17 11:46:48|0|2000-01-02 00:00:00|0|(DocAuto)|(Standard Node)||129|Y|D||||||D|5|120|||||0||0|0||0|||X|X|||||--|(DocAuto)||||||||||||||||||||
215|0|0|Y|2004-05-19 17:27:08|0|2000-01-02 00:00:00|0|Calendar Year and Period|Maintain Calendars Years Periods|The Calendar Year and Periods defines the calendars that will be used for period control and reporting. You can also define non-standard calendars (e.g. business year from July to June).|104|Y|W|117|||||D|0|0|||||0|0|0|0|0|0|||X|X|0|||||Calendar Year and Period||||||||||||||||||||
240|0|0|Y|2004-06-17 14:52:20|0|2000-01-02 00:00:00|0|(Start)|(Standard Node)||130|Y|Z||||||D|5|5|||||0||0|0||0|||X|X|0|||||(Start)||||||||||||||||||||
241|0|0|Y|2004-06-17 14:52:21|0|2000-01-02 00:00:00|0|(DocAuto)|(Standard Node)||130|Y|D||||||D|5|120|||||0||0|0||0|||X|X|||||--|(DocAuto)||||||||||||||||||||
242|0|0|Y|2004-06-17 14:52:21|0|2000-01-02 00:00:00|0|(DocPrepare)|(Standard Node)||130|Y|D||||||D|170|5|||||0||0|0||0|||X|X|||||PR|(DocPrepare)||||||||||||||||||||
243|0|0|Y|2004-06-17 14:52:21|0|2000-01-02 00:00:00|0|(DocComplete)|(Standard Node)||130|Y|D||||||D|170|120|||||0||0|0||0|||X|X|||||CO|(DocComplete)||||||||||||||||||||
245|0|0|Y|2005-04-17 22:58:43|100|2005-05-19 20:58:27|100|Request (all)|View and work on all requests|This Request window is used to view all available requests|113|Y|W|232|||||D|5|405|||||0||0|0||0|||X|X|||||CO|Request (all)||||||||||||||||||||
216|0|0|Y|2004-06-10 22:37:08|0|2000-01-02 00:00:00|0|(Start)|(Standard Node)||124|Y|Z||||||D|5|5|||||0||0|0||0|||X|X|0|||||(Start)||||||||||||||||||||
116|0|0|Y|2001-04-05 15:40:38|0|2000-01-02 00:00:00|0|Accounting Schema|Project as Account Segment|To enable accounting reporting of projects, create and enable a project segment in the account elements.|101|N|W|125|||||D|5|165|||||0||0|0||0|||X|X||||||Accounting Schema||||||||||||||||||||
219|0|0|Y|2004-06-10 22:37:08|0|2000-01-02 00:00:00|0|(DocComplete)|(Standard Node)||124|Y|D||||||D|170|120|||||0||0|0||0|||X|X|||||CO|(DocComplete)||||||||||||||||||||
220|0|0|Y|2004-06-10 22:40:36|0|2000-01-02 00:00:00|0|(Start)|(Standard Node)||125|Y|Z||||||D|5|5|||||0||0|0||0|||X|X|0|||||(Start)||||||||||||||||||||
221|0|0|Y|2004-06-10 22:40:36|0|2000-01-02 00:00:00|0|(DocAuto)|(Standard Node)||125|Y|D||||||D|5|120|||||0||0|0||0|||X|X|||||--|(DocAuto)||||||||||||||||||||
222|0|0|Y|2004-06-10 22:40:37|0|2000-01-02 00:00:00|0|(DocPrepare)|(Standard Node)||125|Y|D||||||D|170|5|||||0||0|0||0|||X|X|||||PR|(DocPrepare)||||||||||||||||||||
223|0|0|Y|2004-06-10 22:40:37|0|2000-01-02 00:00:00|0|(DocComplete)|(Standard Node)||125|Y|D||||||D|170|120|||||0||0|0||0|||X|X|||||CO|(DocComplete)||||||||||||||||||||
224|0|0|Y|2004-06-10 22:42:50|0|2000-01-02 00:00:00|0|(Start)|(Standard Node)||126|Y|Z||||||D|5|5|||||0||0|0||0|||X|X|0|||||(Start)||||||||||||||||||||
225|0|0|Y|2004-06-10 22:42:50|0|2000-01-02 00:00:00|0|(DocAuto)|(Standard Node)||126|Y|D||||||D|5|120|||||0||0|0||0|||X|X|||||--|(DocAuto)||||||||||||||||||||
226|0|0|Y|2004-06-10 22:42:51|0|2000-01-02 00:00:00|0|(DocPrepare)|(Standard Node)||126|Y|D||||||D|170|5|||||0||0|0||0|||X|X|||||PR|(DocPrepare)||||||||||||||||||||
227|0|0|Y|2004-06-10 22:42:51|0|2000-01-02 00:00:00|0|(DocComplete)|(Standard Node)||126|Y|D||||||D|170|120|||||0||0|0||0|||X|X|||||CO|(DocComplete)||||||||||||||||||||
204|0|0|Y|2004-05-04 11:05:58|0|2000-01-02 00:00:00|0|(DocAuto)|(Standard Node)||121|Y|D||||||D|5|120|||||0||0|0||0|||X|X|||||--|(DocAuto)||||||||||||||||||||
205|0|0|Y|2004-05-04 11:05:58|0|2000-01-02 00:00:00|0|(DocPrepare)|(Standard Node)||121|Y|D||||||D|170|5|||||0||0|0||0|||X|X|||||PR|(DocPrepare)||||||||||||||||||||
206|0|0|Y|2004-05-04 11:05:58|0|2000-01-02 00:00:00|0|(DocComplete)|(Standard Node)||121|Y|D||||||D|170|120|||||0||0|0||0|||X|X|||||CO|(DocComplete)||||||||||||||||||||
247|0|0|Y|2005-05-19 20:50:42|100|2005-05-20 01:01:28|100|Request Status|Maintain Request Status|Status if the request (open, closed, investigating, ..)|113|Y|W|349|||||D|5|325|||||0||0|0||0|||X|X|||||CO|Request Status||||||||||||||||||||
248|0|0|Y|2005-05-19 20:51:28|100|2005-05-20 01:01:28|100|Request Standard Response|Maintain Request Standard Response |Text blocks to be copied into request response text|113|Y|W|348|||||D|170|325|||||0||0|0||0|||X|X|||||CO|Request Standard Response||||||||||||||||||||
249|0|0|Y|2005-05-19 20:51:56|100|2005-05-20 01:01:28|100|Request Resolution|Maintain Request Resolutions|Resolution status (e.g. Fixed, Rejected, ..)|113|Y|W|347|||||D|170|245|||||0||0|0||0|||X|X|||||CO|Request Resolution||||||||||||||||||||
127|0|0|Y|2001-04-05 21:19:43|0|2000-01-02 00:00:00|0|Accounting Schema|Maintain Accounting Schema - For changes to become effective you must re-login|"The Accounting Schema Window defines an accounting method and the elements that will comprise an account structure. Create and activate elements for detailed accounting for Business Partners, Products, Locations, etc.
Review and change the GL and Default accounts. The actual accounts used in transactions depend on the executing organization; Most of the information is derived from the context."|105|Y|W|125|||||D|5|85|||||0||0|0||0|||X|X||||||Accounting Schema||||||||||||||||||||
128|0|0|Y|2001-04-05 21:25:01|0|2000-01-02 00:00:00|0|GL Category|Maintain General Ledger Categories|The GL Category Window allows you to define categories to be used in journals.  These categories provide a method of optionally grouping and reporting on journals.|105|Y|W|131|||||D|170|85|||||0||0|0||0|||X|X||||||GL Category||||||||||||||||||||
129|0|0|Y|2001-04-05 21:26:34|0|2000-01-02 00:00:00|0|Document Type|Maintain Document Types|The Document Type Window defines any document to be used in the system.  Each document type provides the basis for processing of each document and controls the printed name and document sequence used.  |105|Y|W|135|||||D|170|165|||||0||0|0||0|||X|X||||||Document Type||||||||||||||||||||
130|0|0|Y|2001-04-05 21:28:38|0|2000-01-02 00:00:00|0|Document Sequence|Maintain System and Document Sequences|"The Sequence Window defines how document numbers will be sequenced.
Change the way document numbers are generated. You may add a prefix or a suffix or change the current number."|105|Y|W|112|||||D|5|165|||||0||0|0||0|||X|X||||||Document Sequence||||||||||||||||||||
181|0|0|Y|2004-04-19 19:24:55|0|2006-03-11 17:45:10|100|(Start)|(Standard Process_Requisition)||115|Y|Z||||||D|5|4|||||0|0|0|0|0|0|||X|X|0|||||(Start)||||||||||||||||||||
212|0|0|Y|2004-05-12 12:43:05|0|2000-01-02 00:00:00|0|(DocAuto)|(Standard Node)||123|Y|D||||||D|5|120|||||0||0|0||0|||X|X|||||--|(DocAuto)||||||||||||||||||||
213|0|0|Y|2004-05-12 12:43:06|0|2000-01-02 00:00:00|0|(DocPrepare)|(Standard Node)||123|Y|D||||||D|170|5|||||0||0|0||0|||X|X|||||PR|(DocPrepare)||||||||||||||||||||
170|0|0|Y|2002-03-01 23:00:15|0|2000-01-02 00:00:00|0|Accounting Schema|Maintain Accounting Schema - For changes to become effective you must re-login|"The Accounting Schema Window defines an accounting method and the elements that will comprise an account structure. Create and activate elements for detailed accounting for Business Partners, Products, Locations, etc.
Review and change the GL and Default accounts. The actual accounts used in transactions depend on the executing organization; Most of the information is derived from the context."|110|Y|W|125|||||D|5|165|||||0||0|0||0|||X|X||||||Accounting Schema||||||||||||||||||||
187|0|0|Y|2004-05-03 22:14:13|0|2000-01-02 00:00:00|0|(Start)|(Standard Node)||117|Y|Z||||||D|5|5|||||0||0|0||0|||X|X|0|||||(Start)||||||||||||||||||||
158|0|0|Y|2002-03-01 22:32:41|0|2000-01-02 00:00:00|0|Warehouse & Locators|Maintain Warehouses and Locators|The Warehouse and Locators Window defines each Warehouse, any Locators for that Warehouse and the Accounting parameters to be used for inventory in that Warehouse.|107|Y|W|139|||||D|5|5|||||0||0|0||0|||X|X||||||Warehouse & Locators||||||||||||||||||||
133|0|0|Y|2001-04-05 21:36:08|0|2000-01-02 00:00:00|0|Payment Term|Maintain Payment Terms|The Payment Terms Window defines the different payment terms that you offer your customers and that are offered to you by your vendors.  Each invoice must contain a Payment Term.  On the standard invoice, the Name and the Document Note of the Payment Term is printed.|106|Y|W|141|||||D|5|85|||||0||0|0||0|||X|X||||||Payment Term||||||||||||||||||||
176|0|0|Y|2004-03-20 17:25:39|0|2006-03-11 17:45:01|100|(DocPrepare)|(Standard Process_Requisition)||115|Y|D||||||D|170|5|||||0|0|0|0|0|0|||X|X|0||||PR|(DocPrepare)||||||||||||||||||||
114|0|0|Y|2001-04-05 15:09:44|0|2006-03-26 19:42:05|100|Project|Maintain Projects|The Project Window is used to define the projects which will can be tracked by phases and tasks.|101|Y|W|130|||||D|5|85|||||0||0|0||0|||X|X||||||Project (Service)||||||||||||||||||||
121|0|0|Y|2001-04-05 15:55:47|0|2000-01-02 00:00:00|0|Window & Tab|Translate Windows and Tabs|Translate the Name, Description and Help for Windows and Tabs.  Most of the Fields are already translated, if they are centrally maintained.|103|N|W|102|||||D|5|165|||||0||0|0||0|||X|X||||||Window & Tab||||||||||||||||||||
135|0|0|Y|2001-04-05 21:38:02|0|2000-01-02 00:00:00|0|Withholding (1099)|Maintain Withholding Certificates|The Withholding Window defines the rule used for calculating withholding amounts.|106|Y|W|160|||||D|5|165|||||0||0|0||0|||X|X||||||Withholding (1099)||||||||||||||||||||
177|0|0|Y|2004-03-21 18:14:59|0|2006-03-11 17:44:51|100|(DocComplete)|(Standard Process_Requisition)||115|Y|D||||||D|170|85|||||0|0|0|0|0|0|||X|X|0||||CO|(DocComplete)||||||||||||||||||||
190|0|0|Y|2004-05-03 22:14:14|0|2000-01-02 00:00:00|0|(DocComplete)|(Standard Node)||117|Y|D||||||D|170|120|||||0||0|0||0|||X|X|||||CO|(DocComplete)||||||||||||||||||||
197|0|0|Y|2004-05-03 22:29:50|0|2000-01-02 00:00:00|0|(DocPrepare)|(Standard Node)||119|Y|D||||||D|170|5|||||0||0|0||0|||X|X|||||PR|(DocPrepare)||||||||||||||||||||
198|0|0|Y|2004-05-03 22:29:50|0|2000-01-02 00:00:00|0|(DocComplete)|(Standard Node)||119|Y|D||||||D|170|120|||||0||0|0||0|||X|X|||||CO|(DocComplete)||||||||||||||||||||
199|0|0|Y|2004-05-03 22:31:15|0|2000-01-02 00:00:00|0|(Start)|(Standard Node)||120|Y|Z||||||D|5|5|||||0||0|0||0|||X|X|0|||||(Start)||||||||||||||||||||
200|0|0|Y|2004-05-03 22:31:15|0|2000-01-02 00:00:00|0|(DocAuto)|(Standard Node)||120|Y|D||||||D|5|120|||||0||0|0||0|||X|X|||||--|(DocAuto)||||||||||||||||||||
201|0|0|Y|2004-05-03 22:31:15|0|2000-01-02 00:00:00|0|(DocPrepare)|(Standard Node)||120|Y|D||||||D|170|5|||||0||0|0||0|||X|X|||||PR|(DocPrepare)||||||||||||||||||||
202|0|0|Y|2004-05-03 22:31:15|0|2000-01-02 00:00:00|0|(DocComplete)|(Standard Node)||120|Y|D||||||D|170|120|||||0||0|0||0|||X|X|||||CO|(DocComplete)||||||||||||||||||||
203|0|0|Y|2004-05-04 11:05:57|0|2000-01-02 00:00:00|0|(Start)|(Standard Node)||121|Y|Z||||||D|5|5|||||0||0|0||0|||X|X|0|||||(Start)||||||||||||||||||||
138|0|0|Y|2001-04-05 21:41:58|0|2000-01-02 00:00:00|0|Import Business Partner|Import Business Partner|The Import Business Partner Window is an interim table which is used when importing external data into the system.  Selecting the 'Process' button will either add or modify the appropriate records.|106|Y|W|172|||||D|170|245|||||0||0|0||0|||X|X||||||Import Business Partner||||||||||||||||||||
139|0|0|Y|2001-04-05 21:42:27|0|2000-01-02 00:00:00|0|Business Partner|Maintain Business Partners|The Business Partner window allows you do define any party with whom you transact.  This includes customers, vendors and employees.  Prior to entering or importing products, you must define your vendors.  Prior to generating Orders you must define your customers.  This window holds all information about your business partner and the values entered will be used to generate all document transactions|106|Y|W|123|||||D|5|325|||||0||0|0||0|||X|X||||||Business Partner||||||||||||||||||||
120|0|0|Y|2001-04-05 15:54:09|0|2000-01-02 00:00:00|0|Reference|Translate References|References are used as prefedined selection lists.  You only need to translate the List Elements !!|103|N|W|101|||||D|170|85|||||0||0|0||0|||X|X||||||Reference||||||||||||||||||||
140|0|0|Y|2001-04-05 21:46:16|0|2000-01-02 00:00:00|0|User|Define Sales Representative as User|Users can log into the system and have access to functionality via one or more roles. Select the Business Partner you just set up. This enables the user to be treated as sales rep in the system.|111|N|W|108|||||D|170|5|||||0||0|0||0|||X|X||||||User||||||||||||||||||||
141|0|0|Y|2001-04-05 21:46:41|0|2000-01-02 00:00:00|0|Business Partner|Set up Sales Representative as Business Partner|Set up the sales representative as Employee and Sales Representative in the Employee tab.  Also set up the Vendor part, if you want to create payments.|111|N|W|123|||||D|5|5|||||0||0|0||0|||X|X||||||Business Partner||||||||||||||||||||
142|0|0|Y|2001-04-05 21:47:15|0|2000-01-02 00:00:00|0|Sales Region|Maintain Sales Regions|The Sales Region Window defines the different regions where you do business.  You can generate reports based on Sales Regions|111|Y|W|152|||||D|5|85|||||0||0|0||0|||X|X||||||Sales Region||||||||||||||||||||
112|0|0|Y|2000-09-24 19:16:43|0|2005-11-22 11:37:02|100|User|Maintain Users of the system|The User Window allows you to maintain User of the system.  Users can log into the system and have access to functionality via one or more roles.  A user can also be a business aprtner contact.|104|Y|W|108|||||D|170|85|||||0||0|0||0|||X|X||||||User||||||||||||||||||||
210|0|0|Y|2004-05-04 11:07:57|0|2000-01-02 00:00:00|0|(DocComplete)|(Standard Node)||122|Y|D||||||D|170|120|||||0||0|0||0|||X|X|||||CO|(DocComplete)||||||||||||||||||||
113|0|0|Y|2000-09-24 19:38:06|0|2000-01-02 00:00:00|0|Organization|Maintain Organizations|The Organization Window allows you to define and maintain Organizational entities.  An Organization is often a legal entity or sub-unit for which documents and transactions are processed|104|Y|W|110|||||D|170|5|||||0||0|0||0|||X|X||||||Organization||||||||||||||||||||
162|0|0|Y|2002-03-01 22:48:13|0|2005-05-05 20:47:30|100|Price List Schema|Maintain Price List Schema|Price List schema defines calculation rules for price lists|108|Y|W|337|||||D|5|5|||||0||0|0||0|||X|X||||||Price List Schema||||||||||||||||||||
161|0|0|Y|2002-03-01 22:34:11|0|2000-01-02 00:00:00|0|Product|Maintain Products|The Product Window defines all products used by an organization.  These products include those sold to customers, used in the manufacture of products sold to customers and products purchased by an organization.|107|Y|W|140|||||D|5|165|||||0||0|0||0|||X|X||||||Product||||||||||||||||||||
214|0|0|Y|2004-05-12 12:43:06|0|2000-01-02 00:00:00|0|(DocComplete)|(Standard Node)||123|Y|D||||||D|170|120|||||0||0|0||0|||X|X|||||CO|(DocComplete)||||||||||||||||||||
228|0|0|Y|2004-06-17 11:44:03|0|2000-01-02 00:00:00|0|(Start)|(Standard Node)||127|Y|Z||||||D|5|5|||||0||0|0||0|||X|X|0|||||(Start)||||||||||||||||||||
126|0|0|Y|2001-04-05 21:14:27|0|2005-11-12 11:58:31|100|Account Element|Maintain Account Elements|"The Account Element Window is used to define and maintain the Accounting Element and User Defined Elements. 
One of the account segments is your natural account segment (Chart of Account). You may add a new account element for parallel reporting or for user defined accounting segments."|105|Y|W|118|||||D|170|5|||||0||0|0||0|||X|X||||||Account Element||||||||||||||||||||
188|0|0|Y|2004-05-03 22:14:14|0|2000-01-02 00:00:00|0|(DocAuto)|(Standard Node)||117|Y|D||||||D|5|120|||||0||0|0||0|||X|X|||||--|(DocAuto)||||||||||||||||||||
163|0|0|Y|2002-03-01 22:48:44|0|2005-05-05 20:47:31|100|Price List|Maintain Product Price Lists|"The Price List Window allows you to generate product price lists for your Business Partners.  Price lists determine currency and tax treatment.  Price list versions allow to maintain parallel lists for different date ranges.  The most current pricelist version is used based on the document date.
<BR>
All pricelists have three prices: List, Standard and Limit
<BR>
First step is to create a base price list.  You can manually add products and enter the prices or create them automatically.  The base price list is often the purchase price list with list price ('official' retail price), the standard price (your purchase price).  The limit price can be used to check your final purchase costs after discounts, rebates, etc.
<BR> 
Pricelists can be calculated and copied.  To speed up the calculation, the parameters are stored an used when creating a new price list version."|108|Y|W|146|||||D|170|5|||||0||0|0||0|||X|X||||||Price List||||||||||||||||||||
143|0|0|Y|2001-04-05 21:52:17|0|2000-01-02 00:00:00|0|Commission|Maintain Commissions and Royalties|"Define how and when you want the commissions to be calculated and to whom to pay it.
The Commissions Window allows you define how commissions and royalties will be paid. You can pay multiple commissions for the same order or invoice (e.g. to the person entering the transaction, to the person responsible for sale of the product (category) and or business partner (group)."|111|Y|W|207|||||D|170|85|||||0||0|0||0|||X|X||||||Commission||||||||||||||||||||
144|0|0|Y|2001-04-05 21:53:09|0|2000-01-02 00:00:00|0|Marketing Channel|Maintain Marketing  Channels|The Marketing Channel Window defines the different channels used in Marketing Campaigns|111|Y|W|150|||||D|5|165|||||0||0|0||0|||X|X||||||Marketing Channel||||||||||||||||||||
145|0|0|Y|2001-04-05 21:53:29|0|2000-01-02 00:00:00|0|Marketing Campaign|Maintain Marketing Campaigns|The Marketing Campaign Window defines the start and end date for a campaign.  It also gives a running balance of the invoice amounts which referred to this campaign.|111|Y|W|149|||||D|170|165|||||0||0|0||0|||X|X||||||Marketing Campaign||||||||||||||||||||
146|0|0|Y|2001-04-05 23:05:18|0|2000-01-02 00:00:00|0|Workflow|Translate Workflows|Translate Name, Description and Help of Workflows and their Nodes.  You only need to translate the List Elements !!|103|N|W|113|||||D|170|245|||||0||0|0||0|||X|X||||||Workflow||||||||||||||||||||
115|0|0|Y|2001-04-05 15:13:30|0|2006-03-26 19:43:53|100|Project Status Summary|Project Status of Project Cycle||101|Y|W|286|||162||D|170|85|||||0||0|0||0|||X|X||||||Project Status Summary||||||||||||||||||||
110|0|0|Y|2000-09-24 19:00:25|0|2000-01-02 00:00:00|0|Client|Maintain Clients/Tenants|"The Client is the highest level of an independent business entity.  Each Client will have one or more Organizations reporting to it.  Each Client defines the accounting parameters (Accounting Schema, Tree definition, Non Monetary UOM's). To create new Clients, run the Initial Client Setup with the System Administrator Role.
Do not create a new client in this window, but use ""Initial Client Setup"" to set up the required security and access rules. If you create a new client here, you will not be able to view it and also the required client infrastructure would not have been set up."|104|Y|W|109|||||D|5|5|||||0||0|0||0|||X|X||||||Client||||||||||||||||||||
111|0|0|Y|2000-09-24 19:10:06|0|2000-01-02 00:00:00|0|Role|Maintain User Responsibilities|"The Role Window allows you to define the different roles that users of this system will have.  Roles control access to windows, tasks, reports, etc. For a client an Administrator and User role are predefined. You may add additional roles to control access for specific functionality or data.
You can add users to the role.
Note that access information is cached and requires re-login or reset of cache."|104|Y|W|111|||||D|5|85|||||0||0|0||0|||X|X||||||Role||||||||||||||||||||
169|0|0|Y|2002-03-01 22:59:57|0|2000-01-02 00:00:00|0|Tax Rate|Maintain Taxes and their Rates|The Tax Rate Window defines the different taxes used for each tax category.  For example, Sales Tax must be defined for each State in which it applies.|110|Y|W|137|||||D|170|85|||||0||0|0||0|||X|X||||||Tax Rate||||||||||||||||||||
164|0|0|Y|2002-03-01 22:55:42|0|2005-05-05 20:47:31|100|Business Partner|Maintain Business Partners|The Business Partner window allows you do define any party with whom you transact.  This includes customers, vendors and employees.  Prior to entering or importing products, you must define your vendors.  Prior to generating Orders you must define your customers.  This window holds all information about your business partner and the values entered will be used to generate all document transactions|108|Y|W|123|||||D|5|85|||||0||0|0||0|||X|X||||||Business Partner||||||||||||||||||||
166|0|0|Y|2002-03-01 22:58:09|0|2000-01-02 00:00:00|0|Tax Category|Maintain Tax Categories|The Tax Category Window is used to enter and maintain Tax Categories.  Each product is associated with a tax category which facilitates reacting changing tax rates.|110|Y|W|138|||||D|5|5|||||0||0|0||0|||X|X||||||Tax Category||||||||||||||||||||
246|0|0|Y|2005-05-05 20:48:00|100|2005-05-05 20:51:27|100|Discount Schema|Maintain Trade Discount Schema|Trade discount schema calculates the trade discount percentage|108|Y|W|233|||||D|0|0|||||0|0|0|0|0|0|||X|X|0||||CO|Discount Schema||0||||||||||||||||||
207|0|0|Y|2004-05-04 11:07:57|0|2000-01-02 00:00:00|0|(Start)|(Standard Node)||122|Y|Z||||||D|5|5|||||0||0|0||0|||X|X|0|||||(Start)||||||||||||||||||||
208|0|0|Y|2004-05-04 11:07:57|0|2000-01-02 00:00:00|0|(DocAuto)|(Standard Node)||122|Y|D||||||D|5|120|||||0||0|0||0|||X|X|||||--|(DocAuto)||||||||||||||||||||
209|0|0|Y|2004-05-04 11:07:57|0|2000-01-02 00:00:00|0|(DocPrepare)|(Standard Node)||122|Y|D||||||D|170|5|||||0||0|0||0|||X|X|||||PR|(DocPrepare)||||||||||||||||||||
167|0|0|Y|2002-03-01 22:58:48|0|2000-01-02 00:00:00|0|Product|Maintain Products|The Product Window defines all products used by an organization.  These products include those sold to customers, used in the manufacture of products sold to customers and products purchased by an organization.|110|Y|W|140|||||D|170|5|||||0||0|0||0|||X|X||||||Product||||||||||||||||||||
149|0|0|Y|2001-04-24 20:25:30|0|2005-12-23 17:12:47|100|Performance Measure|Define your Performance Measures|The Performance Measure Window allows you to define the rules and restrictions for performance measurement.  You can, for example, restrict performance measurement to sales for a certain product category for a defined time frame.|112|Y|W|215|||||D|0|0|||||0||0|0||0|||X|X||||||Performance Measure||||||||||||||||||||
137|0|0|Y|2001-04-05 21:40:45|0|2000-01-02 00:00:00|0|Revenue Recognition|Revenue Recognition Rules|The Revenue Recognition Window defines the intervals at which revenue will be recognized. Alternatively, the revenue recognition may be linked to service levels provided.|106|Y|W|174|||||D|5|245|||||0||0|0||0|||X|X||||||Revenue Recognition||||||||||||||||||||
184|0|0|Y|2004-05-03 19:32:13|0|2000-01-02 00:00:00|0|(DocAuto)|(Standard Node)||116|Y|D||||||D|5|120|||||0||0|0||0|||X|X|||||--|(DocAuto)||||||||||||||||||||
185|0|0|Y|2004-05-03 19:32:13|0|2000-01-02 00:00:00|0|(DocPrepare)|(Standard Node)||116|Y|D||||||D|170|5|||||0||0|0||0|||X|X|||||PR|(DocPrepare)||||||||||||||||||||
186|0|0|Y|2004-05-03 19:32:13|0|2000-01-02 00:00:00|0|(DocComplete)|(Standard Node)||116|Y|D||||||D|170|120|||||0||0|0||0|||X|X|||||CO|(DocComplete)||||||||||||||||||||
238|0|0|Y|2004-06-17 11:46:48|0|2000-01-02 00:00:00|0|(DocPrepare)|(Standard Node)||129|Y|D||||||D|170|5|||||0||0|0||0|||X|X|||||PR|(DocPrepare)||||||||||||||||||||
239|0|0|Y|2004-06-17 11:46:48|0|2000-01-02 00:00:00|0|(DocComplete)|(Standard Node)||129|Y|D||||||D|170|120|||||0||0|0||0|||X|X|||||CO|(DocComplete)||||||||||||||||||||
147|0|0|Y|2001-04-24 20:11:35|0|2005-12-23 17:14:56|100|Performance Color Schema|Maintain Performance Color Schema|Visual representation of performance by color.  The Schema has often three levels (e.g. red-yellow-green).  Adempiere support two levels (e.g. red-green) or four levels (e.g. gray-bronce-silver-gold).  Note that Measures without a goal are represented white.  The percentages could be beween 0 and unlimited (i.e. above 100%).|112|Y|W|364|||||D|0|0|||||0||0|0||0|||X|X||||||Performance Color||||||||||||||||||||
211|0|0|Y|2004-05-12 12:43:05|0|2000-01-02 00:00:00|0|(Start)|(Standard Node)||123|Y|Z||||||D|5|5|||||0||0|0||0|||X|X|0|||||(Start)||||||||||||||||||||
229|0|0|Y|2004-06-17 11:44:03|0|2000-01-02 00:00:00|0|(DocAuto)|(Standard Node)||127|Y|D||||||D|5|120|||||0||0|0||0|||X|X|||||--|(DocAuto)||||||||||||||||||||
230|0|0|Y|2004-06-17 11:44:03|0|2000-01-02 00:00:00|0|(DocPrepare)|(Standard Node)||127|Y|D||||||D|170|5|||||0||0|0||0|||X|X|||||PR|(DocPrepare)||||||||||||||||||||
231|0|0|Y|2004-06-17 11:44:03|0|2000-01-02 00:00:00|0|(DocComplete)|(Standard Node)||127|Y|D||||||D|170|120|||||0||0|0||0|||X|X|||||CO|(DocComplete)||||||||||||||||||||
232|0|0|Y|2004-06-17 11:45:33|0|2000-01-02 00:00:00|0|(Start)|(Standard Node)||128|Y|Z||||||D|5|5|||||0||0|0||0|||X|X|0|||||(Start)||||||||||||||||||||
233|0|0|Y|2004-06-17 11:45:33|0|2000-01-02 00:00:00|0|(DocAuto)|(Standard Node)||128|Y|D||||||D|5|120|||||0||0|0||0|||X|X|||||--|(DocAuto)||||||||||||||||||||
191|0|0|Y|2004-05-03 22:28:25|0|2000-01-02 00:00:00|0|(Start)|(Standard Node)||118|Y|Z||||||D|5|5|||||0||0|0||0|||X|X|0|||||(Start)||||||||||||||||||||
192|0|0|Y|2004-05-03 22:28:25|0|2000-01-02 00:00:00|0|(DocAuto)|(Standard Node)||118|Y|D||||||D|5|120|||||0||0|0||0|||X|X|||||--|(DocAuto)||||||||||||||||||||
193|0|0|Y|2004-05-03 22:28:25|0|2000-01-02 00:00:00|0|(DocPrepare)|(Standard Node)||118|Y|D||||||D|170|5|||||0||0|0||0|||X|X|||||PR|(DocPrepare)||||||||||||||||||||
194|0|0|Y|2004-05-03 22:28:25|0|2000-01-02 00:00:00|0|(DocComplete)|(Standard Node)||118|Y|D||||||D|170|120|||||0||0|0||0|||X|X|||||CO|(DocComplete)||||||||||||||||||||
195|0|0|Y|2004-05-03 22:29:50|0|2000-01-02 00:00:00|0|(Start)|(Standard Node)||119|Y|Z||||||D|5|5|||||0||0|0||0|||X|X|0|||||(Start)||||||||||||||||||||
196|0|0|Y|2004-05-03 22:29:50|0|2000-01-02 00:00:00|0|(DocAuto)|(Standard Node)||119|Y|D||||||D|5|120|||||0||0|0||0|||X|X|||||--|(DocAuto)||||||||||||||||||||
122|0|0|Y|2001-04-05 15:57:02|0|2000-01-02 00:00:00|0|Form|Translate Forms|Forms are special Windows and you need to translate its name, description and Help.|103|N|W|187|||||D|170|165|||||0||0|0||0|||X|X||||||Form||||||||||||||||||||
123|0|0|Y|2001-04-05 15:58:56|0|2000-01-02 00:00:00|0|Report & Process|Translate Reports and Processes|Translate the Name, Description and Help for Processes and Reports. You don't need to translate the Parameters, if they are centrally maintained.|103|N|W|165|||||D|5|245|||||0||0|0||0|||X|X||||||Report & Process||||||||||||||||||||
125|0|0|Y|2001-04-05 21:10:31|0|2000-01-02 00:00:00|0|Calendar Year and Period|Maintain Calendars Years Periods|The Calendar Year and Periods defines the calendars that will be used for period control and reporting. You can also define non-standard calendars (e.g. business year from July to June).|105|Y|W|117|||||D|5|5|||||0||0|0||0|||X|X||||||Calendar Year and Period||||||||||||||||||||
172|0|0|Y|2003-03-13 20:11:57|0|2000-01-02 00:00:00|0|Import File Loader|Load flat Files into import tables|The Import File Loader parses the content of a flat file and loads it into import tables. Comments start with a '[' and end with a ']' and are ignored; example: [Some Heading].|104|Y|X|||||101|D|5|165|||||0||0|0||0|||X|X||||||Import File Loader||||||||||||||||||||
173|0|0|Y|2003-03-13 20:12:38|0|2000-01-02 00:00:00|0|Import Account|Import Natural Account Values|The Import Natural Account Window is an interim table which is used when importing external data into the system.  Selecting the 'Process' button will either add or modify the appropriate records.|104|Y|W|248|||||D|170|165|||||0||0|0||0|||X|X||||||Import Account||||||||||||||||||||
217|0|0|Y|2004-06-10 22:37:08|0|2000-01-02 00:00:00|0|(DocAuto)|(Standard Node)||124|Y|D||||||D|5|120|||||0||0|0||0|||X|X|||||--|(DocAuto)||||||||||||||||||||
218|0|0|Y|2004-06-10 22:37:08|0|2000-01-02 00:00:00|0|(DocPrepare)|(Standard Node)||124|Y|D||||||D|170|5|||||0||0|0||0|||X|X|||||PR|(DocPrepare)||||||||||||||||||||
131|0|0|Y|2001-04-05 21:34:55|0|2000-01-02 00:00:00|0|Business Partner Group|Maintain Business Partner Groups|The Business Partner Group window allows you to define the accounting parameters at a group level.  If you define the accounting parameters for a group any Business Partner entered using this group will have these accounting parameters automatically populated.  You can then make any modifications necessary at the Business Partner level.|106|Y|W|192|||||D|5|5|||||0||0|0||0|||X|X||||||Business Partner Group||||||||||||||||||||
132|0|0|Y|2001-04-05 21:35:37|0|2000-01-02 00:00:00|0|Greeting|Maintain Greetings|The Greeting Window defines a greeting that is then associated with a Business Partner or Business Partner Contact.|106|Y|W|178|||||D|170|5|||||0||0|0||0|||X|X||||||Greeting||||||||||||||||||||
134|0|0|Y|2001-04-05 21:36:51|0|2000-01-02 00:00:00|0|Invoice Schedule|Maintain Invoicing Schedule|The Invoice Schedule Window defines the frequency and cut off dates for generating summary invoices.  If a customer requires a single invoice for multiple shipments you would define the appropriate invoice schedule and associate it with the Customer.|106|Y|W|147|||||D|170|85|||||0||0|0||0|||X|X||||||Invoice Schedule||||||||||||||||||||
119|0|0|Y|2001-04-05 15:53:02|0|2000-01-02 00:00:00|0|Messages|Translate Messages|Translate the messages used in Windows, Forms and Processes|103|N|W|104|||||D|5|85|||||0||0|0||0|||X|X||||||Messages||||||||||||||||||||
151|0|0|Y|2001-04-24 20:36:06|0|2005-12-31 10:07:06|100|Performance Goal|Define Performance Goals|The Performance Goal Window allows you to define performance goals or all, a role or a user|112|Y|W|212|||||D|0|0|||||0||0|0||0|||X|X||||||Performance Goal||||||||||||||||||||
152|0|0|Y|2001-12-08 21:11:25|0|2005-05-19 20:58:27|100|Check Client Setup|Check Client setup for Requests|You need to have a mail server and an email address from which the requets an notifications are sent.  Optionally, if you define a mail user and password, requests are read from the mail users's folder and imported into the system.|113|N|W|109|||||D|5|5|||||0||0|0||0|||X|X||||||Check Client Setup||||||||||||||||||||
153|0|0|Y|2001-12-08 21:14:13|0|2005-05-19 20:58:27|100|Check Users|Check users for Request processing|Please ensure that users have a email address and supervisor assigned.|113|N|W|108|||||D|170|5|||||0||0|0||0|||X|X||||||Check Users||||||||||||||||||||
155|0|0|Y|2001-12-08 21:16:10|0|2005-05-19 20:58:27|100|Check Business Partners|Check Business Partners for Request processing|You can send EMails to businbess partners.  Make sure, that the business partners and/or the Contacts have email addresses.|113|N|W|123|||||D|5|85|||||0||0|0||0|||X|X||||||Check Business Partners||||||||||||||||||||
157|0|0|Y|2001-12-08 21:17:44|0|2005-05-19 20:58:27|100|Request Type|Maintain Request Types|Request Types are used for processing and categorizing requests. Options are Account Inquiry, Warranty Issue, etc.|113|Y|W|244|||||D|5|165|||||0||0|0||0|||X|X||||||Request Type||||||||||||||||||||
136|0|0|Y|2001-04-05 21:40:14|0|2000-01-02 00:00:00|0|Dunning|Maintain Dunning Levels|The Dunning Window defines the parameters that will be used when generating Dunning Letters.  Each customer can be associated with a Dunning Code.  |106|Y|W|159|||||D|170|165|||||0||0|0||0|||X|X||||||Dunning||||||||||||||||||||
182|0|0|Y|2004-04-19 19:25:55|0|2006-03-11 17:44:40|100|(DocAuto)|(Standard Process_Requisition)||115|Y|D||||||D|5|85|||||0|0|0|0|0|0|||X|X|0||||--|(DocAuto)||||||||||||||||||||
183|0|0|Y|2004-05-03 19:32:12|0|2000-01-02 00:00:00|0|(Start)|(Standard Node)||116|Y|Z||||||D|5|5|||||0||0|0||0|||X|X|0|||||(Start)||||||||||||||||||||
159|0|0|Y|2002-03-01 22:33:06|0|2000-01-02 00:00:00|0|Unit of Measure|Maintain Unit of Measure |"The Unit of Measure Window is used to define non monetary units of measure.  It also defines if conversion between units of measure are allowed and how they are to be performed. The system provides some automatic conversions between units of measures (e.g. minute, hour, day, working day, etc.) if they are not explicitly defined here.
Conversions need to be direct (i.e. if you have only a conversion between A-B and B-C, the system cannot convert A-C, you need to define it explicitly)."|107|Y|W|120|||||D|170|5|||||0||0|0||0|||X|X||||||Unit of Measure||||||||||||||||||||
160|0|0|Y|2002-03-01 22:33:32|0|2000-01-02 00:00:00|0|Product Category|Maintain Product Categories|The Product Category allows you to define different groups of products.  These groups can be used in generating Price Lists, defining margins and for easily assigning different accounting parameters for products.|107|Y|W|144|||||D|5|85|||||0||0|0||0|||X|X||||||Product Category||||||||||||||||||||
106|0|0|Y|1999-12-09 21:39:28|0|2000-01-02 00:00:00|0|Project Reporting|Maintain Project Reporting Cycles|"The Project Cycle Window defines the steps associated with a specific Project.
You may want to define several Project cycles to differentiate the different types of projects. Project cycles may use all or a subset of the used Project Status (e.g. Your opportunity project cycle may include the steps from prospect to contract - the service cycle may include steps from installation to customer acceptance."|101|Y|W|208|||||D|170|5|||||0||0|0||0|||X|X||||||Project Reporting||||||||||||||||||||
107|0|0|Y|2000-09-10 22:45:40|0|2000-01-02 00:00:00|0|Language|Maintain Languages|"The Language Window allows you to define multiple parallel language for users. This allows users to access the same data but have the windows, tabs and fields appear in different languages.
If a language is a System Language, you can change the User Interface to this language (after translation).  Otherwise the language is only used for printing documents.

For the language code, we suggest using the Java convention of country and language (e.g. fr_CN - Canadian French).

Verify the translation creates missing translation records. Start this process after creating a new language."|103|Y|W|106|||||D|5|5|||||0||0|0||0|||X|X||||||Language||||||||||||||||||||
108|0|0|Y|2000-09-10 22:51:42|0|2000-01-02 00:00:00|0|Project Type|Maintain Project Type and Phase|Maintain Project Types and their Phases with standard performance information|101|Y|W|265|||||D|5|5|||||0||0|0||0|||X|X||||||Project Type||||||||||||||||||||
156|0|0|Y|2001-12-08 21:17:17|0|2005-05-19 20:58:27|100|Request Processor|Define Request Processors|The Request Processor Window allows you to define different processes that you want to occur and the frequency and timing of these processes  A Request Processor can be just for a specific Request Type or for all.|113|Y|W|203|||||D|170|85|||||0||0|0||0|||X|X||||||Request Processor||||||||||||||||||||
171|0|0|Y|2002-12-08 22:13:00|0|2000-01-02 00:00:00|0|Tax Category|Maintain Tax Categories|The Tax Category Window is used to enter and maintain Tax Categories.  Each product is associated with a tax category which facilitates reacting changing tax rates.|107|Y|W|138|||||D|170|85|||||0||0|0||0|||X|X||||||Tax Category||||||||||||||||||||
189|0|0|Y|2004-05-03 22:14:14|0|2000-01-02 00:00:00|0|(DocPrepare)|(Standard Node)||117|Y|D||||||D|170|5|||||0||0|0||0|||X|X|||||PR|(DocPrepare)||||||||||||||||||||
148|0|0|Y|2001-04-24 20:22:17|0|2005-12-25 21:35:14|100|Performance Measure Calculation|Define how you calculate your performance measures|"The Performance Measure Calculation defines how performance measures will be calculated. 
The sql needs to return a single value.  Please check examples.<br>
The date trestriction is defined in the Goal. 
Any restrictions for Organizations, Business Partners, Products, etc. are  as Performance Goal Restrictions."|112|Y|W|213|||||D|0|0|||||0||0|0||0|||X|X||||||Performance Measure Calculation||||||||||||||||||||
168|0|0|Y|2002-03-01 22:59:28|0|2000-01-02 00:00:00|0|Charge|Maintain Charges|The Charges Window defines the different charges that may be incurred.  These can include Bank Charges, Vendor Charges and Handling Charges.|110|Y|W|161|||||D|5|85|||||0||0|0||0|||X|X||||||Charge||||||||||||||||||||
118|0|0|Y|2001-04-05 15:52:07|0|2007-09-10 16:00:41|100|System Elements|Translate System Elements|System Elements are used to centrally define field labels, description and help. When translating an Element, the appropriate information of Fields in Windows, Parameters and Reports are translated (overwritten)|103|N|W|151|||||D|170|5|||||0||0|0||0|||X|X||||||System Elements||||||||||||||||||||
250|0|0|Y|2005-05-19 20:52:12|100|2005-05-20 01:01:28|100|Request Group|Maintain Request Group|Group of requests (e.g. version numbers, responsibility, ...)|113|Y|W|346|||||D|170|165|||||0||0|0||0|||X|X|||||CO|Request Group||||||||||||||||||||
251|0|0|Y|2005-05-19 20:52:38|100|2005-05-20 01:01:28|100|Request Category|Maintain Request Category|Category or Topic of the Request |113|Y|W|345|||||D|5|245|||||0||0|0||0|||X|X|||||CO|Request Category||||||||||||||||||||
1000000|0|0|Y|2008-06-11 15:20:51|0|2008-06-11 15:20:51|0|(DocPlaced) |(Standard Node) ||118|Y|D||||||D|0|0|||||0|0|0|0|0|0|||X|X|0||||PL|(DocPlaced) ||0||||||||||||||||||
1000001|0|0|Y|2008-06-11 15:22:20|0|2008-06-11 15:22:20|0|(DocReturned)|(DocReturned)||118|Y|D||||||D|0|0|||||0|0|0|0|0|0|||X|X|0||||RT|(DocReturned)||0||||||||||||||||||
1000002|0|0|Y|2010-08-06 19:23:08|100|2010-08-06 19:23:08|100|Portafolio|||1000008|Y|D||||||D|0|0|||M||0|0|0|0|0|0|101||X|X|0||||PT|Portafolio||0|||||N|N|0||||||||100|||
1000003|0|0|Y|2010-08-06 20:03:51|100|2010-08-06 20:03:51|100|(DocComplete)|(Standard Node)||1000009|Y|D||||||D|0|0|||||0|0|0|0|0|0|||X|X|0||||CO|(DocComplete)||0|||||N|N|0||||||||100|||
1000004|0|0|Y|2011-08-10 16:49:02|100|2011-08-10 16:49:02|100|Produccion|||1000010|Y|D||||||D|0|0|||||0|0|0|0|0|0|||X|X|0||||CO|10000000||0|||||N|N|0||||||||100|||
1000005|0|0|Y|2011-08-29 18:40:06|100|2011-08-29 18:40:06|100|ToCollect|||1000011|Y|D||||||U|0|0|||M||0|0|0|0|0|0|101||X|X|0||||TC|ToCollect||0|||||N|N|0||||||||100|||
