206|es_PE|0|0|Y|2006-11-10 00:02:24|100|2006-11-10 00:14:54|100|Selección de Pago|Seleccionar facturas para pago|Esta ventana permite seleccionar y procesar facturas que se desean pagar. A) Se puede crear una selección de pago y seleccionar las facturas manualmente ó generar sugerencias de pago basadas en criterios. Es posible cambiar los totales a ser pagados ó borrar facturas que no se desean pagar. B) Si se está satisfecho con la selección; se pueden crear los pagos. C) Se imprimen ó exportan los pagos en la ventana de `Imprimir/Exportar Pagos`.|Y
102|es_PE|0|0|Y|2006-11-10 00:02:24|100|2006-11-10 00:14:54|100|Ventana; Pestaña y Campo|Mantener ventanas; pestañas y campos|La ventana de ventana; pestaña y campo define la presentación de tablas y columnas dentro de cada ventana|Y
103|es_PE|0|0|Y|2006-11-10 00:02:24|100|2006-11-10 00:14:54|100|Reglas de Validación|Mantener reglas de validación dinámicas para columnas y campos|La ventana de reglas de validación define todas la reglas dinámicas usadas cuando se entra y mantienen las columnas y los campos. Esta ventana es solamente para el administrador del sistema|Y
343|es_PE|0|0|Y|2006-11-10 00:02:24|100|2006-11-10 00:14:54|100|Elemento de Costo|Mantenga el elemento de costo de producto|Usted puede definir sus propios elementos de costo del producto.|Y
344|es_PE|0|0|Y|2006-11-10 00:02:24|100|2006-11-10 00:14:54|100|Costos de Producto|Mantener costos de producto||Y
350|es_PE|0|0|Y|2006-11-10 00:02:24|100|2006-11-10 00:14:54|100|Tienda Web|Define tienda Web|Define tienda Web|Y
274|es_PE|0|0|Y|2006-11-10 00:02:24|100|2006-11-10 00:14:54|100|Contador|Contador Web ||Y
359|es_PE|0|0|Y|2006-11-10 00:02:24|100|2006-11-10 00:14:54|100|Declaración de Impuestos|Define declaración de impuestos a las autoridades|"La declaración de impuestos lepermute crear información de soporte y conciliar documentos con la contabilidad.
"|Y
109|es_PE|0|0|Y|2006-11-10 00:02:24|100|2006-11-10 00:14:54|100|Compañía|Mantener Compañías|La Compañía es el nivel mas alto de una entidad de negocios independiente. Cada compañía puede tener una ó más organizaciones reportando a ella. Cada compañía define los parámetros contables (esquema contable; definición de árbol; unidades de medida no monetarias). No use esta ventana para crear la compañía; use el flujo de trabajo `Definir Compañía` para establecer las reglas de seguridad y de acceso requeridas. Si se crea una compañía aquí; la compañía no podrá ser vista dentro del sistema y su definición de parámetros no sera creada.|Y
367|es_PE|0|0|Y|2006-11-10 00:02:24|100|2006-11-10 00:14:54|100|Recomendación de Surtimiento|Mantener Recomendación de Surtimiento||Y
116|es_PE|0|0|Y|2006-11-10 00:02:24|100|2006-11-10 00:14:54|100|Tasa de Cambio|Mantener tasas de cambio|La ventana de tasas de cambio es usado para definir las tasas de conversión que serán usadas cuando se conviertan totales de una moneda a otra|Y
286|es_PE|0|0|Y|2006-11-10 00:02:24|100|2006-11-10 00:14:54|100|Proyecto (Orden)|Mantener proyecto de orden de ventas y orden de trabajo|La ventana del proyecto se utiliza para definir los proyectos que serán mantenidos vía documentos.|Y
172|es_PE|0|0|Y|2006-11-10 00:02:24|100|2006-11-10 00:14:54|100|Importar Socio de Negocio|Importar Socio de Negocio|La ventana es una tabla interina la cual se usa cuando se importan datos externa hacia el sistema. Cuando se selecciona el botón `Procesar` los registros se adicionarán ó modificarán.|Y
249|es_PE|0|0|Y|2006-11-10 00:02:24|100|2006-11-10 00:14:54|100|Importar Conjunto de Lineas de Informe|Importar Conjunto de Lineas de Informe|La línea ventana determinada del informe de la importación es una tabla del interino se utiliza que al importar datos externos en el sistema. Seleccionar el 'Proceso' el botón agregará ó modificará los registros apropiados.|Y
281|es_PE|0|0|Y|2006-11-10 00:02:24|100|2006-11-10 00:14:54|100|Importar Ordenes|Importar Ordenes|"Las selecciones Y/N en el cargador de la importación ajustando al formato explícitamente (ej. como constantes) y ningún para no dejarlas NULAS. Un valor NULO estándar ""Saber ó no Saber"";. En general, las cajas de la selección no se seleccionan si el valor no es ""Y"" (es decir podría estar la falta de información ó cualquier otro valor). Todas las pruebas se hacen en ""Y"" ó ""No"" - es decir los valores NULOS no son ""No"", pero anula (no saber) - ven las introducciones de la lengua del SQL."|Y
282|es_PE|0|0|Y|2006-11-10 00:02:24|100|2006-11-10 00:14:54|100|Categoría de Fletes|Mantenimiento a la Categoría de Fletes|Las categorías de la carga se utilizan para calcular la carga para el generador seleccionado.|Y
283|es_PE|0|0|Y|2006-11-10 00:02:24|100|2006-11-10 00:14:54|100|Dimensiones Contables|Mantener las dimensiones contables.|Mantenimiento de dimensiones contables. El segmento de contabilidad (Así como el Usuario define dimensiones) son mantenidos en la ventana elemento de cuenta. Observe porfavor que usted no podra crear nuevas entidades en esta ventana ya que las tiene por default si usted no tiene defecto fijado para todos los valores.|Y
326|es_PE|0|0|Y|2006-11-10 00:02:24|100|2006-11-10 00:14:54|100|Acceso al Log |Registro del acceso a los datos ó a los recursos|El registro debe ser explicitamente permitido / Escritura.|Y
251|es_PE|0|0|Y|2006-11-10 00:02:24|100|2006-11-10 00:14:54|100|Activo|Activo usado internamente de un proveedor|Un activo es creado comprando ó entregando un producto. Un activo puede ser utilizado internamente ó ser un activo del cliente.|Y
252|es_PE|0|0|Y|2006-11-10 00:02:24|100|2006-11-10 00:14:54|100|Grupo de Activos|Grupo de Activos|El grupo de activos determina cuentas por default. Si un grupo del activo se selecciona en la categoría del producto, se crean los activos al entregar el activo.|Y
253|es_PE|0|0|Y|2006-11-10 00:02:24|100|2006-11-10 00:14:54|100|Entrenamiento|Entrenamiento repetido.|El entrenamiento puede tener clases reales múltiples.|Y
197|es_PE|0|0|Y|2006-11-10 00:02:24|100|2006-11-10 00:14:54|100|Libro de Efectivo|Mantener libro de efectivo|Define el banco y cuenta contra la cual las transacciones de efectivo son procesadas.|Y
358|es_PE|0|0|Y|2006-11-10 00:02:24|100|2006-11-10 00:14:54|100|Ajuste Instancia de Atributos|Ver Detalle y Emplear Ajuste Instancia de Atributos||Y
162|es_PE|0|0|Y|2006-11-10 00:02:24|100|2006-11-10 00:14:54|100|Asientos Contables|Asientos Contables|Consulta a detalle de las transacciones contables.|Y
297|es_PE|0|0|Y|2006-11-10 00:02:24|100|2006-11-10 00:14:54|100|Proceso Flujo Trabajo|Supervise los procesos del flujo de trabajo|Información real del caso y visión del proceso de flujo de trabajo|Y
298|es_PE|0|0|Y|2006-11-10 00:02:24|100|2006-11-10 00:14:54|100|Actividad Flujo Trabajo|Monitorea las actividades de flujo de trabajo activas||Y
208|es_PE|0|0|Y|2006-11-10 00:02:24|100|2006-11-10 00:14:54|100|Ciclo de Proyecto|Mantener Ciclos de Proyecto|Esta ventana define los pasos asociados con un proyecto específico. Es posible definir diferentes ciclos de proyecto para diferenciar los diferentes tipos de estos. Los ciclos de proyecto pueden usar todos ó un subconjunto de los estados de proyecto (ej. El ciclo de proyecto de su oportunidad puede incluir los pasos de prospecto a contrato; el ciclo de servicio puede incluir los pasos de Instalación a aceptación del cliente).|Y
303|es_PE|0|0|Y|2006-11-10 00:02:24|100|2006-11-10 00:14:54|100|Remesa de Pagos|Remiendos de procesos del pago para EFT|Transferencia electronica de fondo|Y
213|es_PE|0|0|Y|2006-11-10 00:02:24|100|2006-11-10 00:14:54|100|Cálculo de Medida de Desempeño|Definir cómo calcular las mediciones de desempeño|Favor probar el comando en SQLPlus primero. El comando select debe regresar un solo valor. Cualquier restricción para rango de fechas; organizaciones; Socios de Negocio; Productos debe ser hecha via la ventana `Medida de Desempeño`. Este es un cálculo genérico. Como el tema tiende a ser algo técnico; el sistema tiene algunos ejemplos predefinidos.|Y
120|es_PE|0|0|Y|2006-11-10 00:02:24|100|2006-11-10 00:14:54|100|Unidad de Medida|Mantener Unidad de Medida|Esta ventana es usada para definir unidades de medida (UOM) de índole no monetarias. También define si la conversión entre unidades de medida es permitida y como debe ser calculada. El sistema provee algunas conversiones automáticas (ej. Minuto; hora; día; etc.) si ellas no son definidas explícitamente aquí. Las conversiones deben ser directas (ej. Si solo se tiene una conversión entre A-B y B-C; el sistema no puede convertir entre A-C; es necesario definir explícitamente la conversión).|Y
220|es_PE|0|0|Y|2006-11-10 00:02:24|100|2006-11-10 00:14:54|100|Nivel de Servicio|Mantener niveles de servicio|Los niveles de servicio son generados cuando una factura con productos basados en reglas de reconocimiento de ingresos es generada. Es necesario actualizar el nivel de servicio real agregandole una línea adicional.|Y
50004|es_PE|0|0|Y|2006-12-12 01:35:31|0|2006-12-12 01:35:31|0|Common Package Details|Maintain Common Package Details|Create and maintain common package element details|N
248|es_PE|0|0|Y|2006-11-10 00:02:24|100|2006-11-10 00:14:54|100|Importar Cuenta Contable|Importar valores de cuentas contables|La ventana natural de la importación de cuentas es una tabla interna, se utiliza al importar datos externos en el sistema. Seleccionar el 'Proceso' el botón agregará ó modificará los registros apropiados.|Y
295|es_PE|0|0|Y|2006-11-10 00:02:24|100|2006-11-10 00:14:54|100|Tipo de Moneda|Mantiene tipos de conversión de moneda.|El tipo del índice de conversión de moneda le deja definir diversos tipos de tarifas, ej. tarifas del punto, corporativas y/o de Compra/Venta.|Y
296|es_PE|0|0|Y|2006-11-10 00:02:24|100|2006-11-10 00:14:54|100|Importar Tasa de Cambio|Importar conversion de tasa de cambio.|Las tarifas se importan después de la validación y tipo del índice de conversión así como tarifas. Se utiliza la tarifa del multiplicar. Si se va una tarifa recíproca a ser creada, se utiliza la tarifa de dividir.|Y
360|es_PE|0|0|Y|2006-11-10 00:02:24|100|2006-11-10 00:14:54|100|Informe por Jerarquías|Define Informe por Jerarquías|"Informe por Jerarquías le permite seleccionar diferentes Jerarquías/Árboles para el informee.
Segmentos Contables de la organización deseada, Cuentas, Productos pueden tener alguna jerarquía al acomodar diferentes vistas sobre el negocio."|Y
364|es_PE|0|0|Y|2006-11-10 00:02:24|100|2006-11-10 00:14:54|100|Esquema de Color del Desempeño|Mantener Esquema de Color del Desempeño |Representación visual del desempeño mediante colores. El esquema frecuentemente tiene tres niveles (ej. rojo-amarillo-verde). Adempiere sporta dos niveles (ej. rojo-verde) o cuatro niveles (ej. gris-bronce-plata-oro). Note que las médidas sin límite son representadas en blanco. Los porcentajes pueden ser entre cero y sin límite   (ej. superior a 100%).|Y
372|es_PE|0|0|Y|2006-11-10 00:02:24|100|2006-11-10 00:14:54|100|Sistema de Surtimiento|Sistema de Mantenimiento||Y
112|es_PE|0|0|Y|2006-11-10 00:02:24|100|2006-11-10 00:14:54|100|Secuencia de Documentos|Mantener secuencias del sistema y de documentos|La ventana de secuencia define como los números de documentos serán puestos en secuencia. Cambia la manera en que los números de documentos son generados. Es posible adicionar un prefijo ó sufijo ó cambiar el número actual.|Y
186|es_PE|0|0|Y|2006-11-10 00:02:24|100|2006-11-10 00:14:54|100|Transacción de EDI|Transacción de EDI|Define transacciones de EDI|Y
194|es_PE|0|0|Y|2006-11-10 00:02:24|100|2006-11-10 00:14:54|100|Estado de Cuentas Bancario|Procesar conciliación del estado de cuentas bancario|Esta ventana permite conciliar sus saldos bancarios. Usted puede ya sea introducir líneas desde el estado de cuentas en la pestaña de línea de estado de cuentas ó seleccionar el botón `Crear desde` para generar automáticamente el balance de todos los pagos no conciliados para esta cuenta bancaria. Una vez que la conciliación esta completa; seleccione el botón `Procesar Estado de Cuentas` para marcar los pagos como conciliados y actualizar las cuentas correspondientes de la Contabilidad General|Y
128|es_PE|0|0|Y|2006-11-10 00:02:24|100|2006-11-10 00:14:54|100|Anexo|Mantener Anexos|Solamente para mantenimiento del sistema. Esta ventana es usada con propósitos de diagnóstico para desplegar los atributos de un anexo.|Y
280|es_PE|0|0|Y|2006-11-10 00:02:24|100|2006-11-10 00:14:54|100|Importar Pagos|Importar Pagos||Y
129|es_PE|0|0|Y|2006-11-10 00:02:24|100|2006-11-10 00:14:54|100|Preferencia|Mantener sistema; cliente; Org. Y preferencias de usuario|Para uso del administrador de sistema solamente.|Y
178|es_PE|0|0|Y|2006-11-10 00:02:24|100|2006-11-10 00:14:54|100|Saludo|Mantener Saludo|Permite definir un saludo que es asociado a un socio de negocio ó a un contacto del socio de negocio.|Y
161|es_PE|0|0|Y|2006-11-10 00:02:24|100|2006-11-10 00:14:54|100|Cargo|Mantener Cargos|Define los diferentes cargos adicionales en que se puede incurrir en una transacción. Estos pueden incluir cargos de servicio bancario; cargos del proveedor; cargos de manejo entre otros.|Y
167|es_PE|0|0|Y|2006-11-10 00:02:24|100|2006-11-10 00:14:54|100|Facturas (Cliente)|Entrar factura de cliente|La ventana permite desplegar y entrar facturas para un cliente. Las facturas pueden también ser generadas desde una orden de ventas ó un despacho.|Y
233|es_PE|0|0|Y|2006-11-10 00:02:24|100|2006-11-10 00:14:54|100|Esquema de Descuento|Mantener esquema de descuentos|El esquema de descuento calcula el porcentaje de descuento|Y
234|es_PE|0|0|Y|2006-11-10 00:02:24|100|2006-11-10 00:14:54|100|Tipo de Gasto|Mantener tipos de Informe de gastos|Mantiene diferentes tipos de informe de gastos|Y
299|es_PE|0|0|Y|2006-11-10 00:02:24|100|2006-11-10 00:14:54|100|Responsable Flujo Trabajo|Responsable de la execución del flujo de trabajo.|La última responsabilidad de un flujo de trabajo está con un usuario real.  El flujo de trabajo responsable permite para definir maneras de encontrar a ese usuario real.|Y
273|es_PE|0|0|Y|2006-11-10 00:02:24|100|2006-11-10 00:14:54|100|Click|Mantenga el tecleo del Web||Y
300|es_PE|0|0|Y|2006-11-10 00:02:24|100|2006-11-10 00:14:54|100|Registrar Atributos|Atributos del registro del activo|Defina los valores individuales para el registro del activo.|Y
301|es_PE|0|0|Y|2006-11-10 00:02:24|100|2006-11-10 00:14:54|100|Registro|Usar registro de activo|Usar registro de un activo|Y
266|es_PE|0|0|Y|2006-11-10 00:02:24|100|2006-11-10 00:14:54|100|Recurrente|Documentos Recurrentes|Crear nuevos documentos basados en uno existente|Y
302|es_PE|0|0|Y|2006-11-10 00:02:24|100|2006-11-10 00:14:54|100|Estado de Cuentas|Algoritmo para conciliación de estados de cuenta de los Socios de Negocio, Facturas y Pagos|Algoritmo para emparejar el extracto de cuenta Info a los socios, a las facturas y a los pagos de negocio un algoritmo a los socios de negocio del hallazgo, facturas, pagos en extractos de cuenta importados.|Y
144|es_PE|0|0|Y|2006-11-10 00:02:24|100|2006-11-10 00:14:54|100|Categoría de Producto|Mantener categorías de producto|La categoría de producto permite definir diferentes grupos de productos. Estos grupos pueden ser usados para generar listas de precios; definir margenes; y asignar de manera fácil los diferentes parámetros contables a los productos.|Y
104|es_PE|0|0|Y|2006-11-10 00:02:24|100|2006-11-10 00:14:54|100|Mensaje|Mantener mensajes de información y error|La ventana de mensajes define el texto del mensaje y los mensajes de consejos para cada mensaje generado por el sistema. Es solamente para uso del administrador del sistema|Y
152|es_PE|0|0|Y|2006-11-10 00:02:24|100|2006-11-10 00:14:54|100|Región de Ventas|Mantener Regiones de Ventas|Define las diferentes regiones donde se hacen negocios. Es posible generar Informes basado en las regiones de ventas.|Y
385|es_PE|0|0|Y|2006-11-10 00:02:24|100|2006-11-10 00:02:24|100|Info Window|Define Info and search/select Window|The Info window is used to search and select records as well as display information relevant to the selection.|N
256|es_PE|0|0|Y|2006-11-10 00:02:24|100|2006-11-10 00:14:54|100|Conjunto de Atributos|Mantener el conjunto de atributos de un producto|Define los sistemas de los atributos del producto para agregar atributos y valores adicionales al producto. Usted necesita definir un atributo fijo si desea permitir seguir el número de serie y lote de entregas.|Y
334|es_PE|0|0|Y|2006-11-10 00:02:24|100|2006-11-10 00:14:54|100|Importa Confirmación|Importa Recibo/Entrega linea de confirmación|Importa fecha de confirmación para confirmaciones de Recibos/Entregas existentes.|Y
335|es_PE|0|0|Y|2006-11-10 00:02:24|100|2006-11-10 00:14:54|100|Criterio ANS|Criterio acuerdo del porcentaje de disponibilidad|Defina los criterios para medir acuerdos del porcentaje de disponibilidad (Ej. la calidad, entrega resuelve la fecha prometida,..)|Y
225|es_PE|0|0|Y|2006-11-10 00:02:24|100|2006-11-10 00:14:54|100|Color del Sistema|Mantener Sistema de Colores|Colores del sistema son usados para fondos e indicadores.|Y
226|es_PE|0|0|Y|2006-11-10 00:02:24|100|2006-11-10 00:14:54|100|Escritorio|Mantener Escritorio|Escritorio es un conjunto de bancos de trabajo.|Y
227|es_PE|0|0|Y|2006-11-10 00:02:24|100|2006-11-10 00:14:54|100|Imagen del Sistema|Mantener Imágenes||Y
228|es_PE|0|0|Y|2006-11-10 00:02:24|100|2006-11-10 00:14:54|100|Cotejar Ordenes de Compra|Ver ordenes de compra cotejadas||Y
130|es_PE|0|0|Y|2006-11-10 00:02:24|100|2006-11-10 00:14:54|100|Proyecto|Mantener Proyectos|La ventana de proyectos es usada para definir los proyectos que serán monitoreados por medio de documentos de la aplicación.|Y
108|es_PE|0|0|Y|2006-11-10 00:02:24|100|2006-11-10 00:14:54|100|Usuario|Mantener Usuarios del Sistema|La ventana de usuario permite que se defina cada usuario en el sistema. Los usuarios pueden entrar al sistema y tener acceso a la funcionalidad via uno ó más roles.|Y
201|es_PE|0|0|Y|2006-11-10 00:02:24|100|2006-11-10 00:14:54|100|Solicitud|Trabajar en sus solicitudes|Esta ventana es usada para definir y hacer seguimiento de las solicitudes asignadas a su usuario.|Y
205|es_PE|0|0|Y|2006-11-10 00:02:24|100|2006-11-10 00:14:54|100|Consulta de Asignación|Consulta de Asignación|Consulta de Asignación|Y
247|es_PE|0|0|Y|2006-11-10 00:02:24|100|2006-11-10 00:14:54|100|Importar Productos|Importar Productos|"La ventana de los productos de importación es una tabla del interino que se utiliza al importar datos externos en el sistema. Seleccionar el botón ""procesos"" agregará ó modificará los expedientes apropiados."|Y
176|es_PE|0|0|Y|2006-11-10 00:02:24|100|2006-11-10 00:14:54|100|Detalles del Proveedor|Mantener detalles del proveedor|La ventana permite desplegar y mantener todos los productos para un proveedor seleccionado.|Y
142|es_PE|0|0|Y|2006-11-10 00:02:24|100|2006-11-10 00:14:54|100|Transportista|Mantener Transportistas|La ventana define los diferentes proveedores de despachos que usa una organización. Cuando un método de despacho es usado en una orden; un transportador debe ser seleccionado|Y
323|es_PE|0|0|Y|2006-11-10 00:02:24|100|2006-11-10 00:14:54|100|Distribución CG|Distribución de Contabilidad General|Si los criterios de la combinación de la cuenta de la distribución se resuelven, la fijación a la combinación de la cuenta es substituida por las combinaciones de la cuenta de las líneas de la distribución. La distribución está prorrateada basada en el cociente de las líneas. La distribución debe ser válida para ser utilizada.|Y
238|es_PE|0|0|Y|2006-11-10 00:02:24|100|2006-11-10 00:14:54|100|Color de Impresión|Mantener Color de Impresión|Colores usados para imprimir|Y
224|es_PE|0|0|Y|2006-11-10 00:02:24|100|2006-11-10 00:14:54|100|Forma de Impresión|Mantener formas de Impresión (facturas; cheques;...)|Define los documentos que se usan en esta Compañía. Note que el formato de cheques es definido en la ventana de bancos|Y
204|es_PE|0|0|Y|2006-11-10 00:02:24|100|2006-11-10 00:14:54|100|Plantilla de Correo|Mantener Plantilla de Correo||Y
363|es_PE|0|0|Y|2006-11-10 00:02:24|100|2006-11-10 00:14:54|100|Reporte Versión Sistema|Creado Automáticamente o manualmente   ingresado Reporte de Versión de Sistema|Las versiones de sistema son creados para acelerar la resolución de cualquier versión de sistema relacionado (errores potenciales). Si habilitó, son automáticamente reportados a Adempiere. No se transfieren datos o información confidencial.|Y
351|es_PE|0|0|Y|2006-11-10 00:02:24|100|2006-11-10 00:14:54|100|Posición|Mantener posiciones.||Y
352|es_PE|0|0|Y|2006-11-10 00:02:24|100|2006-11-10 00:14:54|100|Categoria de posición|Categoria de posición||Y
353|es_PE|0|0|Y|2006-11-10 00:02:24|100|2006-11-10 00:14:54|100|Renumeración|Mantener Renumeración|Sueldos y Salarios|Y
355|es_PE|0|0|Y|2006-11-10 00:02:24|100|2006-11-10 00:14:54|100|LDM aviso de cambio|Mantenga la cuenta del aviso de cambio de los materiales (ingeniería) (versión)|Los avisos del cambio pueden ser ligados a LDMs ó ser soporte solamente.|Y
321|es_PE|0|0|Y|2006-11-10 00:02:24|100|2006-11-10 00:14:54|100|Cálculo de Morosidad|Definir como realizar los calculos de morosidad.||Y
244|es_PE|0|0|Y|2006-11-10 00:02:24|100|2006-11-10 00:14:54|100|Tipo de Solicitud|Mantener Tipo de Solicitudes|Los tipos de solicitudes son usados para procesar y categorizar solicitudes. Las opciones son consultar cuenta; garantía; etc.|Y
313|es_PE|0|0|Y|2006-11-10 00:02:24|100|2006-11-10 00:14:54|100|Relación Socio de Negocio||La relación del socio de negocio permite mantener reglas de la relación de los terceros: quién recibe las facturas para los envíos ó paga facturas.|Y
340|es_PE|0|0|Y|2006-11-10 00:02:24|100|2006-11-10 00:14:54|100|Registro del Sistema|Registrar su sistema|Registro del sistema - Solamente un registro - No agregue los registros adicionales.|Y
341|es_PE|0|0|Y|2006-11-10 00:02:24|100|2006-11-10 00:14:54|100|Inventario uso Interno|Incorpora el uso interno del inventario.|El uso de la ventana del inventario interno permite entrar en la cantidad de productos usados.|Y
345|es_PE|0|0|Y|2006-11-10 00:02:24|100|2006-11-10 00:14:54|100|Categoria de la Solicitud|Mantener categoria de solicitud|Categoria ó asunto de la solicitud|Y
346|es_PE|0|0|Y|2006-11-10 00:02:24|100|2006-11-10 00:14:54|100|Grupo de Solicitud|Mantener grupo de solicitud|Grupo de solicitudes (ej. números de versión, responsabilidad...)|Y
347|es_PE|0|0|Y|2006-11-10 00:02:24|100|2006-11-10 00:14:54|100|Respuesta de Solicitud|Mantener respuesta de la solicitud |Estado de la respuesta (ej. fijo, rechazado,..)|Y
348|es_PE|0|0|Y|2006-11-10 00:02:24|100|2006-11-10 00:14:54|100|Respuesta Estándar de Solicitud|Mantener respuesta estándar de solicitud||Y
349|es_PE|0|0|Y|2006-11-10 00:02:24|100|2006-11-10 00:14:54|100|Estado de Solicitud|Mantiene el estado de la solicitud||Y
356|es_PE|0|0|Y|2006-11-10 00:02:24|100|2006-11-10 00:14:54|100|Aviso de Cambio||Aviso independiente del cambio - los avisos del cambio se podrían también ligar directamente a LDMs|Y
146|es_PE|0|0|Y|2006-11-10 00:02:24|100|2006-11-10 00:14:54|100|Lista de Precios|Mantener lista de precios y producto|Esta venta permite generar precios de lista para sus Socios de Negocio. Las Listas de precio determinan la moneda y el tratamiento contable. Las versiones de lista de precios permiten mantener listas paralelas para diferentes rangos de fecha. La versión más actualizada es usada con base a la fecha del documento. Todas las listas tienen tres precios: lista; estándar y límite. El primer paso es crear una lista de precios base. Es posible adicionar manualmente productos y entrar sus precios ó crearlos automáticamente. La lista de precios base es frecuentemente la lista de precios de compra de productos con precio de lista (precio sugerido de venta); el precio estándar (su precio de compra). El precio limite puede ser usado para revisar sus costos de compra finales después de descuentos; rebajas y otros. Las listas de precio pueden ser calculadas y copiadas; para acelerar su cálculo; los parámetros son almacenados cuando se crea una nueva versión de precio de lista|Y
243|es_PE|0|0|Y|2006-11-10 00:02:24|100|2006-11-10 00:14:54|100|Formato de Tabla de Impresión|Definir formato de tabla de informe|El formato de tabla de impresión permite definir como los encabezados de la tabla; etc. son impresos.|Y
123|es_PE|0|0|Y|2006-11-10 00:02:24|100|2006-11-10 00:14:54|100|Socio del Negocio|Mantener socios de negocio|Esta ventana permite definir a cualquier ente con el cual se tenga relación de negocios (Socios de Negocio). Esto incluye clientes; proveedores y empleados. Antes de entrar ó importar productos; es necesario definir proveedores. La ventana mantiene toda la información sobre los socios de negocio y los valores que aqui se definan; serán usados en todas las transacciones de documentos de la aplicación.|Y
174|es_PE|0|0|Y|2006-11-10 00:02:24|100|2006-11-10 00:14:54|100|Reconocimiento de Ingresos|Reglas de Reconocimiento de Ingresos|La ventana define los intervalos a los cuales los ingresos serán reconocidos. Alternativamente; el reconocimiento de ingresos puede ser relacionado a los niveles de servicio suministrados.|Y
236|es_PE|0|0|Y|2006-11-10 00:02:24|100|2006-11-10 00:14:54|100|Recurso|Mantener Recursos|El producto para el recurso es automáticamente creado y sincronizado. Actualiza nombre; unidad de medida; etc. en el recurso y no lo cambia en el producto.|Y
354|es_PE|0|0|Y|2006-11-10 00:02:24|100|2009-12-21 16:32:18.575|100|Lista de Materiales|Mantener LDM del producto.||Y
183|es_PE|0|0|Y|2006-11-10 00:02:24|100|2006-11-10 00:14:54|100|Facturas (Proveedor)|Entrar Facturas de Proveedor|La ventana permite desplegar y entrar facturas para un proveedor. Facturas de proveedores pueden ser generadas desde una orden de compra ó desde un recibo de despacho.|Y
143|es_PE|0|0|Y|2006-11-10 00:02:24|100|2006-11-10 00:14:54|100|Órdenes de Venta|Entrar y cambiar ordenes de ventas|La ventana permite entrar y modificar ordenes de venta|Y
134|es_PE|0|0|Y|2006-11-10 00:02:24|100|2006-11-10 00:14:54|100|Actividad (ABC)|Mantener actividades de costo por actividad|Esta ventana define las diferentes actividades para las cuales se desea capturar costos.|Y
135|es_PE|0|0|Y|2006-11-10 00:02:24|100|2006-11-10 00:14:54|100|Tipo de Documento|Mantener tipos de documentos|La ventana define cualquier documento que va a ser usado en el sistema. Cada tipo de documento provee la base para el procesamiento de cada documento y controla el nombre a imprimir y la secuencia de documentos.|Y
328|es_PE|0|0|Y|2006-11-10 00:02:24|100|2006-11-10 00:14:54|100|Pronosticar|Mantenga el pronóstico del material|Pronóstico de material|Y
114|es_PE|0|0|Y|2006-11-10 00:02:24|100|2006-11-10 00:14:54|100|Tarea|Mantener Tareas|La ventana de mantener tareas define las diferentes tareas usadas en los flujos de trabajo y el nivel de acceso para esas tareas.|Y
115|es_PE|0|0|Y|2006-11-10 00:02:24|100|2006-11-10 00:14:54|100|Moneda|Mantener Monedas|La ventana de monedas define cualquier moneda que vaya a ser usada en documentos ó Informes. Las monedas usadas son definidas a nivel de sistema y se adicionan monedas a nivel compañía solo para monedas estadísticas (ej. Para monedas inestables)|Y
154|es_PE|0|0|Y|2006-11-10 00:02:24|100|2006-11-10 00:14:54|100|Presupuesto de CG|Mantener presupuestos de libro mayor||Y
189|es_PE|0|0|Y|2006-11-10 00:02:24|100|2006-11-10 00:14:54|100|Formato Importación de Datos|Mantener formatos del cargador del importador de datos|Esta ventana es usada para la definición del archivo con información de productos que se quiere importar al sistema.|Y
191|es_PE|0|0|Y|2006-11-10 00:02:24|100|2006-11-10 00:14:54|100|Producción|Producción basada en Lista de Partes|La ventana define los movimientos planeados y de inventario que ocurren cuando un producto es creado desde una lista de partes (LDP o BOM en Inglés).|Y
245|es_PE|0|0|Y|2006-11-10 00:02:24|100|2006-11-10 00:14:54|100|Área de Interés|Área de Interés ó Tópicos|Las áreas de interés reflejan el interés en un tópico por parte de un contacto. Las áreas de interés pueden ser usadas en campañas de mercadeo.|Y
175|es_PE|0|0|Y|2006-11-10 00:02:24|100|2006-11-10 00:14:54|100|Inventario Perpetuo|Mantener reglas de inventario perpetuo|El inventario perpetuo define las reglas a ser aplicadas cuando se generan los conteos de inventario físico.|Y
198|es_PE|0|0|Y|2006-11-10 00:02:24|100|2006-11-10 00:14:54|100|Diario de Efectivo|Transacciones de efectivo|Esta ventana es usada para registrar los pagos y recibos de una caja menor.|Y
325|es_PE|0|0|Y|2006-11-10 00:02:24|100|2006-11-10 00:14:54|100|Ejecutar Distribución|El funcionamiento de la distribución crea órdenes para distribuir productos a una lista seleccionada de socios.|El funcionamiento de la distribución define cómo se crean las órdenes basadas en listas de distribución.|Y
237|es_PE|0|0|Y|2006-11-10 00:02:24|100|2006-11-10 00:14:54|100|Tipo de Recurso|Mantener tipos de recursos|Mantiene los tipos de recursos y su disponibilidad|Y
100|es_PE|0|0|Y|2006-11-10 00:02:24|100|2006-11-10 00:14:54|100|Tabla y Columna|Mantener tablas y columnas|La ventana de tabla y columna define todas las tablas con sus columnas|Y
310|es_PE|0|0|Y|2006-11-10 00:02:24|100|2006-11-10 00:14:54|100|Comprador De la Subasta|Mantenga la Información del comprador de la subasta|Un comprador es un usuario en el sistema que participa en subastas|Y
101|es_PE|0|0|Y|2006-11-10 00:02:24|100|2006-11-10 00:14:54|100|Referencia|Mantener Referencias del Sistema|La ventana de referencia define cada tipo de campo y sus parámetros. Esta ventana es para uso del administrador del sistema solamente|Y
246|es_PE|0|0|Y|2006-11-10 00:02:24|100|2006-11-10 00:14:54|100|Sistema|Definición del sistema|Definición común del sistema|Y
305|es_PE|0|0|Y|2006-11-10 00:02:24|100|2006-11-10 00:14:54|100|Agenda|Mantenimiento a los procesos y los registros del horario|Horario de los procesos a ser ejecutados en la sincronización|Y
149|es_PE|0|0|Y|2006-11-10 00:02:24|100|2006-11-10 00:14:54|100|Campaña de Mercadeo|Mantener Campañas de Mercadeo|La ventana define las fechas de comienzo y final de una campaña de mercadeo. También provee un balance actualizado de los Totales facturados relacionados con esta campaña.|Y
150|es_PE|0|0|Y|2006-11-10 00:02:24|100|2006-11-10 00:14:54|100|Canal de Mercadeo|Mantener Canales de Mercadeo|Permite definir los diferentes canales usados en campañas de mercadeo|Y
242|es_PE|0|0|Y|2006-11-10 00:02:24|100|2006-11-10 00:14:54|100|Gastos (No Facturados)|Ver Gastos no facturados|Antes de facturar; revise las líneas de gastos a ser facturadas.|Y
170|es_PE|0|0|Y|2006-11-10 00:02:24|100|2006-11-10 00:14:54|100|Movimiento de Inventario|Movimiento de Inventario|Permite mover inventario desde una localización del almacén a otra. Cuando las líneas de movimientos son entradas y se selecciona el botón de `Procesar Movimientos` el inventario se ajustará.|Y
329|es_PE|0|0|Y|2006-11-10 00:02:24|100|2006-11-10 00:14:54|100|Petición|Mantenga la demanda material|La demanda material se puede basar en el pronóstico, demandas, órdenes abiertas.|Y
147|es_PE|0|0|Y|2006-11-10 00:02:24|100|2006-11-10 00:14:54|100|Programa de Facturación|Mantener Programa de Facturación|Esta ventana define la frecuencia y las fechas de corte para generar facturas. Si un cliente requiere una única factura para despachos múltiples se define el programa de facturación apropiado y se asocia con el cliente.|Y
140|es_PE|0|0|Y|2006-11-10 00:02:24|100|2006-11-10 00:14:54|100|Producto|Mantener Productos|La ventana define todos los productos usados por una organización. Estos productos incluyen aquellos vendidos a clientes; los usados para fabricar los productos que son vendidos a clientes y los productos que son comprados por una organización|Y
168|es_PE|0|0|Y|2006-11-10 00:02:24|100|2006-11-10 00:14:54|100|Inventario Físico|Entrar Inventario Físico|Permite generar listas de conteo del inventario físico. Estos conteos pueden ser procesados para actualizar el inventario real con las cantidades contadas.|Y
239|es_PE|0|0|Y|2006-11-10 00:02:24|100|2006-11-10 00:14:54|100|Fuente de Impresión|Mantener Fuentes de Impresión|Fuentes usadas para imprimir|Y
240|es_PE|0|0|Y|2006-11-10 00:02:24|100|2006-11-10 00:14:54|100|Formato de Impresión|Mantener formatos de impresión|El formato de impresión determina como los datos son desplegados en la impresión|Y
223|es_PE|0|0|Y|2006-11-10 00:02:24|100|2006-11-10 00:14:54|100|Transacciones de Materiales (uso indirecto)|Transacciones de Materiales (uso indirecto)|Configuración de transacciones de materiales (uso indirecto)|Y
163|es_PE|0|0|Y|2006-11-10 00:02:24|100|2006-11-10 00:14:54|100|Árbol e Imagen de Nodo|Mantener Definición de Árboles|La ventana define las imágenes y descripciones usados cuando se despliega un árbol.|Y
165|es_PE|0|0|Y|2006-11-10 00:02:24|100|2006-11-10 00:14:54|100|Informe y  Proceso|Mantener informes y procesos|La ventana es usada para definir los parámetros y reglas de acceso para cada Informe y proceso dentro del sistema. Esta ventana es solamente para uso del administrador del sistema.|Y
330|es_PE|0|0|Y|2006-11-10 00:02:24|100|2006-11-10 00:14:54|100|Confirmación Entrega/Recibo|Confirmación de entrega ó recibo de material|Confirmación de entrega ó recibo - Creado por una entrega/Recibo |Y
332|es_PE|0|0|Y|2006-11-10 00:02:24|100|2006-11-10 00:14:54|100|Proceso de Auditoría|Proceso de Auditoría en uso||Y
141|es_PE|0|0|Y|2006-11-10 00:02:24|100|2006-11-10 00:14:54|100|Condiciones de Pago|Mantener condiciones de pago|La ventana define tanto los términos de pago que se ofrece a los clientes como los que son ofrecidos por los proveedores. Cada factura debe contener un término de pago. En la factura estándar; el Nombre y la Nota de documento del término de pago son impresos.|Y
322|es_PE|0|0|Y|2006-11-10 00:02:24|100|2006-11-10 00:14:54|100|Requisición|Requisición de Material|Incorpore y mantenga las demandas materiales.|Y
338|es_PE|0|0|Y|2006-11-10 00:02:24|100|2006-11-10 00:14:54|100|Terminal PDV|Mantenimiento a terminales de punto de venta|"La terminal de PDV define los datos por homición y las funciones disponibles para las formas de PDV.
"|Y
339|es_PE|0|0|Y|2006-11-10 00:02:24|100|2006-11-10 00:14:54|100|PDV llave Disposición|PDV Función de llave de disposición||Y
342|es_PE|0|0|Y|2006-11-10 00:02:24|100|2006-11-10 00:14:54|100|Facturas por lote|Costo de facturas por lote|Incorpore las facturas del costo en lote. Después de crear las líneas, se crean las facturas reales al procesarlas por lote.|Y
361|es_PE|0|0|Y|2006-11-10 00:02:24|100|2006-11-10 00:14:54|100|Control de Presupuesto|Mantener Control de Presupuesto|"Control de Presupuesto le permite restringir Gastos, Compromisos (Ordenes de Compra) y reservados (Requisiciónes). Si definió no podrá aprobar Requisiciones, Ordenes de Compra, o CxP Facturas.
"|Y
362|es_PE|0|0|Y|2006-11-10 00:02:24|100|2006-11-10 00:14:54|100|GL Fund (Alpha)|Maintain Fund Controls|General Ledger Funds Control allows you to restrict the use of funds.  This is independent from budget control.|N
196|es_PE|0|0|Y|2006-11-10 00:02:24|100|2006-11-10 00:14:54|100|Atributo Personalizado|Mantener atributos de entidades personalizadas|Esta es una ventana del sistema. Atributos personalizados permite la entrada de información adicional de una entidad.|Y
366|es_PE|0|0|Y|2006-11-10 00:02:24|100|2006-11-10 00:14:54|100|Relación de Desempeño|Mantener Relación de Desempeño|Instrucciones de cálculo para una relación|Y
212|es_PE|0|0|Y|2006-11-10 00:02:24|100|2006-11-10 00:14:54|100|Objetivo de desempeño|Definir objetivos de desempeño|Permite definir objetivos de desempeño.|Y
1000013|es_PE|0|0|Y|2008-07-25 11:28:13|0|2009-04-14 12:06:36.671|100|Tarea|Mantiene el listado de Unidades de Aplicacion||Y
105|es_PE|0|0|Y|2006-11-10 00:02:24|100|2006-11-10 00:14:54|100|Menú|Mantener Menú|La ventana de mantener menú define el menú que será desplegado. Es solamente para ser usado por el administrador del sistema. Los elementos que cada usuario verá dependerán de la seguridad definida.|Y
1000018|es_PE|0|0|Y|2009-04-16 11:59:00|100|2009-04-16 11:59:06.953|100|Riesgos|||N
307|es_PE|0|0|Y|2006-11-10 00:02:24|100|2006-11-10 00:14:54|100|Asunto Oferta|Asunto con respectivas ofertas|Manejo de los Asuntos de las ofertas y la visualizaciones de las ofertas|Y
308|es_PE|0|0|Y|2006-11-10 00:02:24|100|2006-11-10 00:14:54|100|Tipo del Asunto de la Subasta|Mantenga el tipo y las categorías del asunto de la subasta|El tipo del asunto de la subasta se determina qué clase de subasta se utiliza para un área particular|Y
309|es_PE|0|0|Y|2006-11-10 00:02:24|100|2006-11-10 00:14:54|100|Vendedor de la Subasta|Mantenga la Información del Vendedor de la Subasta|Un vendedor es un usuario en el sistema que participa en subastas|Y
336|es_PE|0|0|Y|2006-11-10 00:02:24|100|2006-11-10 00:14:54|100|ANS por Socio|Acuerdo del porcentaje de disponibilidad|Mantenga los acuerdos del porcentaje de disponibilidad para los socios de negocio|Y
371|es_PE|0|0|Y|2006-11-10 00:02:24|100|2006-11-10 00:14:54|100|Usuario del Surtimiento |Usuario que reportó el surtimiento ||Y
255|es_PE|0|0|Y|2006-11-10 00:02:24|100|2006-11-10 00:14:54|100|Transacciones de Balances Contables|Transacciones de Balances Contables|Define transacciones de balances contables|Y
106|es_PE|0|0|Y|2006-11-10 00:02:24|100|2006-11-10 00:14:54|100|Lenguaje|Mantener Lenguajes|La ventana de lenguaje permite definir múltiples lenguajes paralelos para los usuarios. Esto permite a los usuarios acceder a los mismos datos pero tener ventanas; pestañas y campos desplegados en lenguajes. Si un lenguaje es un lenguaje del sistema; se puede cambiar la interfase de usuario a este lenguaje (después de traducirlo); de otra manera; el lenguaje será usado solo para imprimir documentos. Para códigos de lenguaje; se sugiere usar la convención Java de país y lenguaje (ej. fr_CN para francés de Canada). El verificar el lenguaje crea los registros de traducción faltantes. Comience este proceso después de crear un nuevo lenguaje.|Y
264|es_PE|0|0|Y|2006-11-10 00:02:24|100|2006-11-10 00:14:54|100|Sesión|Lista sesiones de usuario|Historia en linea ó sesiones de la tienda|Y
117|es_PE|0|0|Y|2006-11-10 00:02:24|100|2006-11-10 00:14:54|100|Año Calendario y Período|Mantener Períodos de Años Calendarios|Esta ventana define los calendarios que serás usados para el control de períodos y para Informes. Es posible también definir calendarios no estándares (ej. Año fiscal de Junio a julio).|Y
365|es_PE|0|0|Y|2006-11-10 00:02:24|100|2006-11-10 00:14:54|100|Desempeño Punto de Control|Desempeño Punto de Control|"Series de datos para comparar el desempeño interno con (ej precio de almacén,  . . .)
"|Y
368|es_PE|0|0|Y|2006-11-10 00:02:24|100|2006-11-10 00:14:54|100|Estado de Surtimiento|Mantener Estado de Surtimiento|Estado de un Surtimiento|Y
369|es_PE|0|0|Y|2006-11-10 00:02:24|100|2006-11-10 00:14:54|100|Surtimiento Conocido|Mantener Surtimiento Conocido||Y
370|es_PE|0|0|Y|2006-11-10 00:02:24|100|2006-11-10 00:14:54|100|Surtimiento al Proyecto|Mantener Surtimiento al Proyecto||Y
229|es_PE|0|0|Y|2006-11-10 00:02:24|100|2006-11-10 00:14:54|100|Ventana de Usuario|Personalizar ventana del usuario|Personalización|Y
231|es_PE|0|0|Y|2006-11-10 00:02:24|100|2006-11-10 00:14:54|100|Banco de Trabajo|Mantener Banco de Trabajo|Bancos de trabajo son un conjunto de ventanas|Y
232|es_PE|0|0|Y|2006-11-10 00:02:24|100|2006-11-10 00:14:54|100|Todas las Solicitudes|Ver y trabajar sobre todas las solicitudes|La ventana de Solicitudes es usada para ver todas las solicitudes disponibles.|Y
153|es_PE|0|0|Y|2006-11-10 00:02:24|100|2006-11-10 00:14:54|100|Combinación de Cuentas|Mantener combinaciones de cuenta válida|Define y despliega combinaciones contables válidas.|Y
121|es_PE|0|0|Y|2006-11-10 00:02:24|100|2006-11-10 00:14:54|100|Localización|Mantener dirección de localización|Esta ventana permite definir información sobre direcciones dentro del sistema. Esta ventana es para uso del administrador del sistema solamente. Los usuarios acceden a esta información desde otras ventanas y pestañas (ej. Entrada de ordenes ó socio de negocio)|Y
113|es_PE|0|0|Y|2006-11-10 00:02:24|100|2006-11-10 00:14:54|100|Flujo de Trabajo|Mantener flujo de trabajo|La ventana de flujo de trabajo define los flujos; nivel de acceso y los nodos ó pasos de los flujos de trabajo.|Y
241|es_PE|0|0|Y|2006-11-10 00:02:24|100|2006-11-10 00:14:54|100|Papel de Impresión|Mantener papel de impresión|Mantiene el tamaño del papel de impresión; orientación y margenes|Y
200|es_PE|0|0|Y|2006-11-10 00:02:24|100|2006-11-10 00:14:54|100|Grupo de Campos|Definir grupo de campos|Permite la definición de subsecciones en una pestaña. Solo para uso del administrador del sistema.|Y
193|es_PE|0|0|Y|2006-11-10 00:02:24|100|2006-11-10 00:14:54|100|Aviso|Ver avisos del sistema|El sistema crea mensajes mientras ejecuta procesos. En esta ventana es posible ver estos mensajes.|Y
333|es_PE|0|0|Y|2006-11-10 00:02:24|100|2006-11-10 00:14:54|100|Confirmación de Movimientos|Confirma movimientos de inventario |El documento se crea automáticamente cuando el tipo de documento del movimiento indica en tránsito.|Y
250|es_PE|0|0|Y|2006-11-10 00:02:24|100|2006-11-10 00:14:54|100|Traducción del Lenguaje|Comprueba traducciones del lenguaje|Verifica sus traducciones del lenguaje para las entidades seleccionadas|Y
254|es_PE|0|0|Y|2006-11-10 00:02:24|100|2006-11-10 00:14:54|100|Gastos (No Reembolsables)|Ver gastos y cargos no reembolsables|Antes de reembolsar los costos, compruebe los artículos abiertos del costo|Y
306|es_PE|0|0|Y|2006-11-10 00:02:24|100|2010-08-17 18:40:47.255|100|Procesador Flujos de Trabajo|Mantener procesador de flujo de trabajo y logs.|Parametros del servidor y procesador de flujos de trabajo.|Y
210|es_PE|0|0|Y|2006-11-10 00:02:24|100|2006-11-10 00:14:54|100|Cálculo de Comisión|Revisar y Modificar Comisiones|Esta ventana despliega los resultados de procesar las comisiones. Cuando el proceso de `Generar Comisiones` es seleccionado desde la ventana de Comisiones; los resultados son mostrados aquí. Si el resultado es satisfactorio; genera un factura de CXP (cuentas por pagar) para pagar la comisión.|Y
158|es_PE|0|0|Y|2006-11-10 00:02:24|100|2006-11-10 00:14:54|100|Banco|Mantener Bancos|Es usada para definir bancos y cuentas bancarias asociadas con una organización ó socio del negocio.|Y
159|es_PE|0|0|Y|2006-11-10 00:02:24|100|2006-11-10 00:14:54|100|Morosidad|Mantener niveles de morosidad|Define los parámetros que serán usados en las cartas de morosidad. Cada cliente puede ser asociado con un código de morosidad.|Y
160|es_PE|0|0|Y|2006-11-10 00:02:24|100|2006-11-10 00:14:54|100|Retención (1099)|Mantener certificados de retención|La ventana permite definir la regla usada para calcular totales de retención.|Y
215|es_PE|0|0|Y|2006-11-10 00:02:24|100|2006-11-10 00:14:54|100|Medida de Desempeño|Definir mediciones de desempeño|La ventana permite definir las reglas y restricciones para la medición del desempeño. Es posible; por ejemplo; restringir la medición de desempeño de las ventas a una cierta categoría de productos por un período definido de tiempo.|Y
110|es_PE|0|0|Y|2006-11-10 00:02:24|100|2009-11-18 17:49:12.106|100|Organización|Mantener Organizaciones|La ventana de organización permite definir y mantener entidades organizacionales. Una organización es una entidad legal ó una sub-unidad para la cual se procesan documentos y transacciones|Y
192|es_PE|0|0|Y|2006-11-10 00:02:24|100|2006-11-10 00:14:54|100|Grupo de Socios de Negocio|Mantener grupos de Socios de Negocio|Esta ventana permite definir los parámetros contables a nivel de grupo. Si se definen los parámetros contables para un grupo; cualquier socio de negocio que sea parte del grupo heredará estos parámetros automáticamente. A continuación se pueden hacer modificaciones necesarias a nivel de Socio de Negocio.|Y
221|es_PE|0|0|Y|2006-11-10 00:02:24|100|2006-11-10 00:14:54|100|Encontrar (uso indirecto)|Dialogo de encontrar (uso indirecto)||Y
125|es_PE|0|0|Y|2006-11-10 00:02:24|100|2006-11-10 00:14:54|100|Esquema Contable|Mantener esquema de contabilidad-para que los cambios aparezcan hay que salir y entrar a la aplicación de nuevo|Esta ventana define un método contable y los elementos que comprenderán la estructura de cuentas. Permite crear y activar elementos para la contabilidad detallada de Socios de Negocio; Productos; Localizaciones; etc. También permite revisar y cambiar las cuentas del libro mayor y los valores predeterminados. Las cuentas que son usadas en las transacciones dependen de la organización que ejecuta la transacción.|Y
304|es_PE|0|0|Y|2006-11-10 00:02:24|100|2006-11-10 00:14:54|100|Tipo Organización|Mantiene tipos de organización|El tipo de la organización permite que usted categorice sus organizaciones para definir propósitos|Y
316|es_PE|0|0|Y|2006-11-10 00:02:24|100|2006-11-10 00:14:54|100|Suscripción|Mantenimiento a suscripciones y entregas|Suscripción de un socio de negocio de un producto a renovar|Y
317|es_PE|0|0|Y|2006-11-10 00:02:24|100|2006-11-10 00:14:54|100|Tipo de Suscripción|Mantener tipos de Suscripción||Y
318|es_PE|0|0|Y|2006-11-10 00:02:24|100|2006-11-10 00:14:54|100|Lista de Distribución|Mantener lista de distribución.|La lista de distribución contiene socios de negocio y una cantidad ó un cociente de la distribución para crear órdenes.|Y
319|es_PE|0|0|Y|2006-11-10 00:02:24|100|2006-11-10 00:14:54|100|Paquete|Maneje los paquetes del envío|Un envío puede tener uno ó mas paquetes. Un paquete puede ser seguido|Y
235|es_PE|0|0|Y|2006-11-10 00:02:24|100|2006-11-10 00:14:54|100|Informe de Gasto|Informe de tiempo y gastos||Y
111|es_PE|0|0|Y|2006-11-10 00:02:24|100|2006-11-10 00:14:54|100|Rol|Mantener Responsabilidades del Usuario|La ventana de rol permite definir los roles diferentes que los usuarios de este sistema tendrán. Los roles controlan el acceso a las ventanas; tareas; informes; etc. Para una compañía un rol de administrador y de usuario son predefinidos. Es posible adicionar roles para controlar el acceso a funcionalidad específica ó datos. Los usuarios son adicionados a los roles|Y
131|es_PE|0|0|Y|2006-11-10 00:02:24|100|2006-11-10 00:14:54|100|Categoría CG|Mantener Categorías del Libro Mayor|Esta ventana permite definir categorías para ser usada en los diarios contables. Estas categorías proveen un método de agrupamiento opcional y de Informe para los diarios|Y
259|es_PE|0|0|Y|2006-11-10 00:02:24|100|2006-11-10 00:14:54|100|Control No. de Serie|Control del número de serie del producto|Definición para crear los números de serie para los productos|Y
260|es_PE|0|0|Y|2006-11-10 00:02:24|100|2006-11-10 00:14:54|100|Atributos|Atributos del Producto|Atributos del Producto, como Color, tamaño, etc|Y
132|es_PE|0|0|Y|2006-11-10 00:02:24|100|2006-11-10 00:14:54|100|Diario de CG|Entrar y cambiar entradas de diario manuales|Esta ventana permite entrar y modificar asientos de diario|Y
278|es_PE|0|0|Y|2006-11-10 00:02:24|100|2006-11-10 00:14:54|100|Importar Diario de CG|Importar Diario de CG|"Sí desea comprobar el balance de la importación con ""Solo Validación"" antes de importar. Se importan los diarios de CG desbalanceadas; la dirección se basa en sus ajustes para el proceso de aplicación."|Y
292|es_PE|0|0|Y|2006-11-10 00:02:24|100|2006-11-10 00:14:54|100|Etiqueta Impresión|Mantenga la definición de la impresion de la etiqueta.||Y
311|es_PE|0|0|Y|2006-11-10 00:02:24|100|2010-08-17 18:38:11.915|100|Procesador Contabilidad|Mantenimiento al procesador de contabilidad y logs |Procesador de la contabilidad parámetros y registros del servidor|Y
293|es_PE|0|0|Y|2006-11-10 00:02:24|100|2006-11-10 00:14:54|100|Info Agente|Información del agente de la compañía (Representante de ventas)|Esta ventana permite que usted vea la información relacionada al agente de la compañía.|Y
294|es_PE|0|0|Y|2006-11-10 00:02:24|100|2006-11-10 00:14:54|100|Documentos sin Aplicar|Documentos sin aplicar|Vista de documentos sin aplicar|Y
137|es_PE|0|0|Y|2006-11-10 00:02:24|100|2006-11-10 00:14:54|100|Tasa de Impuesto|Mantener Impuestos y sus tasas|La ventana permite definir los diferentes impuestos usados para cada categoría de impuestos. Por ejemplo; el impuesto de ventas debe estar definido para cada estado en el cual aplique.|Y
138|es_PE|0|0|Y|2006-11-10 00:02:24|100|2006-11-10 00:14:54|100|Categoría de Impuesto|Mantener Categorías de Impuestos|Esta ventana se usa para definir y mantener las categorías de impuestos. Cada producto es asociado con una categoría de impuestos lo cual facilita la actualización cuando los impuestos cambian.|Y
139|es_PE|0|0|Y|2006-11-10 00:02:24|100|2006-11-10 00:14:54|100|Almacén y Ubicación|Mantener Almacenes y Ubicación|La ventana se usa para definir los almacenes y sus ubicaciones así como los parámetros contables que deberán ser utilizados para el inventario en ese almacén.|Y
216|es_PE|0|0|Y|2006-11-10 00:02:24|100|2006-11-10 00:14:54|100|Informe Financiero|Mantener Informes financieros|Los Informes financieros son una combinación de un conjunto de columnas y filas de un Informe.|Y
217|es_PE|0|0|Y|2006-11-10 00:02:24|100|2006-11-10 00:14:54|100|Columna de Informe|Mantener columnas del informe financiero|El conjunto de columnas de un Informe define que datos son impresos en las columnas del Informe|Y
218|es_PE|0|0|Y|2006-11-10 00:02:24|100|2006-11-10 00:14:54|100|Línea de Informe|Mantener líneas del informe financiero|El conjunto de líneas determina; cuales líneas son impresas en un Informe financiero.|Y
180|es_PE|0|0|Y|2006-11-10 00:02:24|100|2006-11-10 00:14:54|100|Vista de Informes|Mantener vistas de Informe|Define las vistas usadas cuando se generan Informes. Esta venta es solamente para uso del administrador del sistema.|Y
181|es_PE|0|0|Y|2006-11-10 00:02:24|100|2006-11-10 00:14:54|100|Órdenes de Compra|Administrar Ordenes de Compra|La ventana define una orden de compra para una organización. Cuando una orden de compra ya ha sido entrada; es posible generar un documento de despacho ó factura desde esta orden.|Y
107|es_PE|0|0|Y|2006-11-10 00:02:24|100|2006-11-10 00:14:54|100|Facturas Cotejadas|Ver facturas cotejadas||Y
1000012|es_PE|0|0|Y|2008-03-03 12:20:04|100|2009-04-14 11:49:33.687|100|Actividad|Maintains a list of Control Activity||Y
122|es_PE|0|0|Y|2006-11-10 00:02:24|100|2006-11-10 00:14:54|100|País; Región y Ciudad|Mantener países; regiones y ciudades|Esta ventana permite definir las diferentes entidades que pueden ser usadas en cualquier campo de direcciones. Define el formato de la dirección así como las relaciones entre regiones con países y ciudades y de las ciudades con regiones ó países. Los países son definidos solamente a nivel de sistema.|Y
188|es_PE|0|0|Y|2006-11-10 00:02:24|100|2006-11-10 00:14:54|100|Mensaje de Error|Desplegar mensajes de error|Esta ventana despliega todos los mensajes de error generados. Es solamente para el uso del administrador del sistema. Los registros deben ser borrados manualmente.|Y
261|es_PE|0|0|Y|2006-11-10 00:02:24|100|2006-11-10 00:14:54|100|Búsqueda de Atributo|Búsqueda Comun de Atributos |Los atributos son específicas cualidades del producto (ej. tamaño para las T-Camisas: S, m, l). Si usted tiene cualidades múltiples y desea buscar bajo atributo común, usted define un atributo de la búsqueda. Ejemplo: que tenga una cualidad de la búsqueda del tamaño el combinar de los valores de todos los diversos tamaños (tamaño para la camisa de vestido XL, l, m, s, xs). La búsqueda de los atributos permite que usted tenga todos los valores disponibles para la selección. Esto facilita el mantenimiento de los atributos de producto individual.|Y
262|es_PE|0|0|Y|2006-11-10 00:02:24|100|2006-11-10 00:14:54|100|Factura de Gastos (Alfa)|Pagos de facturas de gastos - Esta es una funcionalidad Alfa|Incorpore las facturas del costo de sus proveedores|Y
263|es_PE|0|0|Y|2006-11-10 00:02:24|100|2006-11-10 00:14:54|100|Imprimir Etiqueta|Imprimir formato de etiqueta.|Mantener formato para imprimir etiquetas.|Y
265|es_PE|0|0|Y|2006-11-10 00:02:24|100|2006-11-10 00:14:54|100|Tipo de Proyecto|Mantener el tipo de proyecto y fase|Mantiene los tipos del proyecto y sus fases con la información estándar del funcionamiento|Y
267|es_PE|0|0|Y|2006-11-10 00:02:24|100|2006-11-10 00:14:54|100|Importar Inventario|Importar transacciones de inventario|Validar e Importar transacciones de Inventario|Y
268|es_PE|0|0|Y|2006-11-10 00:02:24|100|2006-11-10 00:14:54|100|Acceso a Roles|Mantener el acceso a roles|Mantener los datos de acceso a roles para Roles/Responsabilidades|Y
269|es_PE|0|0|Y|2006-11-10 00:02:24|100|2006-11-10 00:14:54|100|Anuncio|Anuncio Web|Mantenga los anuncios en el Web|Y
270|es_PE|0|0|Y|2006-11-10 00:02:24|100|2006-11-10 00:14:54|100|Histórico de Cambios|Histórico de cambios por fecha|Histórico de cambios por fecha|Y
271|es_PE|0|0|Y|2006-11-10 00:02:24|100|2006-11-10 00:14:54|100|Tipo de Costo|Mantener tipos de costos|Mantiene diferentes tipos de costos|Y
272|es_PE|0|0|Y|2006-11-10 00:02:24|100|2006-11-10 00:14:54|100|Tipo de Hora|Mantenga el tipo de grabación del tiempo|Mantega diversos tipos de hora para los reportes|Y
275|es_PE|0|0|Y|2006-11-10 00:02:24|100|2006-11-10 00:14:54|100|Programa de Pagos de Facturas|Mantener el Programa de Pagos de Facturas|Mantenga el programa de pagos de facturas sin pagar|Y
389|es_PE|0|0|Y|2006-12-12 01:35:31|0|2006-12-12 01:35:31|0|LDAP Server|LDAP Server to authenticate and authorize external systems based on Adempiere|"The LDAP Server allows third party software (e.g. Apache) to use the users defined in the system to authentificate and authorize them.  There is only one server per Adempiere system.  The ""o"" is the Client key and the optional ""ou"" is the Interest Area key."|N
276|es_PE|0|0|Y|2006-11-10 00:02:24|100|2006-11-10 00:14:54|100|Alerta|Alterta Adempiere|Las alarmas de Adempiere le permiten definen condiciones de sistema que usted desea ser alertado|Y
277|es_PE|0|0|Y|2006-11-10 00:02:24|100|2006-11-10 00:14:54|100|Importar Estado de Cuentas|Importar Estado de Cuentas||Y
379|es_PE|0|0|Y|2006-11-10 00:02:24|100|2006-11-10 00:02:24|100|Media Item|Maintain Web Media|Maintain Content Management Media|N
381|es_PE|0|0|Y|2006-11-10 00:02:24|100|2006-11-10 00:02:24|100|Entity Type|Maintain System Entity Type|"The entity type determines the ownership of Application Dictionary entries.  The types ""Dictionary"" and ""Adempiere"" should not be used and are maintainted by Adempiere (i.e. all changes are reversed during migration to the current definition)."|N
184|es_PE|0|0|Y|2006-11-10 00:02:24|100|2006-11-10 00:14:54|100|Recibo de Material|Despachos de Proveedor (Recibos)|La ventana permite definir el recibo de un producto ó material desde un proveedor. El despacho puede ser entrado manualmente ó puede ser generado desde una orden de compra ó factura de proveedor.|Y
185|es_PE|0|0|Y|2006-11-10 00:02:24|100|2006-11-10 00:14:54|100|Definición de EDI|Mantener Definición de EDI|Define los parámetros a ser usados cuando se procesan transacciones EDI (Intercambio Electrónico de Datos).|Y
187|es_PE|0|0|Y|2006-11-10 00:02:24|100|2006-11-10 00:14:54|100|Formas|Formas especiales|La ventana de formas define cualquier ventana que no es generada automáticamente. Esta ventana es para uso del administrador del sistema.|Y
169|es_PE|0|0|Y|2006-11-10 00:02:24|100|2006-11-10 00:14:54|100|Entregas (Cliente)|Entrega de Inventario a Clientes|Define las entregas hechos ó por hacer a un cliente. Las entregas son generadas desde una orden de un cliente. Los documentos de entrega generarán la factura del cliente.|Y
207|es_PE|0|0|Y|2006-11-10 00:02:24|100|2006-11-10 00:14:54|100|Comisión|Mantener Comisiones|La ventana permite definir como y cuando se quiere calcular las comisiones y a quien pagarlas. Se pueden pagar múltiples comisiones para la misma orden ó factura (ej. a la persona que entra la transacción; a la persona responsable por la venta del producto (categoría))|Y
257|es_PE|0|0|Y|2006-11-10 00:02:24|100|2006-11-10 00:14:54|100|Lote|Lote definido para producto.|Mantenga la porcion individual de un producto.|Y
258|es_PE|0|0|Y|2006-11-10 00:02:24|100|2006-11-10 00:14:54|100|Lote Control|Control de la porcion del producto.|Definición para crear los números de porción para los productos.|Y
1000000|es_PE|0|0|Y|2007-05-16 15:53:26|100|2007-05-16 15:53:48|100|Grupos de Documentos|Mantiene una lista de Grupos de Documentos||Y
1000002|es_PE|0|0|Y|2007-09-05 18:29:06|100|2007-09-10 12:41:11|100|Rubros Contables|||N
151|es_PE|0|0|Y|2006-11-10 00:02:24|100|2006-11-10 00:14:54|100|Elemento|Mantener elementos de campos|Esta ventana es el repositorio central de descripciones de nombres de campos y de comentarios y textos de ayuda.|N
50006|es_PE|0|0|Y|2007-10-25 12:29:09|100|2007-10-25 12:29:09|100|System Configurator|||N
1000009|es_PE|0|0|Y|2007-11-08 16:03:04|100|2007-11-08 16:03:04|100|Cash Flow|||N
279|es_PE|0|0|Y|2006-11-10 00:02:24|100|2010-01-05 12:14:42.865|100|Importar Factura|Importar Facturas|Importar Facturas|Y
1000016|es_PE|0|0|Y|2009-03-23 21:17:29|100|2009-04-08 19:12:36.734|100|Orden de Taller|||N
1000015|es_PE|0|0|Y|2009-03-23 17:31:49|100|2009-04-12 21:25:04.015|100|Tipo de mantenimiento|||N
118|es_PE|0|0|Y|2006-11-10 00:02:24|100|2009-12-04 14:21:38.707|100|Plan Contable Empresarial|Mantener Elementos Contables|La ventana de elementos contables es usada para definir y mantener los elementos contables y los elementos definidos por el usuario. Uno de los segmentos contables es el segmento correspondiente al plan de cuentas (COA). Es posible adicionar otros elementos con fines de Informe para segmentos definidos por el usuario.|Y
1000008|es_PE|0|0|Y|2007-11-08 14:38:47|100|2010-09-04 23:17:48.837|100|Terminal de PDC|||Y
327|es_PE|0|0|Y|2006-11-10 00:02:24|100|2009-12-15 10:51:26.232|100|Contador de Documentos|Mantenga los tipos contar documento|"Al usar los documentos explícitos para la inter-org transacción (después de ligar a un socio de negocio a una organización), usted puede determinar qué tipo del documento se basa el documento contrario en el tipo del documento de la transacción original. Ejemplo: un ""Orden Estándar"" crea un ""OC Estándar"". Si usted define una relación aquí, usted sobreescribe el documento del contador por default dentro de la definición del tipo de documento. Esto permite que usted defina traz específico. Si no ha definido, se utiliza el primer tipo del documento que empareja (ej. factura de CXC - primer tipo del documento de la factura del CXP)"|Y
331|es_PE|0|0|Y|2006-11-10 00:02:24|100|2009-12-21 16:45:51.009|100|Tipo de Devolución de Material|Tipo autorización para devoluciones de material|Mantenimiento a tipos de ADM (RMA)|Y
1000006|es_PE|0|0|Y|2007-09-28 12:16:35|100|2010-05-31 11:42:33.646|100|Categoría de Flujo de Caja|Categoría de Flujo de Caja||N
1000005|es_PE|0|0|Y|2007-09-20 14:54:31|100|2010-08-17 18:45:17.098|100|Procesador Flujo de Efectivo|Maintain Cash Flow Processor and Logs|Cash Flow Processor/Server Parameters and Logs|N
320|es_PE|0|0|Y|2006-11-10 00:02:24|100|2009-12-21 16:46:44.574|100|Devolución de Material|Manajador de autorización para devoluciones de material|Una autorización de devolución de material puede ser requerida para crear notas de crédito.|Y
315|es_PE|0|0|Y|2006-11-10 00:02:24|100|2009-12-21 16:57:28.563|100|Solicitud de Cotización|Mantenimiento a Solicitudes para Cotización|la solicitud de cotización a ser enviada a los proveedores con un asunto de SPC. Después de la selección del proveedor, cree la orden de venta ó cotización opcionalmente para el cliente así como la orden de compra para los proveedores.|Y
324|es_PE|0|0|Y|2006-11-10 00:02:24|100|2009-12-21 16:58:08.269|100|Respuesta de Solicitud de Cotización|Mantenimiento a SPC (RfQ) Respuestas||Y
314|es_PE|0|0|Y|2006-11-10 00:02:24|100|2009-12-21 17:02:33.526|100|Asunto de Solicitud de Cotización|Mantenimiento al asunto SPC (RfQ) y los subscriptores|Un asunto de solicitud para cotización, permite que usted mantenga una lista del suscriptor de proveedores potenciales para responder a la SPC (RfQ)|Y
1000022|es_PE|0|0|Y|2009-12-29 11:38:16|100|2009-12-29 11:56:43.335|100|Grupo de Productos|Mantiene Grupo de Productos|Los grupos de productos le permite definir diferentes grupos de productos. Estos grupos pueden ser antialérgico, antibacteriano, etc|N
1000023|es_PE|0|0|Y|2009-12-29 12:04:10|100|2009-12-29 12:14:12.96|100|Genérico de un Producto|Mantiene el Nombre Genérico de un Producto|El Genérico de un Producto le permite definir diferentes nombres genericos para los productos. Estos genéricos son productos asociados, por ejemplo, ácido acetilsalicílico ---> Aspirina|Y
1000027|es_PE|0|0|Y|2010-01-19 15:03:20|100|2010-01-19 15:08:51.316|100|Importar Letra de Cambio|Importar Letra de Cambio|Importar Letra de Cambio|Y
195|es_PE|0|0|Y|2006-11-10 00:02:24|100|2010-03-19 14:31:39.186|100|Movimiento Bancario|Procesar Movimiento|Esta ventana permite entrar pagos que han sido recibido por pago de facturas. Si el pago es por una sola factura entonces éste pago puede ser procesado en esta ventana. Si se trata de múltiples facturas ó es un pago parcial; entonces el pago debe ser procesado en la ventana `Asignación de Pagos`|Y
1000028|es_PE|0|0|Y|2010-03-29 10:26:45|100|2010-03-29 12:13:23.204|100|Libro Contable|Mantenimiento de Libro Contable||N
1000020|es_PE|0|0|Y|2009-12-14 16:03:02|100|2010-03-29 14:39:09.967|100|Letra de Cambio (Cliente)|Ingreso de las Letrs de Cambio Para Clientes|La Ventana Letra de cambio para Clientes le permitirá ingresar las letras de cambio de los divrsos clientes. Las Letras de cambio solo son generadas desde Facturas de Clinte.|Y
1000030|es_PE|0|0|Y|2010-07-20 09:24:20|100|2010-07-20 09:24:35.242|100|Letra de Cambio (Proveedor)|Customer Bill Of Exchange Entry|The Customer Bill Of Exchange Window allows you to display and enter  Bill Of Exchange for a customer.   Bill Of Exchange can also be generated from Invoices.|N
1000011|es_PE|0|0|Y|2008-02-25 18:09:26|100|2010-07-27 18:07:33.719|100|Importar Lista de Precios|Importar Lista de Precios|""|N
337|es_PE|0|0|Y|2006-11-10 00:02:24|100|2010-08-02 17:28:46.138|100|Esquema de Lista de Precios|Manteminiento al esquema de lista de precios|Esquema de lista de precios define las reglas de calculo para la lista de precios|Y
1000033|es_PE|0|0|Y|2010-08-06 11:46:37|100|2010-08-06 11:47:35.881|100|Cupón|Cupón||N
1000034|es_PE|0|0|Y|2010-08-17 10:13:45|100|2010-08-17 11:19:11.855|100|Retenciones|Retenciones||N
312|es_PE|0|0|Y|2006-11-10 00:02:24|100|2010-08-17 18:36:42.061|100|Procesador Alertas|Mantenimiento al procesador de Alertas/ Parámetro y registros del servidor|Procesador de Alertas / Parametros del servidor |Y
203|es_PE|0|0|Y|2006-11-10 00:02:24|100|2010-08-17 18:43:21.021|100|Procesador Solicitudes|Definir Procesador de Solicitudes|Permite definir diferentes procesos que se desea que ocurran y la frecuencia y programación de estos procesos.|Y
1000031|es_PE|0|0|Y|2010-07-20 20:04:00|100|2010-08-21 16:36:59.141|100|Planilla Bco / Letra|||N
1000021|es_PE|0|0|Y|2009-12-29 10:54:50|100|2010-10-05 11:13:07.753|100|Tipo de Producto|Mantiene Tipos de Productos|El tipo de producto le permite definir diferentes grupos de productos como medicamentos, cosmeticos, etc.|Y
1000024|es_PE|0|0|Y|2009-12-29 13:57:30|100|2010-10-05 11:33:55.879|100|Linea de Producto|Mantiene Linea de Producto|Permite definir diferentes marcas de productos. |Y
291|es_PE|0|0|Y|2006-11-10 00:02:24|100|2010-10-07 11:16:49.452|100|Info del Socio de Negocio|Documento de informacion para socio de negocio.||Y
1000038|es_PE|0|0|Y|2010-11-26 16:54:33|100|2010-11-26 16:57:28.982|100|Importar Lote|Importar Lote||Y
1000035|es_PE|0|0|Y|2010-08-17 10:32:56|100|2010-11-27 11:51:12.904|100|SPOT|SPOT||Y
1000045|es_PE|0|0|Y|2012-06-26 00:00:00|100|2012-06-26 00:00:00|100|Carding|||N
1000048|es_PE|0|0|Y|2016-03-18 13:56:27|100|2016-03-18 13:56:27|100|Stock Picker|||N
1000050|es_PE|0|0|Y|2016-07-21 05:17:24|100|2016-07-21 05:17:24|100|Rules|||N
1000051|es_PE|0|0|Y|2016-08-09 07:03:07|100|2016-08-09 07:03:07|100|Material Processor|||N
1000052|es_PE|0|0|Y|2016-08-09 11:30:27|100|2016-08-09 11:30:27|100|Material Policy|||N
1000053|es_PE|0|0|Y|2016-08-11 16:11:18|100|2016-08-11 16:11:18|100|Storage Element|||N
1000054|es_PE|0|0|Y|2016-10-18 12:25:34|100|2016-10-18 12:25:34|100|Carding2|||N
1000055|es_PE|0|0|Y|2016-12-06 14:53:37|100|2016-12-06 14:53:37|100|Machine Server|||N
1000056|es_PE|0|0|Y|2017-05-04 22:09:07|100|2017-05-04 22:09:07|100|Stock Taking|Stock Taking|Stock Taking|N
1000057|es_PE|0|0|Y|2017-12-22 22:59:43|0|2017-12-22 22:59:43|0|Laboratorio|||N
1000058|es_PE|0|0|Y|2017-12-22 22:59:48|0|2017-12-22 22:59:48|0|Cuotas|||N
